timestamp,pitch,roll,yaw,heading,longitude,latitude,voltage,temperature,questNo,setPoint,currentSpeed
2025-07-14T21:38:59.993,-0.95,-0.58,-0.82,318.68,32.8546,39.9108,11.98,16.9,1,0.92,0.49
2025-07-14T21:39:00.006,0.18,0.34,0.16,253.35,32.8716,39.9466,12.46,27.4,5,0.02,0.31
2025-07-14T21:39:00.977,-0.21,-0.52,0.78,312.6,32.8996,39.9292,12.65,21.5,4,0.28,0.47
2025-07-14T21:39:01.984,-0.33,0.37,0.6,140.46,32.8547,39.9455,12.26,21.1,2,0.16,0.92
2025-07-14T21:39:02.978,-0.18,0.81,0.67,207.61,32.8788,39.9308,11.61,21.3,4,0.59,0.04
2025-07-14T21:39:03.973,0.43,-0.11,-0.92,77.69,32.8939,39.9322,12.68,19.6,2,0.41,0.1
2025-07-14T21:39:04.975,0.11,-0.06,-0.4,84.07,32.8505,39.9092,12.54,24.4,3,0.78,0.03
2025-07-14T21:39:05.976,-0.33,0.83,-0.25,356.91,32.8575,39.9285,12.37,23.6,1,0.1,0.01
2025-07-14T21:39:06.977,-0.92,0.36,0.44,295.63,32.871,39.9014,12.8,21.4,2,0.35,0.67
2025-07-14T21:39:07.979,-0.65,-0.17,0.15,239.35,32.856,39.9324,11.82,16.3,2,0.87,0.74
2025-07-14T21:39:08.979,0.88,-0.2,-0.33,359.43,32.8554,39.9289,12.58,18.4,1,0.71,0.06
2025-07-14T21:39:09.978,0.86,0.39,0.88,328.97,32.8515,39.9206,12.07,26.2,1,0.86,0.8
2025-07-14T21:39:10.980,-0.24,0.99,0.04,46.25,32.8975,39.9132,11.76,27,3,0.99,0.02
2025-07-14T21:39:11.981,0.65,0.16,-0.42,0.04,32.8989,39.9027,12.24,15.9,5,0.44,0.14
2025-07-14T21:39:12.983,-0.71,-0.19,0.38,317.72,32.8832,39.9184,12,24.2,5,0.33,0.87
2025-07-14T21:39:13.984,0.61,0.24,0.44,103.28,32.8834,39.93,12.7,29.4,2,0.59,0.62
2025-07-14T21:39:14.985,0.2,-0.09,0.23,190.04,32.8741,39.9027,12.79,26.7,4,0.44,0.28
2025-07-14T21:39:15.986,0.47,0.22,0.31,30.96,32.855,39.9126,11.96,28.2,1,0.11,0.28
2025-07-14T21:39:16.986,0.48,0.21,-0.87,180.48,32.8649,39.9498,12.52,19.8,1,0.83,0.86
2025-07-14T21:39:17.988,0.63,0.87,-0.02,252.66,32.8656,39.9413,11.79,22.6,2,0.98,0.13
2025-07-14T21:39:18.989,0.8,0.66,0.99,105,32.8975,39.9331,12.11,27.4,3,0.13,0.45
2025-07-14T21:39:19.989,0.63,-0.17,0.26,216.63,32.8712,39.9428,11.7,28.9,2,0.92,0.94
2025-07-14T21:39:20.990,0.85,0.77,0.83,135.9,32.8507,39.9348,11.75,19,4,0.22,0.99
2025-07-14T21:39:21.991,-0.31,-0.45,0.05,130.5,32.8767,39.9441,12.59,17.1,1,0.96,0.3
2025-07-14T21:39:22.991,-0.12,0.24,-0.29,219.96,32.8562,39.9155,12.31,16.5,3,0.56,0.9
2025-07-14T21:39:23.992,-0.04,-0.4,-0.01,269.54,32.8975,39.9471,12.11,29.9,4,0.66,0.72
2025-07-14T21:39:24.993,0.44,0.1,-0.88,235.61,32.8999,39.9011,12.56,27.2,3,0.7,0.19
2025-07-14T21:39:25.996,0.87,0.93,-0.73,143.53,32.8893,39.9136,11.94,26.3,5,0.04,0.04
2025-07-14T21:39:26.997,0.23,0.66,0.81,135.46,32.8561,39.9385,12.11,16.8,1,0.95,0.51
2025-07-14T21:39:27.999,0.78,-0.58,0.71,322.38,32.8769,39.9133,12.77,20.5,1,0.12,0.81
2025-07-14T21:39:29.000,-0.5,-0.55,-0.26,309.74,32.8609,39.9139,12.19,19.9,2,0.27,0.33
2025-07-14T21:39:30.001,0.74,-0.95,0.31,217.28,32.8673,39.9123,11.78,21.1,5,0.84,0.94
2025-07-14T21:39:31.002,0.2,-0.47,0.41,234.83,32.8743,39.9091,12.21,26.9,4,0.32,1
2025-07-14T21:39:32.003,-0.04,0.46,0.83,283.74,32.8756,39.9464,11.66,29.9,1,0.58,0.94
2025-07-14T21:39:33.003,-0.78,-0.82,-0.36,260.39,32.8857,39.9328,12.25,25.6,3,0.12,0.49
2025-07-14T21:39:34.004,0.32,0.99,0.07,21.79,32.8551,39.9403,12.68,18.2,2,0.69,0.36
2025-07-14T21:39:35.004,0.12,-0.67,0.67,194.43,32.8937,39.9083,12.1,24.2,2,0.27,0.62
2025-07-14T21:39:36.006,-0.36,0.18,-0.09,94.45,32.8637,39.9074,12.53,17.9,5,0.31,0.11
2025-07-14T21:39:37.006,-0.37,-0.64,-0.02,214.8,32.8851,39.9058,11.72,15.9,2,0.54,0.84
2025-07-14T21:39:38.008,0.02,0.3,0.93,168.91,32.895,39.9222,11.98,21.5,4,0.98,0.86
2025-07-14T21:39:39.009,0.09,-0.73,-0.11,61.51,32.8987,39.9473,12.34,27.8,3,0.89,0.4
2025-07-14T21:39:40.010,-0.52,-0.79,-0.98,197.22,32.8699,39.9088,12.75,15.5,5,0.75,0.18
2025-07-14T21:39:41.011,0,0.76,0.42,114.9,32.8542,39.9159,12.31,26.2,2,0.91,0.82
2025-07-14T21:39:42.011,-0.49,-0.83,0.67,104.84,32.8703,39.9055,12.34,28.5,4,0.54,0.44
2025-07-14T21:39:43.012,0.68,0.7,0.18,70,32.8586,39.9497,12.46,26.1,1,0.23,0.37
2025-07-14T21:39:44.014,-0.75,0.89,0.06,49.22,32.8862,39.9043,12.12,29.2,3,0.68,0.32
2025-07-14T21:39:45.015,-0.07,-0.87,-0.6,34.66,32.8962,39.938,11.8,29.2,2,0.65,0.91
2025-07-14T21:39:46.016,0,0.28,-0.2,57.02,32.8913,39.9172,11.67,18.3,4,0.91,0.83
2025-07-14T21:39:47.016,-0.21,-0.53,-0.07,316.98,32.8551,39.9095,12.73,24.9,1,0.66,0.93
2025-07-14T21:39:48.018,0.37,-0.99,0.18,141.98,32.8797,39.9436,12.39,23,1,0.87,0.95
2025-07-14T21:39:49.019,0.57,0.2,-0.67,355.17,32.8615,39.9287,11.77,15.8,5,0.55,0.27
2025-07-14T21:39:50.019,0,0.47,0.19,159.85,32.881,39.9317,12.78,28.2,5,0.3,0.53
2025-07-14T21:39:51.021,-0.61,-0.27,0.66,305.66,32.8859,39.9135,12.74,20.5,3,0.03,0.65
2025-07-14T21:39:52.021,-0.91,0.16,0.44,98.47,32.8792,39.9339,12.24,28.8,1,0.6,0.29
2025-07-14T21:39:53.023,-0.41,0.93,0.08,341.7,32.8723,39.9025,12.7,19.5,3,0.85,0.89
2025-07-14T21:39:54.024,0.84,-0.64,-0.51,164.8,32.8686,39.9111,12.14,17,3,0.89,0.81
2025-07-14T21:39:55.024,-0.25,0.47,-0.89,115.22,32.8642,39.941,12.2,27.4,2,0.17,0.3
2025-07-14T21:39:56.026,-0.3,0.23,-0.34,173.32,32.8805,39.9321,12.78,28.6,3,0.87,0.33
2025-07-14T21:39:57.027,-0.07,0.8,-0.77,318.36,32.858,39.9295,12.72,27.6,3,0.23,0.78
2025-07-14T21:39:58.028,0.69,-0.14,-0.78,325.58,32.8944,39.9289,12.47,29.8,2,0.36,0.21
2025-07-14T21:39:59.029,-0.71,0.31,-0.27,339.36,32.8766,39.9063,12.62,22.4,5,0.29,0.93
2025-07-14T21:40:00.030,-0.89,-0.92,0.93,145.62,32.8714,39.931,12.02,22.6,1,0.46,0.47
2025-07-14T21:40:01.030,-0.52,0.44,-0.35,346.51,32.8894,39.9294,11.56,28.5,1,0.82,0.86
2025-07-14T21:40:02.030,-0.91,0.09,-0.75,31.8,32.8602,39.936,11.78,15.7,2,0.97,0.65
2025-07-14T21:40:03.031,-0.4,-0.29,-0.15,327.94,32.8612,39.9408,12.02,19.9,3,0.13,0.06
2025-07-14T21:40:04.032,-0.03,0.76,-0.85,227.85,32.883,39.9337,12.09,18.1,1,0.52,0.33
2025-07-14T21:40:05.033,-0.6,-0.36,-0.3,351.56,32.8557,39.9025,12.29,15.5,4,0.54,0.55
2025-07-14T21:40:06.034,-0.36,0.89,0.72,25.99,32.8906,39.9428,12.08,24.5,3,0.82,0.84
2025-07-14T21:40:07.034,0.37,0.49,0.19,81.98,32.8956,39.9172,12.36,17.7,1,0.85,0.66
2025-07-14T21:40:08.035,0.48,0.86,0.36,22.27,32.8877,39.9092,11.92,18.6,4,0.58,0.69
2025-07-14T21:40:09.037,0.62,0.22,0.58,30.73,32.8701,39.9261,12.14,23.3,1,0.8,0.56
2025-07-14T21:40:10.038,0.55,0.18,-0.25,52.69,32.8724,39.9353,11.85,29.2,2,0.39,0.1
2025-07-14T21:40:11.039,-0.33,0.8,-0.18,172.45,32.8522,39.9215,11.9,16,4,0.89,0.5
2025-07-14T21:40:12.039,0.04,-0.38,0.08,195.79,32.8988,39.9447,12.58,20.7,1,0.91,0.03
2025-07-14T21:40:13.040,-0.46,-0.14,-0.91,155.68,32.8685,39.9482,12.26,20.2,5,0.17,0.35
2025-07-14T21:40:14.042,-0.57,-0.22,0.66,206.3,32.88,39.9495,12.64,21.2,1,0.64,0.58
2025-07-14T21:40:15.043,0.18,0.12,0.16,358.21,32.8853,39.9226,12.69,23.3,1,0.63,0.11
2025-07-14T21:40:16.045,0.88,0.17,0.63,94.84,32.8643,39.9372,11.67,26.3,3,0.28,0.4
2025-07-14T21:40:17.045,-0.38,0.79,-0.45,138.03,32.8571,39.9255,12.39,22.7,5,0.81,0.19
2025-07-14T21:40:18.046,-0.42,-0.09,-0.25,351.32,32.8734,39.9073,12.77,20.1,4,0.16,0.87
2025-07-14T21:40:19.047,-0.09,0.01,0.71,122.52,32.8903,39.917,11.87,18.7,4,0.97,0.49
2025-07-14T21:40:20.048,0.97,0.52,-0.42,295.29,32.8742,39.9091,12.04,15,3,0.62,0.01
2025-07-14T21:40:21.050,-0.48,-0.25,0.12,129.17,32.8846,39.9232,11.78,26.1,2,0.72,0.12
2025-07-14T21:40:22.051,0.65,0.89,0.14,268.08,32.8882,39.9254,12.62,27.8,5,0.5,0.83
2025-07-14T21:40:23.053,-0.43,1,0.51,321.61,32.8545,39.9344,11.51,21.5,4,0.83,0.69
2025-07-14T21:40:24.054,0.76,-0.96,-0.64,143.71,32.891,39.9098,11.94,26,5,0.61,0.23
2025-07-14T21:40:25.055,0.02,0.07,0.28,218.9,32.8623,39.9419,12.77,21.7,3,0.96,0.95
2025-07-14T21:40:26.056,0.57,-0.79,0.41,357.97,32.8964,39.9037,12.21,24.2,4,0.19,0.86
2025-07-14T21:40:27.057,-0.84,0.18,0.75,121.03,32.8736,39.9282,11.65,25.2,4,0.74,0.65
2025-07-14T21:40:28.058,-0.81,0.43,-0.42,97.2,32.86,39.9134,11.69,26,4,0.37,0.04
2025-07-14T21:40:29.059,-0.97,0.66,0.88,170.74,32.899,39.9183,12.61,19.7,2,0.2,0.18
2025-07-14T21:40:30.061,0.51,0.34,-0.81,139.32,32.8841,39.9009,12.17,15.9,4,0.57,0.4
2025-07-14T21:40:31.062,-0.71,0.31,0.29,179.22,32.8564,39.9325,12.18,23.9,5,0.16,0.18
2025-07-14T21:40:32.064,-0.01,-0.81,-0.89,20.68,32.8552,39.9085,11.82,27.2,4,0.71,0.52
2025-07-14T21:40:33.063,-0.8,0.96,-0.82,347.93,32.8953,39.9005,12.63,26.5,2,0.34,0.08
2025-07-14T21:40:34.064,-0.35,-0.49,-0.22,88.4,32.8659,39.9434,12.54,22.1,2,0.65,0.42
2025-07-14T21:40:35.065,0.34,-0.7,-0.81,257.19,32.8575,39.9487,11.9,19.7,1,0.85,0.09
2025-07-14T21:40:36.066,0.46,-0.94,0.51,195.57,32.8911,39.9021,12.79,26.9,2,0.29,0.12
2025-07-14T21:40:37.067,-0.37,0.51,-0.69,113.12,32.8721,39.9217,11.78,21.2,4,0.04,0.3
2025-07-14T21:40:38.070,0.28,-1,-0.25,120.49,32.8606,39.9376,12.29,15.2,3,0.61,0.48
2025-07-14T21:40:39.069,-0.57,-0.59,-0.42,204.61,32.8548,39.9234,12.06,17.2,2,0.7,0.28
2025-07-14T21:40:40.070,-0.63,-0.65,0.22,356.6,32.8729,39.9147,12.63,16.8,2,0.87,0.27
2025-07-14T21:40:41.070,-0.24,-0.28,-0.93,322.85,32.8799,39.9363,12.29,20.4,2,0.26,0.43
2025-07-14T21:40:42.071,0.98,-0.04,0.3,323.34,32.8986,39.9345,12.07,21,4,0.2,0.44
2025-07-14T21:40:43.072,-0.79,0.96,-0.05,78.6,32.8526,39.9109,12.72,23.8,4,0.82,0.64
2025-07-14T21:40:44.073,-0.27,-0.65,-0.78,252.88,32.8991,39.9193,12.35,22.5,2,0.76,0.36
2025-07-14T21:40:45.074,0.56,-0.14,0.2,69.86,32.8578,39.9402,12.79,22.4,3,0.03,0.33
2025-07-14T21:40:46.075,-0.2,-0.39,0.93,101.79,32.8759,39.9248,12.72,30,2,0.75,0.42
2025-07-14T21:40:47.077,0.18,-0.39,-0.28,272.34,32.8726,39.9116,12.51,16.1,4,0.7,0.68
2025-07-14T21:40:48.078,0.22,-0.54,0.65,310.86,32.8856,39.9478,11.77,21.7,2,0.15,0.17
2025-07-14T21:40:49.078,-0.04,-0.45,-0.1,226.93,32.8975,39.912,12.05,26.7,1,0.33,0.43
2025-07-14T21:40:50.078,0.61,0.63,0.68,209.09,32.8796,39.9169,11.8,18.4,3,0.73,0.43
2025-07-14T21:40:51.080,-0.94,-0.3,-0.5,45.18,32.8737,39.9491,12.73,20.3,5,0.55,0.05
2025-07-14T21:40:52.081,0.79,-0.13,0.22,107.67,32.8762,39.9101,11.51,17.1,2,0.91,0.81
2025-07-14T21:40:53.082,0.22,-0.96,-0.76,106.95,32.8739,39.9111,11.88,28.9,5,0.59,0.8
2025-07-14T21:40:54.082,0.01,0.24,-0.49,267.27,32.8964,39.9365,11.72,28.6,2,0.42,0.3
2025-07-14T21:40:55.084,0.31,0.05,-0.49,123.65,32.8748,39.913,12.06,17.9,5,0.68,0.76
2025-07-14T21:40:56.084,0.23,-0.36,-0.67,164.92,32.8991,39.9215,11.62,16,4,0.25,0.86
2025-07-14T21:40:57.084,0.6,-0.52,-0.68,143,32.8872,39.9202,12.13,28,3,0.27,0.43
2025-07-14T21:40:58.085,-1,0.94,0.82,180.72,32.8783,39.9234,11.71,27.9,2,0.46,0.84
2025-07-14T21:40:59.087,-0.18,0.54,-0.45,265.34,32.8939,39.9024,11.89,23.2,4,0.36,0.89
2025-07-14T21:41:00.088,0.17,0.84,-0.44,166.36,32.8517,39.9224,11.53,30,4,0.99,0.22
2025-07-14T21:41:01.088,-0.03,-1,0.5,70.8,32.8553,39.9437,11.65,23.9,2,0,0.66
2025-07-14T21:41:02.090,0.73,0.5,-0.26,160.64,32.8848,39.9011,12.52,26.4,3,0.2,0.15
2025-07-14T21:41:03.090,-0.14,0.77,0.24,342.82,32.8518,39.9306,12.25,19.1,4,0.42,0.54
2025-07-14T21:41:04.092,0.94,0.97,0.44,21.86,32.8588,39.9466,12.69,20.8,1,0.35,0.59
2025-07-14T21:41:05.093,0.84,0.02,0.35,197.87,32.8614,39.9392,12.18,18.4,2,0.1,0.18
2025-07-14T21:41:06.094,0.39,0.99,0.17,251.1,32.8992,39.9478,12.75,28.6,3,0.87,0.78
2025-07-14T21:41:07.095,0.43,0.96,0.9,11.68,32.8547,39.9341,12.2,23.6,5,0.09,0.67
2025-07-14T21:41:08.096,0.99,0.46,-0.08,35.29,32.8851,39.9184,12.36,26.9,3,0.97,0.9
2025-07-14T21:41:09.097,0.71,-0.88,0.57,105.68,32.8667,39.9149,12.44,28.9,1,0.59,0.58
2025-07-14T21:41:10.098,-0.97,-0.56,-0.25,245.47,32.8907,39.9264,12.65,18.6,2,0.71,0.61
2025-07-14T21:41:11.099,-0.83,0.99,0.92,259.99,32.8821,39.9354,11.58,28.4,2,0.82,0.26
2025-07-14T21:41:12.099,0.31,-0.85,0.75,252.93,32.8506,39.9232,11.85,24.2,1,0.53,1
2025-07-14T21:41:13.100,0.36,0.53,0.85,158.05,32.8625,39.9184,12.78,17.2,4,0.41,0.58
2025-07-14T21:41:14.100,-0.5,0.26,-0.47,200.77,32.8589,39.9092,11.6,26.6,1,0.3,0.32
2025-07-14T21:41:15.101,-0.85,-0.53,0.24,183.52,32.8832,39.9295,12.6,17.5,3,0.77,0.88
2025-07-14T21:41:16.102,-0.74,0.93,0.51,51.61,32.8635,39.9031,12.41,16.5,4,0.81,0.7
2025-07-14T21:41:17.102,-0.52,-0.16,0.03,154.73,32.8645,39.9475,12.06,23.9,3,0.55,0.24
2025-07-14T21:41:18.103,0.61,-0.69,-0.12,4.07,32.8931,39.9416,11.55,18.6,2,0.33,0.77
2025-07-14T21:41:19.104,0.81,0.43,0.99,281.23,32.8942,39.9413,11.86,19,2,0.42,0.97
2025-07-14T21:41:20.104,0.99,-0.05,0.93,39.2,32.8598,39.9215,12.7,16.2,4,0.49,0.23
2025-07-14T21:41:21.106,-0.02,0.32,-0.23,8.36,32.8885,39.9417,12.23,19.8,1,0.26,0.94
2025-07-14T21:41:22.106,-0.06,-0.86,0.78,149.88,32.8812,39.9429,12.46,19.5,4,0.49,0.93
2025-07-14T21:41:23.107,-0.67,0.87,0.81,187.86,32.8802,39.9293,12.71,17.3,5,0.59,0.93
2025-07-14T21:41:24.107,0.3,0.71,-0.11,194.69,32.8768,39.9194,11.74,20.5,3,0.06,0.18
2025-07-14T21:41:25.107,-0.01,0.18,0.8,111.69,32.8784,39.9013,12.45,29.5,1,1,0.88
2025-07-14T21:41:26.108,0.92,-0.74,-0.07,12.72,32.8698,39.9278,11.85,19.9,5,0.88,0.73
2025-07-14T21:41:27.109,-0.71,0.38,0.28,164.14,32.8952,39.9329,11.89,16.2,3,0.92,0.9
2025-07-14T21:41:28.109,-0.58,-0.41,-0.31,356.93,32.8829,39.9005,11.71,27.9,3,0.09,0.23
2025-07-14T21:41:29.110,0.74,0.03,0.9,355.82,32.8512,39.9322,12.75,18.8,1,0.92,0.37
2025-07-14T21:41:30.111,0.25,0.89,-0.9,230.71,32.8732,39.9125,12.12,16.6,2,0.19,0.63
2025-07-14T21:41:31.113,-0.13,0.99,-0.33,10.14,32.8578,39.9238,12.05,22,3,0.02,0.76
2025-07-14T21:41:32.115,-0.19,-0.5,0.16,54.46,32.8633,39.9341,12.21,27.4,1,0.43,0.09
2025-07-14T21:41:33.115,0.83,-0.46,0.02,299.89,32.8675,39.9045,11.89,27.1,5,0.43,0.93
2025-07-14T21:41:34.115,0.58,-0.53,0.4,151.57,32.8717,39.9421,12.46,25.1,1,0.69,0.2
2025-07-14T21:41:35.118,-0.93,0.57,-0.68,162.64,32.881,39.9358,12.59,26.6,1,0.04,0.45
2025-07-14T21:41:36.116,-0.13,-0.56,-0.22,175.66,32.8679,39.9208,12.31,27.2,5,0.93,0.9
2025-07-14T21:41:37.119,0.01,0.75,-0.24,138.81,32.8503,39.9413,11.55,24.2,2,0.05,0.54
2025-07-14T21:41:38.120,0.5,-1,0.35,162.93,32.8782,39.9325,11.8,25.3,3,0.81,0.33
2025-07-14T21:41:39.121,0.84,0.2,0.61,106.38,32.8515,39.9173,12.51,18.2,4,0.98,0.04
2025-07-14T21:41:40.123,-0.37,-0.71,-0.12,269.18,32.8892,39.9098,12.3,26.5,1,0.65,0.01
2025-07-14T21:41:41.123,-0.01,-0.95,-0.7,25.96,32.8515,39.944,12.68,25,5,0.7,0.3
2025-07-14T21:41:42.123,-0.66,0.05,0.25,101.08,32.8579,39.9488,11.94,25.4,5,0.74,0.91
2025-07-14T21:41:43.126,0.62,-0.94,-0.61,210.5,32.8639,39.9307,11.69,21.8,2,0.35,0.01
2025-07-14T21:41:44.127,-0.34,-0.05,0.35,353.35,32.8759,39.9052,12.68,16.6,5,0.44,0.62
2025-07-14T21:41:45.127,0.87,0.16,-0.09,120.32,32.8835,39.9362,12.7,22.6,5,0.42,0.81
2025-07-14T21:41:46.127,-0.54,0.98,-0.47,105.51,32.8937,39.9085,11.63,25.3,1,0.37,0.55
2025-07-14T21:41:47.129,-0.62,-0.82,0.1,329.71,32.8694,39.9339,12.4,28.1,1,0.16,0.26
2025-07-14T21:41:48.131,0.15,0.41,0.31,65.07,32.8654,39.9084,12.69,15.8,1,0.27,0.22
2025-07-14T21:41:49.132,0.85,-0.01,-0.06,166.23,32.8954,39.9417,12.67,21.2,5,0.9,0.74
2025-07-14T21:41:50.132,0.23,-0.53,-0.52,124.17,32.8797,39.9247,12.38,25.9,1,0.71,0.33
2025-07-14T21:41:51.133,0.31,0.53,-0.14,180.88,32.8965,39.9454,12.57,20.4,4,0.43,0.6
2025-07-14T21:41:52.134,0.23,0.72,-0.18,92.4,32.8929,39.9127,12.43,23.1,3,0.39,0.36
2025-07-14T21:41:53.135,0.19,0.24,-0.07,41.04,32.8877,39.913,11.79,29.9,3,0.03,0.05
2025-07-14T21:41:54.136,0.68,0.88,-0.78,61.97,32.8753,39.9181,12.49,24.4,4,0.54,0.74
2025-07-14T21:41:55.137,-0.54,-0.17,-0.41,346.32,32.896,39.9283,11.89,26.5,4,0.94,0.18
2025-07-14T21:41:56.138,0.06,0.41,0.95,280.59,32.897,39.9027,11.72,18.2,3,0.56,0.91
2025-07-14T21:41:57.141,-0.01,0.26,-0.28,146.84,32.87,39.9072,12.13,30,3,0.13,0.79
2025-07-14T21:41:58.141,-0.07,-0.19,-0.37,294.78,32.8974,39.9449,11.56,29.8,5,0.76,0.63
2025-07-14T21:41:59.142,-0.93,0.18,-0.52,20.25,32.8837,39.9383,12.2,19.4,5,0.16,0.34
2025-07-14T21:42:00.143,0.21,-0.37,0.02,181.32,32.8948,39.927,12.76,21.5,1,0.44,0.59
2025-07-14T21:42:01.146,0.08,-0.51,-0.62,143.16,32.8638,39.9275,11.94,28.3,4,0.29,0.09
2025-07-14T21:42:02.146,-0.05,-0.82,0.01,350.45,32.8694,39.9285,12.65,17.3,1,0.42,0.58
2025-07-14T21:42:03.147,0.76,-0.15,0.42,335.07,32.8942,39.9399,12.51,19.9,5,0.95,0.74
2025-07-14T21:42:04.148,-0.8,0.67,0.19,274.86,32.8837,39.9325,11.95,19.1,3,0.44,0.88
2025-07-14T21:42:05.148,0,-0.2,-0.32,315.68,32.8968,39.9461,12.45,19.4,1,0.6,0
2025-07-14T21:42:06.149,-0.06,-0.38,-0.58,259.72,32.8737,39.9268,12.14,24.5,2,0.09,0.67
2025-07-14T21:42:07.151,0.81,-0.83,-0.44,152.64,32.8643,39.9451,12.21,27.6,2,0.13,0.53
2025-07-14T21:42:08.152,-0.36,0.14,0.96,336.64,32.8745,39.9252,12.16,24.7,3,0.01,0.84
2025-07-14T21:42:09.153,-0.36,0.31,-0.75,265,32.8998,39.9182,12.54,15.6,1,0.72,0.45
2025-07-14T21:42:10.157,-0.64,0.75,0.42,348.33,32.8796,39.9098,11.88,25.2,3,0.42,0.86
2025-07-14T21:42:11.155,0.17,0.61,-0.32,37.33,32.8945,39.922,12.79,24.3,1,0.11,0.86
2025-07-14T21:42:12.157,-0.11,-0.56,0.6,357.6,32.8807,39.922,11.86,18.3,1,0.33,0.99
2025-07-14T21:42:13.156,-0.39,-0.13,0.68,104.34,32.8578,39.9158,11.55,20.5,2,0.43,0.62
2025-07-14T21:42:14.158,0.98,0.48,0.97,188.37,32.8896,39.9246,12.35,16.7,2,0.64,0.9
2025-07-14T21:42:15.159,-0.19,-0.13,0.94,44.94,32.8799,39.9442,11.62,29.4,3,0.5,0.21
2025-07-14T21:42:16.158,-0.79,0.58,0.36,341.57,32.8797,39.9197,12.45,27.1,3,0.96,0.6
2025-07-14T21:42:17.161,-0.79,-0.89,-0.78,207.45,32.857,39.9008,12.39,23.4,4,1,0.07
2025-07-14T21:42:18.161,0.23,-0.68,-0.68,214.11,32.8759,39.9201,11.85,19.3,1,0.3,0.3
2025-07-14T21:42:19.162,-0.18,-0.25,0.71,245.99,32.8761,39.9299,11.6,22.5,1,0.22,0.04
2025-07-14T21:42:20.162,-0.65,0.84,-0.72,284.93,32.8538,39.9019,12.38,19.6,2,0.7,0.54
2025-07-14T21:42:21.164,-0.6,-0.66,0.92,223.77,32.8759,39.9453,12.12,17.4,4,0.1,0.24
2025-07-14T21:42:22.165,-0.52,0.45,-0.47,292.74,32.8931,39.9294,11.65,29.7,5,0.38,0.84
2025-07-14T21:42:23.165,-0.97,0.44,0.07,136.32,32.8629,39.9466,11.55,20.2,5,0.15,0.23
2025-07-14T21:42:24.167,0.88,0.22,0.01,10.24,32.8777,39.9232,12.58,25.4,5,0.32,0.82
2025-07-14T21:42:25.168,0.75,0,-0.7,130.38,32.8922,39.9326,12.38,22.7,3,0.77,0.16
2025-07-14T21:42:26.168,0.38,0.91,-0.06,247.54,32.8786,39.9212,12.65,26.8,5,0.43,0.82
2025-07-14T21:42:27.170,0.91,-0.92,0.03,333.67,32.8951,39.9442,12.13,24.1,1,0.28,0.4
2025-07-14T21:42:28.171,0.35,-0.73,0.22,136.18,32.8894,39.9238,11.57,30,1,0.86,0.26
2025-07-14T21:42:29.172,0.3,0.39,0.33,214.23,32.8931,39.9097,12.67,22.8,3,0.03,0.2
2025-07-14T21:42:30.173,-0.52,-0.49,0.57,198.15,32.8761,39.9028,11.8,23.8,4,0.53,0.02
2025-07-14T21:42:31.175,-0.86,-0.96,0.43,329.02,32.8571,39.9238,12.54,17.5,3,0.19,0.64
2025-07-14T21:42:32.176,0.46,0.56,0.36,191.12,32.8948,39.9352,12.08,22.7,3,0.94,0.97
2025-07-14T21:42:33.177,-0.25,-0.25,0.09,250.91,32.8544,39.9491,12.77,17.7,4,0.18,0.34
2025-07-14T21:42:34.179,0.93,0,0.11,182.81,32.8737,39.904,12.61,23.4,1,0.14,0.72
2025-07-14T21:42:35.179,0.93,-0.1,-0.19,45.79,32.8525,39.9083,12.67,25.6,1,0.55,0.1
2025-07-14T21:42:36.180,0.24,-0.14,0.57,145.46,32.8938,39.9095,12.75,15.5,4,0.57,0.1
2025-07-14T21:42:37.182,-0.47,-0.94,-0.59,293.56,32.8847,39.9059,12.25,19,5,0.39,0.24
2025-07-14T21:42:38.182,0.25,0.7,0.66,287.87,32.8743,39.9381,12.22,16.9,5,0.45,0.31
2025-07-14T21:42:39.183,-0.63,-0.79,-0.47,43.86,32.8647,39.9429,11.73,25.4,1,0.31,0.54
2025-07-14T21:42:40.184,-0.96,-0.05,0.58,319.23,32.873,39.9306,12.73,27.7,3,0.31,0.08
2025-07-14T21:42:41.184,0.52,-0.29,0.11,76.95,32.8618,39.9121,12.27,26.9,1,0.87,0.05
2025-07-14T21:42:42.185,-0.49,-0.3,0.36,99.99,32.8596,39.9317,12.32,21.4,1,0,0.25
2025-07-14T21:42:43.186,0.89,0.43,0.98,310.34,32.8522,39.9083,11.74,28.7,5,0.59,0.12
2025-07-14T21:42:44.187,0.78,0.97,0.08,339.76,32.8624,39.929,11.9,18.6,3,0.44,0.82
2025-07-14T21:42:45.189,0.72,0.46,0.81,225.11,32.8979,39.9384,12.68,29.1,4,0.53,0.29
2025-07-14T21:42:46.189,0.75,-0.35,0.33,139.06,32.8837,39.9474,11.98,20,3,0.8,0.94
2025-07-14T21:42:47.190,-0.16,-0.04,-0.23,270.59,32.8733,39.9313,11.66,20.4,1,0.83,0.12
2025-07-14T21:42:48.190,0.53,-0.33,-0.39,241.8,32.8511,39.9272,11.67,19.1,5,0.48,0.18
2025-07-14T21:42:49.191,-0.58,0.46,-0.12,228.08,32.851,39.9236,11.6,16.7,1,0.66,0.87
2025-07-14T21:42:50.192,0.23,0.04,0.69,38.76,32.8617,39.9135,12.78,22.8,4,0.69,0.71
2025-07-14T21:42:51.194,-0.62,0.18,-0.92,231.04,32.8601,39.9483,11.71,17.4,3,0.52,0.08
2025-07-14T21:42:52.195,-0.12,-0.22,0.03,55.53,32.8872,39.9377,12.6,22.8,1,0.3,0.78
2025-07-14T21:42:53.195,0.11,0.88,-0.24,278.9,32.8569,39.9176,11.73,28.2,4,0.86,0.07
2025-07-14T21:42:54.196,0.63,-0.48,-0.26,282.84,32.8659,39.9133,12.67,19.5,1,0.7,0.4
2025-07-14T21:42:55.198,-0.9,-0.93,0.18,314.59,32.8971,39.9113,12.66,16.8,2,0.74,0.09
2025-07-14T21:42:56.197,0.87,-0.46,-0.07,142.84,32.8514,39.9077,12.77,23.3,4,0.84,0.59
2025-07-14T21:42:57.201,0.44,-0.63,0.6,200.04,32.8742,39.9447,11.8,21.5,1,0.56,0.27
2025-07-14T21:42:58.200,-0.55,0.05,-0.85,279.66,32.88,39.9451,12.52,21.8,5,0.67,0.96
2025-07-14T21:42:59.200,0.92,-0.46,-0.83,134.65,32.8867,39.9072,11.72,26,5,0.92,0.79
2025-07-14T21:43:00.201,-0.12,-0.2,-0.69,224.65,32.8773,39.9027,11.55,22.2,3,0.19,0.76
2025-07-14T21:43:01.202,-0.81,-0.11,0.23,298.85,32.852,39.9428,12.62,28.1,2,0.88,0.04
2025-07-14T21:43:02.205,-0.45,-0.73,-0.36,170.12,32.8928,39.9032,11.82,28.9,1,0.13,0.96
2025-07-14T21:43:03.206,0.7,-0.68,0.89,116.04,32.8635,39.901,12.76,28.4,4,0.97,0.17
2025-07-14T21:43:04.204,0.09,0.54,0.45,327.41,32.8936,39.9089,12.03,25.7,5,0.67,0.94
2025-07-14T21:43:05.205,0.61,-0.34,-0.63,332.58,32.8576,39.9466,11.52,24.4,5,0.73,0.5
2025-07-14T21:43:06.208,-0.23,-0.56,1,18.91,32.891,39.9003,12.35,30,5,0.65,0.91
2025-07-14T21:43:07.210,0.92,-0.18,0.59,38.51,32.8528,39.911,11.87,25,4,0.86,0.49
2025-07-14T21:43:08.212,0.7,-0.78,-0.99,357.25,32.8709,39.9471,12.71,16,5,0.41,0.84
2025-07-14T21:43:09.212,0.81,0.3,-0.49,233.47,32.8555,39.9046,11.74,27.2,2,0.57,0.27
2025-07-14T21:43:10.215,-0.43,0.07,0.32,152.85,32.8676,39.9207,11.99,19.1,3,0.17,0.43
2025-07-14T21:43:11.215,0.33,0.3,-0.26,47.14,32.8921,39.9211,12.72,25.5,1,0.09,0.22
2025-07-14T21:43:12.215,-0.09,-0.43,-0.14,117.85,32.8905,39.9009,11.73,17.9,3,0.66,0.03
2025-07-14T21:43:13.217,0.9,-0.4,-0.45,289.24,32.8858,39.928,11.88,18.7,1,0.28,0.43
2025-07-14T21:43:14.217,-0.64,-0.19,0.49,219.37,32.8807,39.928,12.33,30,3,0.38,0.82
2025-07-14T21:43:15.220,-0.46,0.93,-0.4,81.5,32.8565,39.9057,12.33,18.9,5,0.1,0.32
2025-07-14T21:43:16.219,-0.49,0.02,-0.02,56.44,32.8756,39.9361,12.04,29.7,3,0.07,0.24
2025-07-14T21:43:17.221,-0.36,0.46,-0.17,136.9,32.8588,39.9379,12.46,28,1,0.3,0.78
2025-07-14T21:43:18.221,0.72,0.33,-0.18,18.25,32.8565,39.9193,12.38,16.4,3,0.44,0.69
2025-07-14T21:43:19.221,0.31,-0.79,-0.82,348.85,32.8935,39.949,11.81,22.7,2,0.54,0.35
2025-07-14T21:43:20.222,-0.29,-0.58,-0.01,121.17,32.8503,39.9084,12.61,20.6,4,0.23,0.88
2025-07-14T21:43:21.224,0.01,0.16,0.59,293.78,32.879,39.9254,11.55,28.3,4,0.27,0.33
2025-07-14T21:43:22.226,-0.76,-0.99,-0.31,119.88,32.8759,39.9482,11.7,20.7,1,0.37,0.37
2025-07-14T21:43:23.227,-0.71,0.32,-0.56,326.8,32.8936,39.9094,12.34,27.1,4,0.92,0.21
2025-07-14T21:43:24.230,0.55,-0.94,0.61,109.28,32.8942,39.9205,12.23,19.9,4,0.18,0.18
2025-07-14T21:43:25.229,0.86,0.23,-0.07,96.98,32.898,39.9133,11.61,29.5,2,0.58,0.73
2025-07-14T21:43:26.229,-0.88,-0.79,0.71,354.33,32.8974,39.9452,12.43,24.4,5,0.52,0.89
2025-07-14T21:43:27.231,-0.8,0.9,0.97,178.21,32.8999,39.9119,12.58,15.4,5,0.75,0.47
2025-07-14T21:43:28.233,0.16,0.64,-0.06,171.59,32.8644,39.9478,11.89,21.6,2,0.08,0.98
2025-07-14T21:43:29.235,-0.2,0.69,-0.14,145.12,32.8982,39.9274,12.22,29,4,0.99,0.4
2025-07-14T21:43:30.234,-0.86,0.43,-0.34,88.13,32.8774,39.91,11.52,29.6,1,0.86,0.31
2025-07-14T21:43:31.236,0.86,-0.8,0.93,352.98,32.8816,39.9102,12.48,20,3,0.81,0.54
2025-07-14T21:43:32.236,-0.53,0.57,-0.61,263.01,32.8997,39.9121,12.12,22,3,0.09,0.48
2025-07-14T21:43:33.237,-0.89,0.21,-0.7,258.56,32.8863,39.9391,11.63,25.6,3,0.49,0.39
2025-07-14T21:43:34.239,-0.05,0.98,0.31,342.78,32.8866,39.9105,11.88,26.5,3,0.62,0.83
2025-07-14T21:43:35.238,-0.82,-0.05,0.43,218.36,32.8622,39.9429,12.68,18.9,3,0.42,0.99
2025-07-14T21:43:36.239,-0.86,0.42,-0.35,107.71,32.8551,39.9111,12.51,20.6,3,0.85,0.24
2025-07-14T21:43:37.241,-0.45,-0.31,0.94,172.38,32.853,39.9402,11.76,26.1,3,0.06,0.01
2025-07-14T21:43:38.241,0.88,0.77,-0.45,58.07,32.8591,39.9477,12.49,21.4,4,0.26,0.84
2025-07-14T21:43:39.241,-0.86,0.99,0.02,278.97,32.8717,39.914,11.67,24.1,2,0.16,0.78
2025-07-14T21:43:40.243,0.84,0.21,-0.42,56.58,32.8512,39.9344,12.19,28.8,5,0.26,0.74
2025-07-14T21:43:41.243,-0.76,0.3,0.9,237.88,32.8867,39.9295,12.3,28.1,5,0.81,0.75
2025-07-14T21:43:42.246,-0.68,0.91,-0.85,49.95,32.8589,39.9285,12.59,28.2,3,0.65,0.98
2025-07-14T21:43:43.246,0.56,0.53,0.29,150.09,32.8733,39.91,11.76,15.3,4,0.49,0.38
2025-07-14T21:43:44.246,-0.52,0.69,-0.49,267.5,32.8969,39.921,12.09,25.2,3,0.67,0.69
2025-07-14T21:43:45.248,0.96,0.73,-0.3,296.34,32.8941,39.909,11.74,19.4,4,0.54,0.29
2025-07-14T21:43:46.248,0.45,0.19,-0.92,162.58,32.8642,39.9279,12.43,26.1,2,0.06,0.43
2025-07-14T21:43:47.249,-0.47,0,-0.38,79.58,32.8975,39.9373,12.59,16.5,1,0.93,0.22
2025-07-14T21:43:48.250,0.07,0.42,0.96,327.19,32.8695,39.9335,12.62,24.4,5,0.49,0.5
2025-07-14T21:43:49.252,0.97,-0.71,-0.21,212,32.8941,39.9091,12.78,27.3,1,0.91,0.61
2025-07-14T21:43:50.253,-0.8,0.82,-0.42,359.92,32.8968,39.9137,11.96,25.8,4,0.73,0.09
2025-07-14T21:43:51.254,-0.01,-0.78,0.8,97.4,32.8956,39.9309,11.89,25.4,2,0.07,0.89
2025-07-14T21:43:52.254,-0.02,0.02,0.82,302.17,32.8701,39.9339,11.65,28.9,3,0.64,0.61
2025-07-14T21:43:53.255,0.1,0.07,-0.7,277.71,32.8525,39.9396,12.18,28.5,5,0.62,0.36
2025-07-14T21:43:54.256,0.27,0.36,0.7,124.17,32.8994,39.9327,11.7,22.8,1,0.49,0.77
2025-07-14T21:43:55.258,-0.38,-0.45,0.79,291.91,32.8701,39.9272,12.69,20.3,2,0.03,0.87
2025-07-14T21:43:56.260,-0.86,-0.73,0.77,175.91,32.8597,39.9276,12.63,16.1,1,0.74,0.49
2025-07-14T21:43:57.260,-0.58,0.86,-0.29,107.45,32.8914,39.9191,12.45,21.8,1,0.34,0.2
2025-07-14T21:43:58.263,0.17,-0.78,-0.18,124.56,32.8771,39.9014,12.74,21.3,5,0.44,0.23
2025-07-14T21:43:59.263,0.33,-0.28,-0.91,153.4,32.8921,39.9197,11.69,29.6,4,0.13,0.08
2025-07-14T21:44:00.265,0.71,0.59,-0.55,327.61,32.8763,39.9097,12.48,23,1,0.75,0.48
2025-07-14T21:44:01.265,-0.02,0.54,-0.09,129.87,32.8842,39.9233,11.74,29.4,1,0.35,0.3
2025-07-14T21:44:02.267,-0.31,-0.18,0.59,192.6,32.872,39.9217,12.72,22.6,5,0.42,0.9
2025-07-14T21:44:03.268,0.85,-0.29,0.53,224.6,32.8815,39.9108,12.03,16.3,2,0.23,0.17
2025-07-14T21:44:04.269,-0.09,-0.68,0.12,60.85,32.8866,39.9316,12.44,18.9,4,0.59,0.28
2025-07-14T21:44:05.271,-0.3,-0.81,0.3,295.47,32.8884,39.9204,11.59,23.8,5,0.01,0.6
2025-07-14T21:44:06.272,0.39,-0.05,0.34,214.9,32.8881,39.9444,11.56,26.6,1,0.2,0.72
2025-07-14T21:44:07.272,0.32,0.96,-0.62,139.52,32.8816,39.9257,12.36,26.2,5,0.59,0.56
2025-07-14T21:44:08.274,-0.1,-0.25,-0.34,210.62,32.8633,39.9107,11.77,27.7,3,0.07,0.76
2025-07-14T21:44:09.275,-0.64,-0.28,-0.31,262.54,32.8607,39.9048,11.69,17.9,3,0.63,0.46
2025-07-14T21:44:10.277,-0.51,0.87,0.22,249.57,32.8547,39.9218,12.79,19.3,2,0.44,0.32
2025-07-14T21:44:11.278,0.89,-0.18,0.37,333.28,32.8708,39.9456,12.08,27.3,3,0.45,0.2
2025-07-14T21:44:12.279,0.88,-0.77,-0.89,281.38,32.8526,39.9449,11.98,15.7,5,0.81,1
2025-07-14T21:44:13.280,-0.92,-0.9,0.7,112.98,32.8815,39.9098,12.24,24.9,5,0.79,0.92
2025-07-14T21:44:14.281,0.56,-0.47,-0.85,207.32,32.8727,39.9301,11.78,26.2,2,0.02,0.19
2025-07-14T21:44:15.282,-0.34,-0.36,0.48,152.12,32.861,39.9444,11.78,19.3,2,0.73,0.42
2025-07-14T21:44:16.283,-0.15,0.48,0.12,176.05,32.8941,39.9171,11.89,29.4,5,0.94,0.77
2025-07-14T21:44:17.283,0.76,-0.19,0.76,119.62,32.8608,39.9144,12.21,23.2,2,0.07,0.39
2025-07-14T21:44:18.285,-0.23,0.05,0.38,125.88,32.8798,39.9111,12.13,15.9,4,0.87,0.6
2025-07-14T21:44:19.286,-0.49,-0.59,0.51,87.18,32.8704,39.9472,11.97,28.9,1,0.33,0.57
2025-07-14T21:44:20.287,0.73,0.08,0.75,188.46,32.8684,39.9121,11.84,20.9,2,0.7,0.96
2025-07-14T21:44:21.288,0.36,-0.47,-0.14,28.91,32.8764,39.9348,12.26,15.5,2,0.17,0.31
2025-07-14T21:44:22.289,0.44,0.84,0.57,150.36,32.8611,39.9058,12.2,18,3,0.29,0.06
2025-07-14T21:44:23.291,0.92,0.96,-0.58,215.37,32.8713,39.9368,12.32,24.5,2,0.62,0.98
2025-07-14T21:44:24.292,0.33,-0.12,0.59,278.58,32.8878,39.9073,11.65,25.2,1,0.15,0.12
2025-07-14T21:44:25.293,0.59,-0.23,-0.97,127.53,32.8736,39.939,12.11,22.8,5,0.93,0.5
2025-07-14T21:44:26.294,0.55,0.51,-0.64,89.41,32.8738,39.9127,11.8,25.7,4,0.7,0.12
2025-07-14T21:44:27.295,0,-0.33,-0.75,65.51,32.8791,39.9237,12.65,24.4,1,0.62,0.24
2025-07-14T21:44:28.296,0.2,-0.4,-0.32,46.2,32.8933,39.9073,12.36,23.9,4,0.96,0.52
2025-07-14T21:44:29.297,0.09,0.56,0.72,334.04,32.8925,39.9359,11.95,22.9,5,0.19,0.45
2025-07-14T21:44:30.298,0.02,0.36,-0.96,180.47,32.8841,39.9188,12.41,27.8,2,0.19,0.82
2025-07-14T21:44:31.299,-0.51,-0.98,0.13,11.02,32.8684,39.9345,11.53,18.8,2,0.98,0.17
2025-07-14T21:44:32.302,0.55,0.87,-0.94,61.97,32.8691,39.9205,12.78,28.4,3,0.33,0.17
2025-07-14T21:44:33.302,-0.87,-0.51,0.93,108.56,32.8662,39.9157,12.51,29.1,2,0.22,0.38
2025-07-14T21:44:34.303,0,0.47,0.24,211.68,32.862,39.9062,11.74,24.1,1,0.22,0.82
2025-07-14T21:44:35.305,0.73,-0.31,-0.49,52.6,32.8682,39.9322,12.69,28.9,5,0.05,0.3
2025-07-14T21:44:36.306,-0.72,-0.2,0.99,262.76,32.8718,39.9209,12.2,16.4,3,0.09,0.12
2025-07-14T21:44:37.307,-0.86,-0.27,-0.7,8.54,32.8836,39.9276,11.61,18.1,4,0.45,0.87
2025-07-14T21:44:38.309,-0.8,0.49,0.23,170.79,32.8547,39.9234,12.78,21.5,5,0.31,0.02
2025-07-14T21:44:39.309,0.21,-0.32,0.8,221.87,32.8788,39.9118,12.05,24.7,2,0.67,0.46
2025-07-14T21:44:40.310,0.73,0.33,-0.78,349.84,32.8912,39.9053,12.21,25,5,0.21,0.31
2025-07-14T21:44:41.311,0.83,-0.98,0.3,95,32.8667,39.927,11.6,24.3,3,0.27,0.25
2025-07-14T21:44:42.312,0.33,0.95,-0.77,127.68,32.8783,39.9057,11.57,28.8,3,0.56,0.39
2025-07-14T21:44:43.313,0.7,0.69,-0.55,279.51,32.8908,39.9041,11.94,29.6,2,0.95,0.26
2025-07-14T21:44:44.314,-0.84,0.55,0.08,146.69,32.887,39.9193,11.63,25,5,0.73,0.36
2025-07-14T21:44:45.315,-0.31,0.16,-0.1,327,32.8568,39.9371,12.1,28.2,3,0.05,0.51
2025-07-14T21:44:46.316,0.87,0.94,-0.98,293.86,32.8545,39.9033,11.84,19.7,4,0.87,0.94
2025-07-14T21:44:47.317,-0.47,-0.62,-0.05,271.78,32.8806,39.9478,11.83,26.7,2,0.44,0.94
2025-07-14T21:44:48.318,-0.7,0.66,-0.94,110.2,32.8638,39.9394,11.86,27,5,0.8,0.4
2025-07-14T21:44:49.319,-0.8,-0.52,-0.29,182.68,32.8616,39.917,11.71,26.5,1,0.72,0.46
2025-07-14T21:44:50.320,-0.96,-0.57,0.06,156.82,32.8525,39.9218,11.64,24.2,5,0.92,0.25
2025-07-14T21:44:51.322,-0.98,0.68,0.16,72.51,32.8726,39.9315,11.85,22.1,3,0.55,0.24
2025-07-14T21:44:52.323,-0.36,-0.34,-0.06,140.75,32.8604,39.9297,12.45,25.3,5,0.9,0.82
2025-07-14T21:44:53.324,-0.43,0.86,0.26,123.01,32.8685,39.9232,12.43,29.7,4,0.77,0.01
2025-07-14T21:44:54.325,0.34,0.04,-0.83,247.61,32.8879,39.9107,11.59,22.5,1,0.1,0.92
2025-07-14T21:44:55.326,0.42,-0.4,0.73,148.8,32.8991,39.9417,12.63,17.3,2,0.18,0.49
2025-07-14T21:44:56.328,0.71,0.99,0.41,245.47,32.8767,39.9466,12.67,29.1,2,0.37,0.92
2025-07-14T21:44:57.329,-0.93,0.33,0.46,98.18,32.8895,39.9171,11.56,26.1,1,0.32,0.16
2025-07-14T21:44:58.330,0.06,0.71,0.88,72.95,32.8961,39.9363,12.29,22.5,3,0.8,0.6
2025-07-14T21:44:59.330,-0.71,0.51,0.79,195.85,32.8695,39.9369,12.33,18.6,5,0.56,0.22
2025-07-14T21:45:00.332,-0.17,-0.58,0.34,82.26,32.8961,39.9151,11.61,20.3,1,0.58,0.45
2025-07-14T21:45:01.334,-0.05,0.09,-0.9,233.17,32.8662,39.946,12.31,24.8,4,0.45,0.7
2025-07-14T21:45:02.335,0.83,0.95,0.39,11.32,32.8976,39.92,12.62,28.1,3,0.15,0.12
2025-07-14T21:45:03.337,0.42,0.18,-0.29,238.29,32.8903,39.9142,11.96,29.8,1,0.48,0.75
2025-07-14T21:45:04.339,-0.34,0.45,-0.13,198.39,32.8714,39.9432,12.17,27.3,1,0.32,0.91
2025-07-14T21:45:05.339,0.69,-0.2,-0.73,30.54,32.8695,39.9123,11.56,26.3,3,0.43,0.74
2025-07-14T21:45:06.341,-0.91,-0.7,-0.53,203.23,32.8909,39.9312,12.22,24,3,0.2,0.27
2025-07-14T21:45:07.341,0.62,-0.02,-0.11,45.03,32.8892,39.9415,11.7,21.6,3,0.97,0.65
2025-07-14T21:45:08.341,0.15,-0.54,-0.23,83.13,32.8939,39.9283,11.78,25.4,4,0.63,0.52
2025-07-14T21:45:09.342,0.44,0.45,0.34,111.35,32.8606,39.92,12.6,23.4,4,0.03,0.39
2025-07-14T21:45:10.342,-0.24,-0.21,0.64,350.73,32.8798,39.9263,12.34,23.6,3,0.12,0.72
2025-07-14T21:45:11.343,-0.8,-0.83,-0.04,160.79,32.8861,39.9189,11.82,20.7,1,0.26,0.01
2025-07-14T21:45:12.346,-0.7,-0.68,0.69,102.87,32.882,39.9414,12.49,27.8,2,0.57,0.41
2025-07-14T21:45:13.347,-0.93,0.26,0.52,246.17,32.8833,39.9462,12.69,28.6,2,0.27,0.25
2025-07-14T21:45:14.347,0.09,-0.61,-0.37,342.41,32.8838,39.9432,12.79,20.6,4,0.94,0.17
2025-07-14T21:45:15.348,-0.05,-0.31,0.9,307.49,32.8747,39.9069,11.52,20.4,5,0.64,0.89
2025-07-14T21:45:16.349,0.65,0.8,0.49,59.44,32.8503,39.9132,12.75,18.5,1,0.41,0.31
2025-07-14T21:45:17.350,-0.43,-0.67,-0.08,110.41,32.8603,39.9182,12.35,21.6,4,0.63,0.14
2025-07-14T21:45:18.352,-0.39,0.09,-0.04,127.9,32.8682,39.917,11.68,18.5,1,0.92,0.81
2025-07-14T21:45:19.352,0.74,-0.12,-0.23,15.05,32.866,39.904,12.57,29.9,2,0.66,0.45
2025-07-14T21:45:20.355,0.34,-0.65,0.51,310.12,32.8769,39.9044,11.76,16.8,1,0.31,0.4
2025-07-14T21:45:21.355,0.18,-0.46,0.29,105.81,32.8954,39.9378,11.51,26.7,2,0.54,0.87
2025-07-14T21:45:22.356,0.09,-0.32,-0.69,223.36,32.8961,39.9022,11.67,16.6,4,0.07,0.42
2025-07-14T21:45:23.357,-0.3,0.92,0.47,254.6,32.8567,39.9021,12.3,15.6,3,0.99,0.73
2025-07-14T21:45:24.359,0.89,0.06,0.25,127.82,32.8614,39.9293,12.67,16.4,1,0.29,0.01
2025-07-14T21:45:25.361,0.09,-0.63,-0.26,0.64,32.8715,39.9188,11.81,28.2,3,0.86,0.37
2025-07-14T21:45:26.361,0.88,0.58,-0.9,354.85,32.8828,39.9326,11.62,21.3,5,0.96,0.15
2025-07-14T21:45:27.362,-0.11,-0.81,-0.1,290.47,32.8769,39.9061,12.15,29.5,1,0.54,0.99
2025-07-14T21:45:28.363,0.55,-0.86,0.02,52.96,32.8636,39.9221,12.61,17.8,2,0.01,0.93
2025-07-14T21:45:29.365,0.85,-0.15,-0.02,277.63,32.8594,39.9007,11.91,28.8,4,0.49,0.01
2025-07-14T21:45:30.366,0.83,0.89,-0.26,83.17,32.8923,39.9005,12.37,21.6,2,0.43,0.64
2025-07-14T21:45:31.368,-0.47,0.92,-0.77,264.61,32.8989,39.939,12.17,22.1,2,0.95,0.02
2025-07-14T21:45:32.368,0.53,0.64,0.66,14.6,32.8961,39.9042,12.65,20.9,3,0.09,0.7
2025-07-14T21:45:33.369,-0.19,-0.15,0.08,5.76,32.8762,39.9343,12.3,29.9,5,0.32,0.53
2025-07-14T21:45:34.372,-0.5,-0.19,0.2,134.96,32.8688,39.9347,12.24,24.4,1,0.29,0.81
2025-07-14T21:45:35.372,-0.59,0.75,-0.04,211.57,32.8863,39.9399,12.06,22.4,5,0.4,0.84
2025-07-14T21:45:36.372,0.67,0.34,0.83,226.54,32.8609,39.9141,11.62,16.8,4,0.37,0.1
2025-07-14T21:45:37.373,-0.59,-0.84,-0.64,235.04,32.8644,39.9276,12.09,20.9,4,0.85,0.4
2025-07-14T21:45:38.373,0.64,0.83,0.17,267.84,32.8983,39.9395,12.53,20.5,5,0.03,0.85
2025-07-14T21:45:39.375,-0.38,0.94,0.53,8.72,32.8712,39.9075,11.55,19.5,1,0.01,0.94
2025-07-14T21:45:40.376,-0.56,0.07,0.91,235.36,32.8947,39.9133,12.27,25.3,1,0.56,0.58
2025-07-14T21:45:41.379,0.24,0.12,-0.1,332.23,32.8531,39.9225,11.82,28.6,3,0.32,0.72
2025-07-14T21:45:42.381,0.52,0.31,-0.67,37.74,32.8638,39.9225,12.1,20.2,4,0.85,0.08
2025-07-14T21:45:43.382,0.37,0.17,0.13,248.73,32.8618,39.9003,12.43,23.7,1,0.06,0.89
2025-07-14T21:45:44.382,0.54,-0.62,0.14,159.47,32.8855,39.9088,11.82,19.2,2,0.43,0.51
2025-07-14T21:45:45.385,-0.29,0.23,0.88,75.19,32.8589,39.9076,12.17,26.1,4,0.41,0.99
2025-07-14T21:45:46.385,-0.06,-0.23,0.49,356.11,32.8974,39.9475,11.57,23.7,2,0.12,0.69
2025-07-14T21:45:47.385,-0.39,-0.05,-0.68,134.73,32.8975,39.9078,11.78,18.2,4,0.45,0.07
2025-07-14T21:45:48.387,0.07,-0.26,-0.67,205.64,32.8753,39.914,12.63,26.3,2,0.43,0.06
2025-07-14T21:45:49.389,-0.95,-0.85,0.07,252.13,32.8705,39.9283,11.84,24.8,1,0.03,0.12
2025-07-14T21:45:50.389,-0.19,0.6,0.94,243.78,32.876,39.9211,11.9,20.6,4,0.4,0.77
2025-07-14T21:45:51.390,0.54,0.05,0.33,137.27,32.8641,39.9098,12.57,20.9,3,0.85,0.36
2025-07-14T21:45:52.391,0.14,0.38,0.87,142.22,32.8946,39.9289,12.03,19.1,4,0.58,0.52
2025-07-14T21:45:53.392,0.87,0.98,-0.66,9.11,32.8965,39.9269,12.45,17.6,4,0.86,0.13
2025-07-14T21:45:54.393,-0.08,-0.5,-0.16,310.91,32.8679,39.901,12.66,16.8,1,0.59,0.72
2025-07-14T21:45:55.395,0.78,-0.11,-0.63,156.4,32.8681,39.9387,12.78,26.5,5,0.61,0.42
2025-07-14T21:45:56.396,-0.17,-0.67,0.97,142.99,32.8597,39.9276,12.16,22.9,2,0.81,0.27
2025-07-14T21:45:57.398,0.69,0.34,-0.19,0.71,32.8813,39.9358,12.18,27.5,3,0.53,0.07
2025-07-14T21:45:58.399,-0.05,-0.46,0.41,166.72,32.8615,39.9317,12.68,15.2,3,0.69,0.83
2025-07-14T21:45:59.400,0.34,0.65,0.67,249.3,32.8948,39.9393,12.19,23.9,1,0.88,0.93
2025-07-14T21:46:00.402,0.58,-0.82,0.81,126.17,32.8799,39.9463,12.8,19.8,3,0.81,0.96
2025-07-14T21:46:01.403,0.71,-0.75,-0.29,212.6,32.8623,39.9223,11.88,20,1,0.44,0.97
2025-07-14T21:46:02.403,0.43,-0.76,-0.93,308.87,32.8546,39.9177,12.42,19.6,3,0.82,0.92
2025-07-14T21:46:03.404,-0.01,-0.09,-0.24,72.38,32.8794,39.9071,11.53,19.2,5,0.16,0.7
2025-07-14T21:46:04.405,0.02,-0.01,-0.52,244.23,32.8695,39.9197,11.57,19,3,0.89,0.7
2025-07-14T21:46:05.407,-0.36,-0.01,0.78,176.34,32.8532,39.9085,11.65,16.9,5,0.23,0.83
2025-07-14T21:46:06.408,-0.15,-0.68,0.86,22.78,32.886,39.9012,12.47,18.1,5,0.09,0.33
2025-07-14T21:46:07.407,-0.9,-0.21,0.42,129.38,32.8779,39.9157,12.22,17.9,1,0.93,0.78
2025-07-14T21:46:08.409,0.11,-0.12,0.64,118.65,32.8735,39.9041,12.35,19.9,5,0.18,0.96
2025-07-14T21:46:09.410,-0.66,0.66,-0.87,259.67,32.8835,39.9231,12.57,28.6,3,0.15,0.68
2025-07-14T21:46:10.413,0.09,-0.34,-0.43,347.4,32.8849,39.912,11.87,27.3,5,0.95,0.92
2025-07-14T21:46:11.412,-0.31,-0.11,0.06,97.24,32.852,39.9302,12.23,29.9,5,0.02,0.35
2025-07-14T21:46:12.414,0.57,0.71,0.58,157.58,32.8706,39.907,12.78,21.6,1,0.62,0.8
2025-07-14T21:46:13.416,0.37,-0.25,-0.21,207.49,32.8599,39.9178,12.05,19.6,3,0.45,0.87
2025-07-14T21:46:14.416,-0.83,-0.98,-0.67,180.9,32.8677,39.9035,12.64,21.1,1,0.16,0.7
2025-07-14T21:46:15.418,-0.42,-0.68,-0.7,161.11,32.8806,39.9141,11.71,18.5,1,0.47,0.23
2025-07-14T21:46:16.418,-0.01,0.56,-0.24,249.85,32.8917,39.9302,12.47,22.7,2,0.87,0.47
2025-07-14T21:46:17.420,-0.84,0.15,-0.76,114.45,32.874,39.939,12.35,19.2,3,0.93,0.86
2025-07-14T21:46:18.420,0.61,0.34,-0.3,192.05,32.8969,39.9452,12.47,29.1,2,0.45,0.74
2025-07-14T21:46:19.422,0.51,0.53,0.66,104.98,32.8897,39.9253,12.53,22,4,0.08,0.18
2025-07-14T21:46:20.423,0.1,0.54,0.54,220.4,32.8987,39.9496,12.2,25.2,5,0.57,0.31
2025-07-14T21:46:21.424,-0.14,-0.57,0.37,272.91,32.8612,39.9441,12.31,24.6,5,0.63,0.38
2025-07-14T21:46:22.424,-0.03,-0.68,-0.94,157.97,32.8967,39.9013,11.95,19,1,0.78,0.11
2025-07-14T21:46:23.424,0.17,-0.22,-0.14,183.03,32.8577,39.9156,12.3,27.2,1,1,0.89
2025-07-14T21:46:24.426,-0.37,-0.7,-0.27,280.45,32.8915,39.9431,12.34,19,1,0.08,0.03
2025-07-14T21:46:25.426,0.34,0.01,-0.94,133.4,32.8889,39.9127,12.66,16.3,4,0.53,0.59
2025-07-14T21:46:26.427,0.08,0.79,-0.78,322.83,32.8601,39.9334,12.66,22.6,4,0.99,0.71
2025-07-14T21:46:27.428,0.45,0.5,0.57,98.79,32.8814,39.914,12.46,23.9,4,0.17,0.12
2025-07-14T21:46:28.429,-0.55,-0.63,-0.4,74.02,32.8976,39.9048,12.11,21.2,5,1,0.31
2025-07-14T21:46:29.431,0.22,0.44,0.71,54.5,32.8733,39.9214,12.62,17.1,1,0.59,0.26
2025-07-14T21:46:30.431,-0.46,-0.07,0.29,183.14,32.8973,39.9417,12.49,21.6,1,0.89,0.42
2025-07-14T21:46:31.433,-0.72,0.44,-0.29,352.36,32.8802,39.9344,12.31,15.7,3,0.82,0.03
2025-07-14T21:46:32.435,-0.84,-0.6,0.08,208.19,32.8573,39.9068,11.7,25.5,3,0.34,0.43
2025-07-14T21:46:33.436,-0.95,0.1,-0.19,244.5,32.8887,39.9399,12.48,25.2,3,0.24,0.96
2025-07-14T21:46:34.437,0.85,-0.06,0.7,37.44,32.8927,39.9302,11.8,27.4,2,0.6,0.04
2025-07-14T21:46:35.436,0.39,0.2,-0.98,59.83,32.8688,39.9145,12.1,15.6,4,0.1,0.56
2025-07-14T21:46:36.437,0.49,-0.25,0.88,150.71,32.8573,39.9008,11.94,20.7,5,0.43,0.16
2025-07-14T21:46:37.437,0.13,-0.28,0.78,298.17,32.8816,39.947,12.05,17.4,3,0.43,0.73
2025-07-14T21:46:38.440,-0.74,0.25,0.03,213.63,32.8714,39.9336,12.76,26.1,4,0.42,0.09
2025-07-14T21:46:39.442,-0.99,0.73,0.7,206.52,32.8653,39.9325,12.26,22.2,5,0.38,0.76
2025-07-14T21:46:40.440,0.12,-0.33,-0.9,20.29,32.8515,39.906,12.59,16.8,5,0.54,0.42
2025-07-14T21:46:41.448,-0.4,0.33,0.48,335.88,32.8763,39.9377,12.32,17.8,3,0.02,0.91
2025-07-14T21:46:42.443,-0.42,-0.04,0.59,107.37,32.8605,39.9071,12.24,28.1,3,0.17,0.94
2025-07-14T21:46:43.444,-0.82,-0.62,0.57,105.01,32.8715,39.9318,11.99,17.4,3,0.44,0.9
2025-07-14T21:46:44.443,-0.24,-0.82,-0.49,358.77,32.8502,39.9312,12.27,17.6,4,0.02,0.45
2025-07-14T21:46:45.446,-0.2,-0.56,-0.84,6.03,32.8645,39.9236,12.39,26.7,5,0.67,0.41
2025-07-14T21:46:46.444,0.84,0.37,0,58.91,32.889,39.9297,12.73,16.3,3,0.8,0.62
2025-07-14T21:46:47.446,0.02,0.28,0.11,92.59,32.8856,39.9057,11.8,18,4,0.79,0.29
2025-07-14T21:46:48.446,0.34,0.17,-0.68,151.52,32.8752,39.9301,11.75,18.1,2,0.21,0.51
2025-07-14T21:46:49.448,1,-0.25,0.61,154.47,32.8904,39.9322,11.73,27.5,4,0.96,0.66
2025-07-14T21:46:50.448,-0.07,-0.22,-0.13,116.46,32.8894,39.924,12.54,24.9,3,0.8,0.2
2025-07-14T21:46:51.450,-0.13,0.35,-0.45,256.1,32.8994,39.9347,11.81,24.3,1,0.02,0.15
2025-07-14T21:46:52.450,0.96,0.71,0.62,217.47,32.8775,39.9407,12.78,16.1,3,0.37,0.82
2025-07-14T21:46:53.451,-0.89,-0.49,0.55,355.11,32.861,39.9178,11.72,26.6,2,0.37,0.76
2025-07-14T21:46:54.451,-0.39,0.69,-0.04,295.94,32.883,39.9037,11.92,20.2,1,0.85,0.19
2025-07-14T21:46:55.452,-0.39,0.21,0.9,256.6,32.8555,39.9197,12.07,22,1,0.96,0.97
2025-07-14T21:46:56.452,0.72,0.42,-0.67,247.76,32.8554,39.9179,12.72,26.2,2,0.25,0
2025-07-14T21:46:57.453,0.95,-0.34,0.39,148.79,32.8809,39.9072,12.48,16.2,2,0.24,0.69
2025-07-14T21:46:58.454,0.64,0.66,-0.35,11.75,32.8587,39.9229,12.27,19.7,1,0.35,0.34
2025-07-14T21:46:59.455,-0.36,0.71,-0.8,156.72,32.8519,39.9286,11.78,20.2,1,0.82,0.15
2025-07-14T21:47:00.455,0.69,-0.24,-0.28,72.98,32.8968,39.9317,12.4,21.7,3,0.35,0.59
2025-07-14T21:47:01.457,0.24,-0.18,0.74,171.35,32.8693,39.9202,12.76,19.2,5,0.54,0.08
2025-07-14T21:47:02.458,0.6,0.85,0.02,8.3,32.8778,39.913,12.51,28.5,5,0.12,0.79
2025-07-14T21:47:03.459,0.91,0.68,0.5,237.89,32.8656,39.9437,11.86,25.5,2,0.12,0.22
2025-07-14T21:47:04.459,0.19,-0.51,-0.98,30.98,32.8964,39.9324,12.36,27.4,4,0.51,0.32
2025-07-14T21:47:05.459,0.63,0.63,0.95,264.52,32.8756,39.91,12.1,22.1,1,0.34,0.53
2025-07-14T21:47:06.461,0.14,-0.18,-0.44,210.81,32.8611,39.9234,12.06,15.7,4,0.77,0.18
2025-07-14T21:47:07.462,-0.29,0.39,0.91,356.1,32.8726,39.9024,11.68,23.9,5,0.46,0.8
2025-07-14T21:47:08.463,0.81,0.82,-0.1,130.8,32.8963,39.9326,11.73,15.2,1,0.89,0.78
2025-07-14T21:47:09.464,-0.61,-0.64,0.45,123.3,32.8626,39.9046,11.84,19.7,4,0.78,0.89
2025-07-14T21:47:10.464,0.13,0.99,-0.02,46.91,32.8879,39.9439,12.55,21.5,2,0.11,0.79
2025-07-14T21:47:11.465,-0.04,0.62,0.79,38.81,32.8683,39.9474,12.13,23.9,5,0.97,0.46
2025-07-14T21:47:12.467,0.31,0.85,-0.19,1.93,32.87,39.9198,11.64,19.2,2,0.77,0.51
2025-07-14T21:47:13.468,0.49,-0.31,0.86,271.25,32.8647,39.9019,11.61,16.1,1,0.28,0.32
2025-07-14T21:47:14.470,-0.74,0.61,0.21,132.59,32.8595,39.9432,11.8,20.6,4,0.1,0.74
2025-07-14T21:47:15.471,-0.64,0.02,-0.17,336.24,32.8619,39.9304,12.48,19.2,5,0.59,0.95
2025-07-14T21:47:16.471,0.44,0.53,0.26,234.24,32.882,39.9058,12.71,17.3,3,0.02,0.94
2025-07-14T21:47:17.472,-0.03,0.47,0.14,57.61,32.8517,39.9098,11.77,26.6,1,0.76,0.36
2025-07-14T21:47:18.472,0.83,0.11,-0.14,254.18,32.8677,39.9163,12.09,23.8,3,0.52,0.72
2025-07-14T21:47:19.473,-0.93,0.35,-0.62,308.26,32.8735,39.942,12.37,28.6,1,0.95,0.7
2025-07-14T21:47:20.474,-0.07,-0.59,-0.23,3.62,32.8978,39.9406,12.63,15.8,2,0.83,0.93
2025-07-14T21:47:21.475,-0.7,0.93,-0.73,175.71,32.8945,39.9301,11.59,15.1,5,0.56,0.08
2025-07-14T21:47:22.476,-0.12,-0.28,0.63,259.05,32.8614,39.9144,11.6,27.1,1,0.73,0.26
2025-07-14T21:47:23.477,-0.36,0.19,0.09,304.98,32.8818,39.9499,12.51,19.4,1,0.36,0.85
2025-07-14T21:47:24.477,0.16,-0.2,0.93,3.91,32.8889,39.905,12.09,25.6,4,0.37,0.66
2025-07-14T21:47:25.480,0.58,-0.75,0.28,257.78,32.8969,39.9221,12.36,15.4,1,0.22,0.14
2025-07-14T21:47:26.481,-0.83,0.42,-0.29,69.05,32.8889,39.9119,12.63,28.9,2,0.18,0.33
2025-07-14T21:47:27.481,0.02,-0.48,-0.41,110.28,32.8848,39.9106,12.5,24.3,2,0.78,0.52
2025-07-14T21:47:28.481,0.94,0.83,0.51,10.3,32.8557,39.9083,12.56,27.4,4,0.19,0.9
2025-07-14T21:47:29.484,-0.48,-0.85,0.7,281.64,32.8715,39.9339,12.26,19.7,5,0.88,0.2
2025-07-14T21:47:30.485,0.86,0.88,0.68,117.46,32.8805,39.9002,12.28,23.5,4,0.01,0.99
2025-07-14T21:47:31.485,0.72,-0.47,-0.59,19.93,32.8843,39.931,12.16,21.1,3,0.98,0.72
2025-07-14T21:47:32.487,-0.57,-0.97,-0.2,29.44,32.8642,39.9142,12.73,17.7,2,0.27,0.23
2025-07-14T21:47:33.489,0.42,-0.08,-0.65,332.92,32.8742,39.9318,11.64,20.3,1,0.77,0.22
2025-07-14T21:47:34.490,0.11,-0.39,-0.88,291.49,32.8851,39.9192,12.37,24.1,1,0.15,0.13
2025-07-14T21:47:35.490,-0.35,0.91,0.6,253.27,32.8676,39.9017,12.14,27.5,1,0.76,0.59
2025-07-14T21:47:36.490,0.18,0.68,-0.23,35.74,32.853,39.9154,12.52,21.6,1,0.44,0.99
2025-07-14T21:47:37.492,-0.68,0.83,-0.55,216.05,32.8558,39.916,11.99,28.3,4,0.72,0.35
2025-07-14T21:47:38.493,-0.32,0.3,0.3,29.52,32.8774,39.9451,12.25,23.7,4,0.72,0.17
2025-07-14T21:47:39.494,0.21,0.49,-0.97,59.55,32.8886,39.9092,12.19,24.6,1,0.79,0.14
2025-07-14T21:47:40.495,-0.16,-0.83,-0.38,89.22,32.8697,39.923,12.32,25.9,2,0.91,0.14
2025-07-14T21:47:41.495,-0.23,-0.71,-0.76,274.39,32.8518,39.9043,12.4,27.6,5,0.76,0.15
2025-07-14T21:47:42.496,0.12,0.29,-0.29,235.37,32.8518,39.9292,12.15,19.4,3,0.14,0.8
2025-07-14T21:47:43.498,-0.56,0.57,-0.25,33.35,32.8658,39.9338,12.24,15.8,3,0.56,0.36
2025-07-14T21:47:44.499,-0.75,-0.23,0.95,164.26,32.8577,39.939,11.6,25.8,3,0.82,0.47
2025-07-14T21:47:45.500,0.51,0.25,-0.84,23.87,32.878,39.9498,11.77,23.1,3,0.61,0.63
2025-07-14T21:47:46.501,0.61,-0.42,-0.6,232.16,32.8796,39.9342,12.27,15.7,2,0.31,0.47
2025-07-14T21:47:47.502,0.9,0.34,-0.17,192.08,32.8618,39.9491,12.77,20.1,4,0.83,0.73
2025-07-14T21:47:48.503,-0.18,-0.2,-0.93,146.96,32.8647,39.9213,12.37,20,1,0.26,0.55
2025-07-14T21:47:49.504,-0.85,-0.6,-0.4,214.8,32.8609,39.9434,12.09,23.9,1,0.87,0.21
2025-07-14T21:47:50.505,0.4,-0.2,-0.76,264.52,32.874,39.9469,12.63,18.3,3,0.49,0.26
2025-07-14T21:47:51.507,0.07,-0.2,-0.84,348.82,32.8603,39.9445,11.64,15.9,3,0.34,0.13
2025-07-14T21:47:52.507,-0.04,0.04,-0.11,37.67,32.8621,39.9459,11.63,20.2,3,0.01,0.49
2025-07-14T21:47:53.509,-0.98,-0.45,0.25,289.05,32.8922,39.9402,12.35,25,4,0.96,0.36
2025-07-14T21:47:54.511,-0.45,0.18,-0.54,254.24,32.8903,39.9384,12.43,20.6,4,0.5,0.48
2025-07-14T21:47:55.513,-0.14,-0.59,0.05,151.78,32.8932,39.9364,12.73,23.4,4,0.02,0.8
2025-07-14T21:47:56.513,-0.34,-0.06,0.23,37.13,32.851,39.9373,11.76,27.9,3,0.97,0.72
2025-07-14T21:47:57.513,-0.32,-0.28,0.53,180.68,32.8534,39.9327,12.21,26.8,1,0.43,0.6
2025-07-14T21:47:58.516,0.83,0.1,-0.02,82.1,32.8916,39.9162,12.19,25.1,1,0.72,0.53
2025-07-14T21:47:59.517,0.11,0.25,0.75,58.82,32.8503,39.9423,12.49,23,3,0.79,0.17
2025-07-14T21:48:00.518,0.22,-0.49,0.14,20.68,32.8713,39.9391,11.81,27.4,4,0.1,0.08
2025-07-14T21:48:01.520,-0.99,0.07,-0.33,338.77,32.8562,39.932,11.99,24.1,4,0.72,0.76
2025-07-14T21:48:02.520,0.75,0.38,-0.26,73.54,32.853,39.9351,12.08,28.2,3,0.65,0.9
2025-07-14T21:48:03.521,-0.55,0.03,0.23,312.74,32.8719,39.9264,11.51,29.5,2,0.55,0.68
2025-07-14T21:48:04.522,0.42,-0.73,-0.2,243.66,32.8992,39.9484,12.42,27.1,5,0.57,0.26
2025-07-14T21:48:05.522,-0.77,-0.79,0.37,151.84,32.8782,39.9111,11.98,18.5,1,0.66,0.29
2025-07-14T21:48:06.525,-0.54,0.87,0.15,307.98,32.8637,39.9124,12.46,28.8,5,0.54,0.28
2025-07-14T21:48:07.525,-0.08,0.68,-0.55,224.95,32.885,39.9039,12.16,23.1,3,0.92,0.27
2025-07-14T21:48:08.527,-0.55,-0.11,0.21,176.23,32.8873,39.923,11.82,28.2,1,0.97,0.48
2025-07-14T21:48:09.528,0.26,0.1,-0.51,22.49,32.8632,39.9482,11.67,29.4,2,0.12,0.7
2025-07-14T21:48:10.529,0.17,-0.52,0.57,118.4,32.8503,39.9075,11.91,18.4,5,0.22,0.37
2025-07-14T21:48:11.531,0.46,0.72,-0.51,224.17,32.8644,39.9321,12.13,25.8,1,0.39,0.88
2025-07-14T21:48:12.530,0.1,-0.41,-0.82,336.24,32.852,39.9062,12.65,17.6,2,0.38,0.67
2025-07-14T21:48:13.532,-0.25,0.41,-0.24,160.43,32.8751,39.9097,12.28,20.4,3,0.04,0.25
2025-07-14T21:48:14.534,0.51,-0.09,-0.58,65.23,32.8749,39.9183,12.56,27,5,0.6,0.81
2025-07-14T21:48:15.535,0.54,-0.76,-0.17,200.79,32.8553,39.9224,12.7,21.5,1,0.09,1
2025-07-14T21:48:16.535,0.22,0.45,0.78,190.13,32.8919,39.9431,11.79,16.1,2,0.53,0.83
2025-07-14T21:48:17.537,-0.57,-0.12,0.08,24.05,32.8878,39.9208,12.55,27.2,1,0.35,0.98
2025-07-14T21:48:18.538,-0.63,-0.99,-0.65,152.79,32.8783,39.9282,12.48,24.7,4,0.97,0.32
2025-07-14T21:48:19.539,-0.13,0.79,-1,293.78,32.8936,39.9038,12.65,21.3,2,0.99,0.15
2025-07-14T21:48:20.539,-0.96,-0.2,-0.68,284.78,32.881,39.9001,11.97,28.7,3,0.76,0.78
2025-07-14T21:48:21.541,0.96,-0.97,0.1,27.72,32.8632,39.9433,11.53,17.1,3,0.31,0.88
2025-07-14T21:48:22.543,-0.4,-0.95,-0.68,259.01,32.8694,39.9389,11.57,17.7,5,0.86,0.32
2025-07-14T21:48:23.543,0.46,0.52,-0.97,36.88,32.8563,39.9384,11.9,22.5,1,0.13,0.27
2025-07-14T21:48:24.545,0.64,-0.43,-0.18,93.3,32.8788,39.9333,12.59,16.9,1,0.66,0.66
2025-07-14T21:48:25.545,0.08,-0.87,0.75,133,32.8648,39.9207,11.72,24.7,5,0.6,0.3
2025-07-14T21:48:26.548,-0.3,0.33,0.4,106.55,32.8966,39.9072,12.21,27.7,4,0.48,0.26
2025-07-14T21:48:27.547,0.66,-0.7,0.55,61.77,32.8787,39.9464,11.96,18.5,4,0.08,0.07
2025-07-14T21:48:28.549,-0.47,-0.31,-0.72,237.01,32.888,39.9082,12.64,15.7,2,0.21,0.03
2025-07-14T21:48:29.550,0.17,0.38,-0.16,1.94,32.863,39.903,12.56,24.6,3,0.94,0.34
2025-07-14T21:48:30.551,0.35,-0.08,-0.18,278.69,32.8739,39.9335,11.95,24,5,0.51,0.99
2025-07-14T21:48:31.556,-0.38,-0.74,-0.9,2.99,32.8825,39.939,12.05,29.3,3,0.93,0.3
2025-07-14T21:48:32.555,-0.5,0.45,-0.73,14.72,32.8697,39.9459,12.55,21.4,3,0.43,0.49
2025-07-14T21:48:33.555,0.51,0.84,0.6,73.88,32.8723,39.9365,12.04,19.4,4,0.27,0.27
2025-07-14T21:48:34.556,-0.39,0.38,-0.21,314.25,32.8962,39.9418,11.75,19,5,0.51,0.32
2025-07-14T21:48:35.555,-0.96,-0.57,-0.73,105.06,32.8621,39.9409,12.09,21.6,1,0.47,0.17
2025-07-14T21:48:36.557,0.06,-0.6,-0.08,151.62,32.85,39.9496,12.65,25.6,1,0.19,0.97
2025-07-14T21:48:37.557,0.8,0.73,-0.02,36.7,32.8876,39.9466,11.77,22.5,5,0.82,0.84
2025-07-14T21:48:38.559,-0.67,-0.44,0.42,56.16,32.8532,39.9481,11.6,16,5,0.62,0.24
2025-07-14T21:48:39.558,-0.58,-0.93,-0.8,74.2,32.875,39.9011,11.62,27.3,3,0.28,0.92
2025-07-14T21:48:40.560,0.85,-0.12,-0.52,301.81,32.861,39.9147,11.98,20.1,4,0.62,0.93
2025-07-14T21:48:41.560,0.35,0.45,-0.89,303.07,32.8849,39.9013,12.28,16.1,1,0.26,0.08
2025-07-14T21:48:42.560,0.64,-0.69,0.07,70.86,32.8887,39.9103,11.73,18.7,3,0.86,0.4
2025-07-14T21:48:43.562,-0.16,-0.71,-0.84,17.65,32.8988,39.9087,12.11,21.7,2,0.8,0.84
2025-07-14T21:48:44.564,-0.13,0.04,0.07,161.73,32.8623,39.9096,12.67,25.7,3,0.2,0.77
2025-07-14T21:48:45.564,0.51,0.72,-0.82,229.01,32.8684,39.9309,11.53,16.3,1,0.57,0.53
2025-07-14T21:48:46.568,-0.34,0.54,-0.54,172.27,32.8967,39.9008,11.97,16.8,1,0.93,0.51
2025-07-14T21:48:47.566,-0.08,-0.61,-0.08,54.72,32.8866,39.9079,11.97,25.1,5,0.55,0.96
2025-07-14T21:48:48.568,-0.01,-0.83,-0.12,309.48,32.8502,39.9221,12.61,15.7,4,0.33,0.55
2025-07-14T21:48:49.570,-0.3,0.35,-0.71,229,32.8717,39.9391,11.95,18.8,1,0.77,0
2025-07-14T21:48:50.570,-0.87,0.44,0.43,154.2,32.8949,39.9177,11.96,27.3,1,0.8,0.49
2025-07-14T21:48:51.572,-0.89,-0.61,0.43,133.02,32.8648,39.9066,12.37,19,3,0.87,0.82
2025-07-14T21:48:52.572,0.8,0.54,-0.03,94.93,32.8572,39.9162,12.15,22.1,1,0.67,0.37
2025-07-14T21:48:53.574,0.6,0.79,0.12,344.62,32.8667,39.9113,11.96,24.6,5,0.9,0.84
2025-07-14T21:48:54.575,0.03,-0.97,0.85,187.98,32.8704,39.9268,11.94,20.3,1,0.84,0.67
2025-07-14T21:48:55.576,-0.13,0.48,0.13,5.13,32.8957,39.9009,12.76,26.9,1,0.1,0.9
2025-07-14T21:48:56.577,-0.21,-0.94,0.29,91.28,32.8533,39.9132,11.92,28.4,4,0.24,0.07
2025-07-14T21:48:57.579,0.68,0.3,-0.4,320.09,32.8779,39.9181,12.35,15.3,1,0.07,0.83
2025-07-14T21:48:58.579,-0.63,-0.52,-0.78,198.53,32.8652,39.9174,11.88,23.2,1,0.99,0.17
2025-07-14T21:48:59.580,0.29,0.55,0.39,199.93,32.8504,39.9489,12.52,22,3,0.58,0.03
2025-07-14T21:49:00.581,0.97,0,0.35,287.9,32.8696,39.9403,12.03,16.1,1,0.56,0.51
2025-07-14T21:49:01.584,0.66,-0.83,0.42,278.71,32.8565,39.9006,12.24,22.5,3,0.14,0.28
2025-07-14T21:49:02.584,0.31,-0.28,0.91,124.32,32.8601,39.9473,12.19,26.8,5,0.14,0.97
2025-07-14T21:49:03.586,0.02,0.89,-0.01,42.15,32.8618,39.9021,11.77,24.7,3,0.12,0.04
2025-07-14T21:49:04.590,-0.7,-0.28,0.38,161.63,32.8542,39.9182,12.7,18.9,5,0.71,0.84
2025-07-14T21:49:05.587,-0.38,0.35,-0.24,144.8,32.894,39.9003,11.76,22.8,5,0.87,0.66
2025-07-14T21:49:06.588,0.85,-0.95,-0.26,102.75,32.8745,39.909,12.08,29.8,4,0.68,0.91
2025-07-14T21:49:07.590,0.87,-0.56,0.6,169.07,32.8649,39.9169,11.62,27.6,3,0.06,0.13
2025-07-14T21:49:08.592,-0.7,0.21,-0.16,88.8,32.8646,39.9173,11.77,22.2,2,0.71,0.37
2025-07-14T21:49:09.592,0.44,0.99,0.88,182.56,32.8663,39.9429,12.04,21.6,3,0.72,0.43
2025-07-14T21:49:10.593,0.86,-0.94,-0.87,314.28,32.8971,39.9271,12.42,18.6,4,0.53,0.57
2025-07-14T21:49:11.594,0.59,0.26,-0.86,156.3,32.8888,39.9043,11.54,16.9,3,0.69,0.49
2025-07-14T21:49:12.594,0.83,0.41,-0.09,140.94,32.8618,39.9397,12.8,17.5,3,0.86,0.1
2025-07-14T21:49:13.595,-0.46,0.27,-0.58,307.79,32.8767,39.914,12.73,24.4,3,0.34,0.98
2025-07-14T21:49:14.597,0.35,-0.73,-0.8,214.95,32.8732,39.9444,11.67,20.6,5,0.68,0.48
2025-07-14T21:49:15.597,0.1,-0.74,-0.32,306.64,32.8629,39.9,11.95,27.4,1,0.97,0.15
2025-07-14T21:49:16.598,0.27,-0.34,-0.48,47.23,32.8965,39.901,12.48,26.7,5,0.84,0.26
2025-07-14T21:49:17.599,-0.52,-0.54,-0.59,166.52,32.8621,39.9078,12.56,15.9,5,0.97,0.45
2025-07-14T21:49:18.600,0.94,-0.08,0.8,240.03,32.8753,39.9013,12.6,18.6,5,0.72,0.12
2025-07-14T21:49:19.600,-0.52,-0.89,0.3,355.8,32.8934,39.9329,12.07,21.6,5,0.83,0.49
2025-07-14T21:49:20.601,0.97,0.62,0.27,2.28,32.8549,39.9054,11.55,26.6,2,0.8,0.61
2025-07-14T21:49:21.602,-0.83,-0.53,-0.83,262.46,32.8932,39.9125,12.34,24.1,1,0.06,0.9
2025-07-14T21:49:22.604,-0.71,-0.49,-0.63,125.65,32.8932,39.9199,11.82,22.8,1,0.8,0.05
2025-07-14T21:49:23.605,0.98,-0.57,-0.84,316.2,32.8955,39.9323,11.86,15.6,2,0.54,0.62
2025-07-14T21:49:24.607,-0.41,-0.81,-0.81,4.27,32.8692,39.9361,11.57,15.4,2,0.29,0.32
2025-07-14T21:49:25.607,0.52,0.24,0.91,268.18,32.8649,39.9011,11.59,23.9,3,0.7,0.68
2025-07-14T21:49:26.609,-0.13,-0.28,0.82,283.08,32.8751,39.9491,12.45,15.6,3,0.28,0.88
2025-07-14T21:49:27.610,-0.33,-0.12,-0.19,276.18,32.8747,39.935,12.55,16.3,5,0.08,0.51
2025-07-14T21:49:28.611,0.43,0.5,-0.59,14.73,32.857,39.9498,11.84,27.7,5,0.69,0.22
2025-07-14T21:49:29.618,0.22,-0.79,-0.22,158.17,32.8765,39.9001,12.22,20.3,3,0.42,0.01
2025-07-14T21:49:30.618,0.65,-0.81,-0.15,107.89,32.8981,39.9135,12.55,20,3,0.25,0.43
2025-07-14T21:49:31.618,-0.67,0.4,0.89,214.67,32.8915,39.921,11.8,23.3,2,0.49,0.86
2025-07-14T21:49:32.619,-0.3,-0.6,-0.94,96.34,32.8795,39.9167,11.6,19.8,3,0.4,0.55
2025-07-14T21:49:33.615,-0.66,-0.61,0.15,238.49,32.887,39.9195,11.81,15,1,0.46,1
2025-07-14T21:49:34.617,-0.61,-0.04,0.96,158.65,32.8551,39.9457,11.77,29.8,4,0.95,0.65
2025-07-14T21:49:35.618,-0.36,-0.4,-0.82,313.19,32.8783,39.9087,12.75,18.7,4,0.86,0.44
2025-07-14T21:49:36.618,-0.33,-0.69,0.58,89.27,32.869,39.9291,11.62,18.1,3,0.35,0.86
2025-07-14T21:49:37.620,-0.25,0.63,0.75,57.6,32.888,39.9129,12.32,22.4,2,0.31,0.52
2025-07-14T21:49:38.621,-0.31,0.66,-0.93,63.87,32.8562,39.9403,11.56,19.8,1,0.17,0.73
2025-07-14T21:49:39.621,-0.1,-0.72,-0.56,131.5,32.8938,39.9146,11.69,26,2,0.48,0.62
2025-07-14T21:49:40.622,-0.35,0.38,0.28,19.08,32.8574,39.9302,11.75,27.8,5,0.47,0.34
2025-07-14T21:49:41.623,0.65,-0.75,0.55,314.83,32.857,39.9061,12.4,28.7,3,0.55,0.29
2025-07-14T21:49:42.624,0.03,0.36,-0.81,290.41,32.8738,39.9361,12.45,20.4,5,0.83,0.98
2025-07-14T21:49:43.625,-0.88,-0.23,0.32,193,32.8745,39.9366,11.76,15.7,5,0.84,0.21
2025-07-14T21:49:44.625,-0.66,-0.67,-0.84,319.68,32.8532,39.945,11.75,21.8,3,0.91,0.27
2025-07-14T21:49:45.625,-0.76,-0.79,0.87,137.29,32.8909,39.9091,11.66,27.5,3,0.81,0.85
2025-07-14T21:49:46.626,0.45,-0.83,-0.65,300.91,32.8534,39.9379,11.74,23.1,5,0.82,0.16
2025-07-14T21:49:47.627,0.38,-0.75,0.86,174.49,32.8558,39.9199,12.69,19.2,4,0.33,0.02
2025-07-14T21:49:48.630,-0.01,0,-0.24,131.4,32.8938,39.9356,12.62,22.4,1,0.45,0.19
2025-07-14T21:49:49.630,-0.94,-0.65,0.14,116.21,32.8833,39.9395,12.76,15.1,2,0.86,0.14
2025-07-14T21:49:50.632,-0.91,0.96,-0.55,191.46,32.8673,39.928,12.64,17.2,4,0.44,0.94
2025-07-14T21:49:51.634,-0.15,-0.67,0.06,34.37,32.8918,39.9431,12.07,15.9,4,0.66,0.27
2025-07-14T21:49:52.639,-0.39,-0.52,-0.54,80.15,32.8769,39.9426,12.16,18.8,5,0.2,0.97
2025-07-14T21:49:53.635,0.81,0.95,0.9,199.73,32.8649,39.9342,11.89,23.2,5,0.46,0.63
2025-07-14T21:49:54.635,-0.46,-0.44,-0.69,136.78,32.8714,39.923,12.01,22,5,0.45,0.75
2025-07-14T21:49:55.638,0.72,0.15,0.52,72.43,32.8926,39.9208,12.73,28.2,1,0.26,0
2025-07-14T21:49:56.638,-0.7,-0.01,0.97,156.35,32.8663,39.9166,12.11,19.6,5,0.56,0.88
2025-07-14T21:49:57.638,-0.63,0.02,0.67,198.92,32.8538,39.9214,11.85,23.2,5,0.54,0
2025-07-14T21:49:58.640,-0.27,0.3,-0.78,178.16,32.8872,39.9331,11.74,27.7,4,0.09,0.94
2025-07-14T21:49:59.641,-0.35,0.83,-0.55,313.36,32.8672,39.9466,12.32,17.3,3,0.72,0.97
2025-07-14T21:50:00.642,-0.52,-0.79,0.51,188.97,32.8592,39.9086,11.69,18.7,1,0.29,0.79
2025-07-14T21:50:01.643,0.85,-0.16,0.83,70.87,32.881,39.9462,11.54,28.4,3,0.37,0.35
2025-07-14T21:50:02.645,0.93,0.13,-0.24,107.16,32.8721,39.9164,11.56,23.8,3,0.15,0.22
2025-07-14T21:50:03.644,0.5,-0.7,-0.59,17.1,32.8814,39.9106,12.36,24.8,4,0.01,0.69
2025-07-14T21:50:04.645,-0.83,-0.19,0.82,105.51,32.8721,39.9334,12.4,28.7,3,0.61,0.22
2025-07-14T21:50:05.647,0.39,-0.95,-0.1,325.89,32.851,39.9467,12.13,25,5,0.44,0.13
2025-07-14T21:50:06.648,-0.48,0.17,-0.19,264.55,32.8905,39.9339,11.82,25.4,5,0.69,0.09
2025-07-14T21:50:07.650,0.5,0.48,0.12,163.86,32.8567,39.9059,11.69,29.3,2,0.36,0.25
2025-07-14T21:50:08.651,-0.41,-0.73,0.26,117.75,32.8561,39.9293,12.57,15.1,3,0.22,0.27
2025-07-14T21:50:09.652,0,0.18,-0.82,17.31,32.8772,39.9305,12.11,22.8,5,0.93,0.72
2025-07-14T21:50:10.654,-0.03,0.78,-0.82,184.51,32.8819,39.9241,11.87,19.3,5,0.29,0.51
2025-07-14T21:50:11.655,-0.04,0.02,0.91,259.12,32.8568,39.9066,12.43,22.8,4,0.54,0.18
2025-07-14T21:50:12.657,-0.39,-0.12,0.93,275.54,32.8715,39.9068,12.79,20.9,3,0.82,0.52
2025-07-14T21:50:13.657,0.04,-0.98,-0.24,90.25,32.8807,39.9358,12.42,17.9,2,0.56,0.73
2025-07-14T21:50:14.658,-0.17,-0.48,-0.66,201.32,32.8651,39.9183,12.09,27.4,4,0.64,0.95
2025-07-14T21:50:15.659,0.24,0.23,0.36,11.88,32.8638,39.938,12.56,28.2,2,0.66,0.55
2025-07-14T21:50:16.661,-0.21,-0.39,-0.08,253.67,32.8697,39.9113,12.24,18.4,4,0.12,0.75
2025-07-14T21:50:17.662,-0.88,-0.73,-0.42,128.23,32.8556,39.9463,12.46,22.4,3,0.03,0.15
2025-07-14T21:50:18.662,0.67,-0.43,0.22,163.83,32.8901,39.9462,11.77,19.3,5,0.45,0.76
2025-07-14T21:50:19.663,0.05,0.77,0.47,217.64,32.8969,39.9187,11.59,19.5,3,0.84,0.88
2025-07-14T21:50:20.664,-0.7,-0.1,0.3,270.49,32.8592,39.9316,11.71,19.7,2,0.64,0.79
2025-07-14T21:50:21.666,-0.96,0.24,-0.29,73.69,32.8733,39.9256,12.06,19.2,4,0.64,0.3
2025-07-14T21:50:22.667,0.76,-0.77,0.17,6.91,32.8515,39.9088,12.57,17.1,4,0.83,0.54
2025-07-14T21:50:23.669,-0.68,0.56,0.27,202.5,32.8905,39.9488,12.27,23.2,1,0.28,0.69
2025-07-14T21:50:24.670,0.09,0.76,0.76,23.8,32.8718,39.9273,12.02,28.3,1,0.99,0.56
2025-07-14T21:50:25.671,0.06,0.59,0.82,156.21,32.8979,39.9192,12.76,24.4,1,0.88,0.04
2025-07-14T21:50:26.672,0.62,-0.91,-0.72,243.44,32.8887,39.9404,12.16,19.4,5,0.76,0.76
2025-07-14T21:50:27.674,-0.81,0.97,-0.18,290.07,32.8634,39.9483,11.97,18.5,2,0.65,0.81
2025-07-14T21:50:28.674,0.2,-0.33,0.9,320.58,32.8533,39.913,12.72,20.8,5,0.44,0.78
2025-07-14T21:50:29.674,0.94,-0.9,-0.36,110.86,32.8858,39.9366,11.89,23.2,4,0.82,0.98
2025-07-14T21:50:30.675,-0.99,0.48,-0.08,117.07,32.8638,39.9043,12.78,16.8,3,0.3,0.13
2025-07-14T21:50:31.675,0.25,0.46,0.05,111.12,32.8615,39.9044,12.62,24.7,3,0.4,0.68
2025-07-14T21:50:32.677,-1,-0.39,-0.39,240.21,32.8937,39.937,12.09,22.6,2,0.09,0.35
2025-07-14T21:50:33.677,-0.36,0.12,0.61,40.63,32.8885,39.9403,12.44,28.3,5,0.75,0.54
2025-07-14T21:50:34.679,-0.41,-0.34,0.2,245.28,32.8724,39.928,12.01,18.4,3,0.5,0.09
2025-07-14T21:50:35.679,0.97,-0.06,0.03,352.93,32.853,39.9026,12.75,19,4,0.37,0.85
2025-07-14T21:50:36.681,0.01,-0.25,-0.11,139.04,32.8937,39.9425,11.52,24.6,4,0.61,0.97
2025-07-14T21:50:37.683,-0.76,-0.5,0.55,281.8,32.8866,39.9255,12.01,25.8,4,0.34,0.45
2025-07-14T21:50:38.684,-0.61,-0.66,-0.02,214.29,32.8988,39.9341,12.72,15.4,1,0.04,0.46
2025-07-14T21:50:39.685,-0.49,-0.5,-0.47,170.8,32.8569,39.9185,12.31,15.5,5,0.04,0.74
2025-07-14T21:50:40.686,0.55,-0.56,0.42,168.42,32.8894,39.9032,12.6,23.7,1,0.62,0.73
2025-07-14T21:50:41.685,-0.62,-0.79,0.84,23.63,32.8977,39.9142,11.93,18.3,5,0.27,0.42
2025-07-14T21:50:42.687,0.66,-0.45,-0.1,346.45,32.8505,39.9484,12.42,24.4,5,0.16,0.44
2025-07-14T21:50:43.687,-0.76,0.51,-0.32,302.26,32.8585,39.9121,11.58,16.3,4,0.66,0.67
2025-07-14T21:50:44.689,-0.53,-0.31,0.87,68.9,32.8644,39.9376,11.7,16.6,4,0.47,0.12
2025-07-14T21:50:45.692,0.2,-0.86,-0.26,301.25,32.8962,39.9395,12.61,18.9,3,0.92,0.68
2025-07-14T21:50:46.691,-0.06,0.2,0.16,5.68,32.8548,39.9349,12.7,15.2,3,0.74,0.52
2025-07-14T21:50:47.693,0.55,0.91,-0.62,214.56,32.8831,39.9101,12.34,16.4,2,0.58,0.35
2025-07-14T21:50:48.695,-0.78,-0.54,0.22,278.26,32.8625,39.9034,12.38,29.2,5,0.49,0.1
2025-07-14T21:50:49.696,0.67,0.4,0.62,139.49,32.8585,39.9346,12.52,18.7,5,0.64,0.33
2025-07-14T21:50:50.698,0.01,0.03,0.87,317.02,32.8931,39.9419,11.9,15.3,3,0.82,0.29
2025-07-14T21:50:51.700,0.75,-0.33,0.83,247.54,32.8884,39.9283,11.91,22.3,5,0.64,0.99
2025-07-14T21:50:52.702,-0.37,-0.14,-0.24,293.94,32.8999,39.931,11.91,24,3,0.71,0.07
2025-07-14T21:50:53.703,0.71,-0.33,-0.18,123.37,32.8923,39.9487,11.89,19.3,5,0.81,0.53
2025-07-14T21:50:54.704,0.82,0.4,-0.31,14.95,32.8788,39.9155,12.07,21.2,1,0.75,0.72
2025-07-14T21:50:55.704,-0.97,0.02,0.12,83.23,32.8848,39.9196,12.54,28.9,2,0.96,0.73
2025-07-14T21:50:56.706,-0.67,-0.62,0.13,310.05,32.8966,39.9173,11.62,18.3,1,0.17,0.3
2025-07-14T21:50:57.707,-0.36,-0.87,0.89,73.61,32.8737,39.9269,11.83,15.4,3,0.62,0.34
2025-07-14T21:50:58.710,-0.72,0.9,0.32,147.28,32.8575,39.9017,11.98,23.3,1,0.89,0.78
2025-07-14T21:50:59.711,-0.63,0.23,-0.27,163.66,32.8646,39.9262,12.26,23.5,4,0.26,0.25
2025-07-14T21:51:00.710,0.68,0.22,0.3,68.33,32.8909,39.9384,12.62,17.7,1,0.04,0.01
2025-07-14T21:51:01.711,0.66,-0.94,-0.11,53.68,32.8712,39.9319,11.87,19.9,2,0.64,0.72
2025-07-14T21:51:02.713,-0.1,-0.72,0.2,228.43,32.8801,39.9322,12.02,22.2,2,0.21,0.62
2025-07-14T21:51:03.713,0.23,-0.83,-0.81,201.61,32.8666,39.937,11.76,19.3,5,0.57,0.73
2025-07-14T21:51:04.713,0.24,0.89,-0.07,326.75,32.8803,39.9336,12.43,18,1,0.74,0.3
2025-07-14T21:51:05.715,-0.42,0.22,0.38,163.34,32.8847,39.916,12.71,29.8,1,0.29,0.07
2025-07-14T21:51:06.718,-0.4,0.57,0.37,332.35,32.8974,39.9393,11.58,19.6,1,0.66,0.82
2025-07-14T21:51:07.716,0.08,-0.29,-0.09,63.69,32.8864,39.9119,12.37,23.1,2,0.07,0.27
2025-07-14T21:51:08.718,0.58,-0.37,0.69,179.2,32.856,39.9035,11.93,23.4,5,0.97,0.29
2025-07-14T21:51:09.719,0.86,-0.67,-0.88,137.15,32.8941,39.9067,12.57,21.5,4,0.46,0.18
2025-07-14T21:51:10.719,-0.95,0.32,-0.6,86.11,32.8721,39.903,12.51,24.8,2,0.83,0.39
2025-07-14T21:51:11.721,0.61,0.71,-0.84,232.87,32.8875,39.9338,12.09,19.7,4,0.13,0.39
2025-07-14T21:51:12.721,-0.52,-0.96,0.33,5.82,32.8574,39.927,12.06,23.2,3,0.24,0.17
2025-07-14T21:51:13.722,-0.46,0.63,0.68,154.92,32.8529,39.9384,12.34,22.3,4,0.14,0.48
2025-07-14T21:51:14.724,-0.93,-0.14,0.62,47.48,32.8724,39.9071,12.04,21.5,5,0.61,0.77
2025-07-14T21:51:15.725,-0.24,0.58,-0.06,34.02,32.8752,39.9444,11.55,25.5,5,0.47,0.61
2025-07-14T21:51:16.727,-0.32,0.02,-0.6,129.49,32.8625,39.9118,12.27,22.7,5,0.52,0.47
2025-07-14T21:51:17.728,-0.31,-0.96,-0.85,334.54,32.8599,39.9201,11.55,16.8,4,0.14,0.26
2025-07-14T21:51:18.729,0.84,0.71,0.6,165.44,32.8946,39.9282,12.11,20.3,4,0.23,0.78
2025-07-14T21:51:19.729,0.47,0.05,-0.22,259.41,32.8798,39.9075,12.49,21.6,1,0.69,0.96
2025-07-14T21:51:20.730,0.46,-0.83,0.56,102.79,32.8686,39.9243,11.58,23.5,2,0.91,0.06
2025-07-14T21:51:21.731,-0.24,0.61,0.34,58.75,32.8824,39.9194,12.32,24.9,2,0.75,0.13
2025-07-14T21:51:22.732,-0.69,0.77,0.83,281.84,32.8809,39.901,12.02,28.3,4,0.84,0.67
2025-07-14T21:51:23.734,-0.62,-0.31,0.44,340.37,32.8877,39.9334,11.78,22.6,4,0.41,0.64
2025-07-14T21:51:24.734,0.5,-0.11,0.99,247.7,32.8921,39.9497,12.44,17.4,2,0.96,0.71
2025-07-14T21:51:25.735,0.32,-0.64,0.52,226.12,32.8648,39.9236,12.63,15.1,4,0.33,0.76
2025-07-14T21:51:26.738,0.37,-0.9,0.32,37.39,32.8818,39.9045,12.18,17.9,4,0.05,0.34
2025-07-14T21:51:27.737,0.27,0.62,-0.73,149.57,32.8979,39.9341,12.38,16.9,3,0.77,0.39
2025-07-14T21:51:28.737,0.6,-0.03,0.15,10.55,32.8782,39.942,12.77,21.5,4,0.82,0.91
2025-07-14T21:51:29.739,0.06,0.87,0.89,256.44,32.8845,39.9273,12.16,24.1,5,0.09,0.46
2025-07-14T21:51:30.739,-0.51,-0.94,0.15,97.66,32.8816,39.9383,12.56,17.1,5,0.84,0.87
2025-07-14T21:51:31.740,-0.81,0.7,-0.83,27,32.8815,39.9257,12.76,18.9,4,0.71,0.52
2025-07-14T21:51:32.740,-0.07,-0.37,-0.74,185.2,32.8562,39.9325,12.59,19.9,4,0.45,0.92
2025-07-14T21:51:33.741,-0.94,-0.67,0.17,111.48,32.8774,39.9423,12.43,24.6,5,0.51,0.54
2025-07-14T21:51:34.744,-0.47,0.74,0,57.06,32.8958,39.9204,11.57,25.5,5,0.16,0.3
2025-07-14T21:51:35.746,-0.2,-0.68,0.68,139.54,32.8926,39.9219,11.8,23.6,1,0.06,0.73
2025-07-14T21:51:36.747,0.88,-0.47,-0.21,169.86,32.8689,39.9101,12.46,22.3,4,0.28,0.68
2025-07-14T21:51:37.747,0.95,0.5,0.27,311.08,32.8995,39.9384,12.47,22.3,5,0.11,0.34
2025-07-14T21:51:38.747,-0.86,-0.94,-0.53,196.73,32.8644,39.9338,12.24,29.4,3,0.06,0.89
2025-07-14T21:51:39.750,0.97,-0.46,-0.97,62.28,32.8581,39.9215,12.73,27.6,5,0.49,0.3
2025-07-14T21:51:40.750,-0.85,-0.93,0.29,296.85,32.8718,39.9243,12.7,17.1,2,0.41,0.96
2025-07-14T21:51:41.750,-0.4,-0.98,0.19,278.42,32.89,39.9192,11.54,18.7,1,0.11,0.14
2025-07-14T21:51:42.751,-0.89,0.03,0.15,274.19,32.8644,39.9178,12.27,24.9,4,0.42,0.95
2025-07-14T21:51:43.753,-0.83,-0.98,-0.01,18.39,32.8575,39.9455,12.03,29.7,1,0.42,0.3
2025-07-14T21:51:44.753,-0.81,-0.23,-0.03,193.5,32.8502,39.9287,12.63,26.7,4,0.19,0.46
2025-07-14T21:51:45.756,0.43,-0.12,-0.13,119.03,32.8892,39.9067,11.65,19.4,5,0.76,0.53
2025-07-14T21:51:46.758,0.01,0.34,-0.08,259.1,32.8871,39.9008,12.41,18.9,4,0.36,0.43
2025-07-14T21:51:47.759,-0.12,0.29,-0.33,76.42,32.888,39.9169,12.24,29.5,1,0.36,0.15
2025-07-14T21:51:48.759,0.29,-0.99,0.08,136.09,32.8952,39.9245,12.26,22.2,4,0.28,0.62
2025-07-14T21:51:49.760,-0.16,-0.78,-0.53,181.85,32.867,39.9235,12.22,22.3,4,0.14,0.97
2025-07-14T21:51:50.762,-0.71,-0.28,0.96,146.82,32.8904,39.918,11.69,28.2,2,0.46,0.58
2025-07-14T21:51:51.763,-0.29,0.55,-0.22,205.06,32.8857,39.9094,11.69,22,1,0.16,0.27
2025-07-14T21:51:52.763,0.09,0.18,-0.88,355.84,32.8883,39.9447,12.08,18.9,3,0.07,0.22
2025-07-14T21:51:53.764,0.43,0.92,0.47,40.41,32.8847,39.939,12.17,27.7,5,0.15,0.62
2025-07-14T21:51:54.764,0.79,0.71,-0.33,49.33,32.8727,39.9194,11.87,23.6,5,0.88,0.63
2025-07-14T21:51:55.767,0.55,-0.69,-0.17,107.7,32.8681,39.9171,11.52,15.2,2,0.61,0.85
2025-07-14T21:51:56.767,0.14,0.91,0.72,33.62,32.8835,39.9051,12.07,17.3,2,0.94,0.34
2025-07-14T21:51:57.768,0.47,-0.65,0.27,160.82,32.8581,39.9056,12.54,23.5,2,0.34,0.4
2025-07-14T21:51:58.770,-0.73,0.68,-0.26,261.7,32.859,39.9482,11.71,22.6,3,0.32,0.26
2025-07-14T21:51:59.770,0.87,-0.53,0.39,13.9,32.8718,39.9341,11.68,26,1,0.26,0.09
2025-07-14T21:52:00.770,0.79,0.65,0.51,329.23,32.8823,39.9133,11.59,24.7,4,0.05,0.49
2025-07-14T21:52:01.771,-0.02,0.71,-0.69,256.88,32.8736,39.913,12.31,21.5,1,0.94,0.93
2025-07-14T21:52:02.774,0.22,-0.14,0.78,297.39,32.8895,39.9011,12.11,15.5,1,0.25,0.3
2025-07-14T21:52:03.775,0.57,-0.03,-0.14,122.73,32.8686,39.9457,11.78,19.7,5,0.93,0.25
2025-07-14T21:52:04.775,0.23,0.26,0.13,298.27,32.88,39.9006,11.87,25.2,5,0.86,0.73
2025-07-14T21:52:05.777,-0.27,0.49,-0.82,188.27,32.883,39.9417,12.26,27.2,1,0.22,0.65
2025-07-14T21:52:06.778,0.57,-0.48,0.08,256.61,32.8933,39.9163,12.58,23.9,1,0.38,0.63
2025-07-14T21:52:07.779,-0.15,0.56,0.46,19.88,32.884,39.9246,11.91,24.3,5,0.27,0.89
2025-07-14T21:52:08.781,0.07,0.89,-0.23,60.74,32.8547,39.9326,11.59,23.5,5,0.73,0.87
2025-07-14T21:52:09.782,1,0.97,-0.96,310.01,32.8781,39.9286,11.92,21.6,5,0.83,0.37
2025-07-14T21:52:10.782,0.76,0.12,0.93,152.61,32.8926,39.9194,12.76,24.3,3,0.75,0.4
2025-07-14T21:52:11.783,-0.96,-0.6,-0.11,210.95,32.8645,39.9153,12.7,27.5,1,0.15,0.77
2025-07-14T21:52:12.784,-0.38,-0.3,-0.55,4.95,32.8935,39.9492,11.95,18.1,5,0.85,0.12
2025-07-14T21:52:13.785,0.84,-0.55,-0.65,215.93,32.8932,39.9256,12.17,19.6,3,0.97,0.36
2025-07-14T21:52:14.787,0.15,-0.26,0.79,16.17,32.8993,39.9193,11.57,18.4,3,0.98,0.6
2025-07-14T21:52:15.786,-0.76,0.19,0.44,298.49,32.863,39.9355,11.56,21.8,4,0.75,0.99
2025-07-14T21:52:16.787,-0.06,-0.32,0.96,63.02,32.8501,39.9125,11.68,20.4,1,0.82,0.03
2025-07-14T21:52:17.788,0.63,0.73,0.06,59.26,32.8964,39.9333,11.7,21.9,2,0.09,0.89
2025-07-14T21:52:18.789,-0.76,-0.42,-0.75,244.56,32.8856,39.907,12.46,21.3,5,0.05,0.56
2025-07-14T21:52:19.791,-0.15,-0.06,-0.98,166.23,32.87,39.9301,12.08,24.2,2,0.28,0.17
2025-07-14T21:52:20.792,-0.48,0.05,0.51,45.64,32.8976,39.9349,11.52,27.5,2,0.98,0.98
2025-07-14T21:52:21.792,0.41,-0.1,-0.96,344.07,32.8522,39.932,11.65,26.1,1,0.79,0.58
2025-07-14T21:52:22.793,-0.66,-0.74,-0.11,150.69,32.8683,39.9395,12.04,29.7,1,0.42,0.4
2025-07-14T21:52:23.793,0.86,-0.71,0.91,296.66,32.8584,39.9109,12.37,23.6,3,0.65,0.81
2025-07-14T21:52:24.794,-0.07,0.83,0.51,21.25,32.8641,39.9237,11.86,21.9,2,0,0.24
2025-07-14T21:52:25.797,-0.31,-0.67,-0.48,358.3,32.8934,39.9102,12.72,20.6,2,0.8,0.42
2025-07-14T21:52:26.795,0.99,0.32,-0.59,27.08,32.8701,39.9239,12.5,28.8,5,0.84,0.73
2025-07-14T21:52:27.797,-0.88,0.31,0.73,331.57,32.8672,39.9011,12.52,18,3,0.06,0.55
2025-07-14T21:52:28.798,-0.88,-0.84,0.75,140.04,32.8804,39.917,12.27,16.4,4,0.17,0.11
2025-07-14T21:52:29.798,-0.93,0.51,0.33,291.87,32.8552,39.9232,12.02,28.9,1,0.89,0.24
2025-07-14T21:52:30.800,-0.69,-0.07,0.74,322.92,32.8577,39.9331,12.47,19.3,4,0.52,0.9
2025-07-14T21:52:31.799,-0.75,-0.88,-0.41,275.49,32.8619,39.9284,12.23,16.6,5,0.16,0.83
2025-07-14T21:52:32.801,-0.73,0.92,0.61,141.57,32.8714,39.9334,11.72,26.8,1,0.01,0.29
2025-07-14T21:52:33.801,-0.59,0.9,-0.56,130.85,32.8639,39.9259,12.22,20,5,0.79,0.62
2025-07-14T21:52:34.801,-0.06,0.91,-0.86,300.36,32.8794,39.9111,11.88,19.8,2,0.59,0.75
2025-07-14T21:52:35.804,0.09,0.92,0.28,62.37,32.8685,39.9281,11.57,17.4,2,0.6,0.1
2025-07-14T21:52:36.806,0.56,0.98,-0.94,184.27,32.898,39.9145,12.56,26.4,4,0.66,0.83
2025-07-14T21:52:37.805,-0.89,-0.09,0.49,218.29,32.8713,39.9159,12.77,26.3,1,0.39,0.94
2025-07-14T21:52:38.807,0.87,0.11,0.25,73.14,32.8917,39.9393,12.42,20.9,2,0.45,0.03
2025-07-14T21:52:39.808,0.55,-0.17,-0.24,187.12,32.8967,39.9071,12.14,22.6,4,0.08,0.03
2025-07-14T21:52:40.810,0.36,0.48,-0.97,121.64,32.8871,39.9436,12.29,19.9,4,0.67,0.76
2025-07-14T21:52:41.812,0.56,-0.73,0.42,104.6,32.8778,39.9091,11.91,15.2,3,0.04,0.69
2025-07-14T21:52:42.813,0.01,-0.65,0.77,233.97,32.8589,39.949,12.29,17.4,2,0.67,0.52
2025-07-14T21:52:43.814,-0.25,0.2,0.87,8.26,32.8943,39.927,12.21,25.8,5,0.56,0.91
2025-07-14T21:52:44.819,0.81,0.43,0.54,100.67,32.8503,39.9232,12.73,17.6,3,0.03,0.96
2025-07-14T21:52:45.820,0.87,-0.02,0,159.33,32.8515,39.9214,11.73,17.8,4,0.41,0.7
2025-07-14T21:52:46.820,-0.72,-0.61,0.27,269.91,32.8624,39.9458,12.62,25.3,5,0.84,0.97
2025-07-14T21:52:47.822,0.63,0.6,0.86,200.62,32.8761,39.9055,11.82,19.5,5,0.41,0.98
2025-07-14T21:52:48.822,0.62,0.78,0.94,104.38,32.8779,39.9419,12.39,28.3,1,0.04,0.09
2025-07-14T21:52:49.823,0.28,-0.6,0.77,164.08,32.8502,39.9454,12.72,19.7,4,0.55,0.3
2025-07-14T21:52:50.825,0.96,0.15,-0.45,238.62,32.8744,39.9295,12.62,18.8,2,0.48,0.16
2025-07-14T21:52:51.825,-0.31,0.51,0.86,106.42,32.8942,39.9103,12.17,22,2,0.1,0.48
2025-07-14T21:52:52.826,-0.05,-0.66,-0.31,167.53,32.8578,39.9357,12.59,21.3,3,0.42,0.65
2025-07-14T21:52:53.827,-0.22,0.76,-0.93,129.29,32.8717,39.9212,12.63,22.6,4,0.82,0.57
2025-07-14T21:52:54.829,0.41,-0.51,-0.51,139.53,32.855,39.9431,11.76,29.2,2,0.2,0.64
2025-07-14T21:52:55.830,0.57,-0.61,-0.34,84.12,32.8929,39.9441,12.54,29.7,4,0.19,0.5
2025-07-14T21:52:56.831,0.07,-0.19,-0.36,211.09,32.8696,39.9392,11.78,28.4,1,0.1,0.59
2025-07-14T21:52:57.832,0.77,0.29,0.87,90.59,32.8925,39.9186,11.61,26.7,2,0.27,0.86
2025-07-14T21:52:58.833,0.76,-0.08,0.87,75.41,32.8805,39.9483,12,15.7,3,0.33,0.37
2025-07-14T21:52:59.834,0.45,0.62,-0.14,328.92,32.8634,39.9046,11.85,18.3,3,0.65,0.69
2025-07-14T21:53:00.835,-0.57,-0.45,0.43,159.17,32.8905,39.9277,12.79,27.7,3,0.44,0.19
2025-07-14T21:53:01.837,-0.8,0.58,0.03,217.17,32.8788,39.9234,12.34,17.8,1,0.57,0.7
2025-07-14T21:53:02.839,-0.21,-0.31,0.72,305.3,32.8757,39.9004,12.71,15,4,0.5,0.35
2025-07-14T21:53:03.841,-0.82,-0.18,-0.61,261.03,32.8981,39.9344,12.2,26.3,1,0.33,0.62
2025-07-14T21:53:04.840,0.14,-0.72,-0.04,87.25,32.8512,39.9263,12.69,20,3,0.68,0.72
2025-07-14T21:53:05.842,0.07,-0.38,0.93,185.99,32.8771,39.9302,11.65,26.5,3,0.01,0.91
2025-07-14T21:53:06.842,0.43,-0.51,0.22,74.68,32.8508,39.9352,11.52,16.1,3,0.9,0.74
2025-07-14T21:53:07.845,-0.69,-0.92,0.38,345.79,32.8843,39.9315,11.93,27.8,1,0.19,0.1
2025-07-14T21:53:08.846,0.72,0.4,0.74,239.4,32.8829,39.9286,12.08,18.3,4,0.06,0.27
2025-07-14T21:53:09.847,-0.44,0.67,-0.88,129.99,32.8958,39.9151,12.32,15,3,0.55,0.77
2025-07-14T21:53:10.847,0,-0.98,0.1,29.31,32.892,39.9309,12.16,18.3,2,0.87,0.75
2025-07-14T21:53:11.848,0.3,-0.57,-0.56,22.76,32.8969,39.9185,11.96,28,5,0.47,0.09
2025-07-14T21:53:12.850,0.28,-0.22,-0.13,169.32,32.8957,39.9217,11.55,23.8,1,0.75,0.16
2025-07-14T21:53:13.851,-0.98,-0.93,-0.01,6.3,32.8608,39.9338,11.76,21.4,2,0.1,0.73
2025-07-14T21:53:14.854,0.85,0.8,0.62,28.12,32.8927,39.9028,12.5,28.4,1,0.34,0.84
2025-07-14T21:53:15.854,0.5,-0.41,-0.45,16.19,32.8631,39.9382,12.1,17.4,1,0.36,0.35
2025-07-14T21:53:16.854,0.49,0.13,-0.37,6.87,32.8913,39.9307,11.87,29.1,2,0.34,0.53
2025-07-14T21:53:17.856,-0.6,-0.38,0.94,259.76,32.8747,39.9402,12.7,23.3,4,0.52,0.16
2025-07-14T21:53:18.856,0.13,0.35,-0.86,211.77,32.8918,39.9018,12.51,18.3,3,0.39,0.37
2025-07-14T21:53:19.859,0.6,0.07,-0.03,333.98,32.8752,39.9355,12.74,17.1,3,0.94,0.79
2025-07-14T21:53:20.859,0.57,0.44,-0.97,197.83,32.8527,39.9048,12.56,26.7,4,0.14,0.34
2025-07-14T21:53:21.859,0.67,-0.46,-0.01,112.17,32.8882,39.9354,12.03,29.8,5,0.13,0.57
2025-07-14T21:53:22.860,0.67,-0.16,0.1,341.46,32.8526,39.9199,12.66,23.4,5,0.23,0.19
2025-07-14T21:53:23.863,-0.42,-0.96,-0.94,28.01,32.8711,39.9333,11.88,25.1,1,0.46,0.1
2025-07-14T21:53:24.863,0.1,0.15,0.7,138.29,32.8796,39.9306,12.71,21.2,2,0.36,0
2025-07-14T21:53:25.865,0.34,-0.19,-0.36,231.43,32.8789,39.9261,12.35,25,4,0.79,0.07
2025-07-14T21:53:26.874,-0.98,0.94,-0.1,219.91,32.9,39.9364,12.6,25.1,1,0.74,0.3
2025-07-14T21:53:27.867,-0.9,-0.57,-0.61,12.78,32.896,39.9475,11.66,15.4,2,0.52,0.63
2025-07-14T21:53:28.870,-0.59,0.78,0.71,255.73,32.8833,39.9453,11.55,27.1,1,0.45,0.18
2025-07-14T21:53:29.870,0.75,0.28,0.8,183.1,32.8975,39.9194,12.56,26.9,5,0.83,0.51
2025-07-14T21:53:30.874,0.49,-0.48,-0.87,71.43,32.8793,39.9381,12.26,16,4,0.91,0.27
2025-07-14T21:53:31.874,0.91,0.64,-0.36,224.76,32.8741,39.9079,12.63,15.8,1,0.64,0.17
2025-07-14T21:53:32.874,0.14,-0.1,0.83,130.54,32.8642,39.9283,12.69,24.7,4,0.93,0.96
2025-07-14T21:53:33.876,-0.97,-0.53,-0.96,104.8,32.8833,39.9095,11.89,19.5,3,0.76,0.08
2025-07-14T21:53:34.876,0.73,0.4,-0.6,239.97,32.86,39.934,12.47,28.6,1,0.42,0.75
2025-07-14T21:53:35.878,-0.93,-0.59,0.88,64.54,32.856,39.9406,11.79,20.3,4,0.82,0.04
2025-07-14T21:53:36.880,0.01,-0.6,0.81,270.43,32.8863,39.9028,12.74,21.8,1,0.14,0.32
2025-07-14T21:53:37.880,-0.18,0.58,-0.6,45.84,32.8865,39.9059,12.52,26.3,1,0.32,0.42
2025-07-14T21:53:38.882,-0.19,0.82,-0.25,125.4,32.8631,39.9273,11.66,27.8,5,0.21,0.22
2025-07-14T21:53:39.883,-0.43,0.7,0.24,229.58,32.8669,39.9402,11.53,17,5,0.79,0.64
2025-07-14T21:53:40.884,0.52,-0.56,-0.82,315.7,32.8637,39.9207,11.95,29.3,5,0.97,0.78
2025-07-14T21:53:41.885,-0.27,-0.03,0.51,207.97,32.8514,39.9193,12.77,29.6,4,0.82,0.08
2025-07-14T21:53:42.887,-0.25,-0.45,0.59,202.97,32.8864,39.9441,12.63,24,5,0.66,0.27
2025-07-14T21:53:43.888,0.43,-0.78,-0.38,308.74,32.8523,39.9166,12.01,27,5,0.8,0.9
2025-07-14T21:53:44.888,-0.05,-0.61,-0.08,118.98,32.8654,39.9366,12.51,20.3,3,0.1,0.33
2025-07-14T21:53:45.890,-0.46,-0.69,0.64,319.46,32.8754,39.9188,11.83,16.2,3,0.09,0.6
2025-07-14T21:53:46.891,0.46,-0.87,-0.66,166.99,32.8912,39.9489,12.37,23.9,3,0.79,0.29
2025-07-14T21:53:47.891,-0.16,0.4,-0.85,353.86,32.8663,39.919,11.86,26.9,4,0.29,0.72
2025-07-14T21:53:48.891,0.58,-0.25,-0.83,245.84,32.8703,39.9247,12.43,18.6,5,0.75,0.48
2025-07-14T21:53:49.893,-0.93,-0.37,0.82,60.63,32.8791,39.9338,11.72,25.1,2,0.42,0.17
2025-07-14T21:53:50.893,-0.72,-0.52,-0.23,154.51,32.8811,39.9057,12.41,20,2,0.26,0.15
2025-07-14T21:53:51.895,-0.29,0.19,-0.2,98.73,32.8802,39.9425,12.34,25.4,4,0.27,0.81
2025-07-14T21:53:52.895,-0.86,0.06,-0.73,141.95,32.8757,39.9132,11.54,15.7,2,0.98,1
2025-07-14T21:53:53.903,0.89,0.09,0.74,89.62,32.8569,39.9026,12.63,24.3,4,0.05,0.06
2025-07-14T21:53:54.899,0.99,-0.79,0.25,168.37,32.898,39.9089,11.79,21.5,3,0.86,0.37
2025-07-14T21:53:55.901,0.98,0.35,-0.49,144.5,32.885,39.9131,12.35,15.8,4,0.1,0.06
2025-07-14T21:53:56.902,-0.51,-0.58,-0.68,164.07,32.8968,39.9016,12.13,27.2,2,0.15,0.56
2025-07-14T21:53:57.903,-0.31,-0.57,-0.88,13.79,32.8819,39.9148,12.15,19.2,4,0.7,0.65
2025-07-14T21:53:58.904,0.58,0.65,0.02,6.93,32.8814,39.9202,11.97,22.3,5,0.35,0.91
2025-07-14T21:53:59.905,0.79,0.44,-0.98,180.24,32.8781,39.9429,12.78,26.3,2,0.45,0.04
2025-07-14T21:54:00.906,0.62,0.76,-0.39,60.98,32.892,39.9347,11.53,18.4,4,0.09,0.87
2025-07-14T21:54:01.908,-0.08,0.47,-0.31,192.21,32.8678,39.9031,12.74,23.3,4,0.03,0.98
2025-07-14T21:54:02.908,0.38,0.15,0.89,293.95,32.8909,39.9282,11.96,27.9,3,0.48,0.82
2025-07-14T21:54:03.908,0.27,-0.69,0.27,228.49,32.8682,39.903,11.96,17.4,1,0.4,0.08
2025-07-14T21:54:04.910,-0.82,-0.03,0.35,13.11,32.8505,39.9107,12.07,29.8,3,0.92,0.87
2025-07-14T21:54:05.910,0.23,-0.9,-1,211.38,32.8652,39.9419,11.66,25.6,1,0.5,0.64
2025-07-14T21:54:06.912,-0.62,-0.18,-0.73,136.99,32.8808,39.9487,11.63,19.8,2,0.26,0.49
2025-07-14T21:54:07.913,0.02,0.87,-0.7,205.22,32.859,39.9243,12.32,27.4,5,0.39,0.95
2025-07-14T21:54:08.914,0.63,0.62,-0.64,204.48,32.8956,39.9445,11.59,26.3,3,0.45,0.5
2025-07-14T21:54:09.916,-0.42,-0.6,0.28,250.71,32.855,39.9303,11.92,26,5,0.98,0.7
2025-07-14T21:54:10.917,0.16,0.48,-0.05,132.08,32.861,39.9309,12.65,19.2,1,0.61,0.04
2025-07-14T21:54:11.918,-0.32,0.82,-0.38,89.8,32.8664,39.9364,12.34,20.2,5,0.6,0.37
2025-07-14T21:54:12.919,-0.61,0.34,-0.43,172.21,32.8829,39.9376,11.76,22.3,1,0.88,0.43
2025-07-14T21:54:13.921,0.47,-0.62,-0.65,30.42,32.8512,39.9144,12.04,15.6,4,0.18,0.14
2025-07-14T21:54:14.923,0.6,0.46,0.92,215.36,32.8917,39.9134,12.3,17.9,1,0.66,0.97
2025-07-14T21:54:15.923,-0.03,-0.34,0.96,356.77,32.8553,39.9236,11.91,17.2,5,0.12,0.11
2025-07-14T21:54:16.924,-0.95,-0.1,-0.46,85.19,32.853,39.92,12.59,20.1,3,0.97,0.96
2025-07-14T21:54:17.925,-0.17,0.9,0.56,106.07,32.8615,39.904,12.51,25.8,2,0.47,0.15
2025-07-14T21:54:18.927,0.09,-0.67,0.09,185.14,32.8503,39.9083,12.03,16.9,3,0.37,0.38
2025-07-14T21:54:19.927,-0.53,-0.26,0.66,204.68,32.8942,39.9207,12.52,16.1,5,0.91,0.46
2025-07-14T21:54:20.929,-0.29,0.26,-0.23,62.94,32.8674,39.9374,12.15,20.9,4,0.87,0.24
2025-07-14T21:54:21.931,0.47,0.62,-0.86,145.7,32.8824,39.921,11.69,27.2,3,0.27,0.23
2025-07-14T21:54:22.931,0.1,-0.64,0.52,253.03,32.8544,39.915,11.85,15.2,1,0.96,0.38
2025-07-14T21:54:23.932,0.19,0.44,-0.39,322.33,32.8575,39.9321,12.77,24.1,4,0.1,0.88
2025-07-14T21:54:24.934,-0.66,-0.42,0.73,286.43,32.8875,39.9402,11.93,18.3,5,0.6,0.87
2025-07-14T21:54:25.936,-0.29,0.67,-0.58,264.18,32.8977,39.9404,12.39,23.2,2,0.89,0.16
2025-07-14T21:54:26.936,0.11,0.37,-0.14,19.44,32.8802,39.9085,12.12,22.5,5,0.34,0.72
2025-07-14T21:54:27.937,-0.85,-0.72,-0.95,308.64,32.893,39.9384,11.79,29.3,3,0.41,0.72
2025-07-14T21:54:28.939,-0.7,0.22,0.6,160.41,32.877,39.9291,12.75,25.8,5,0.8,0.77
2025-07-14T21:54:29.942,0.22,0.82,0.84,23.08,32.8513,39.9373,12.51,24.6,5,0.06,0.93
2025-07-14T21:54:30.942,0.1,0.82,0.52,130.6,32.8575,39.9459,12.76,22.5,4,0.07,0.09
2025-07-14T21:54:31.942,-0.99,0.61,-0.71,33.22,32.8556,39.9365,11.54,26.9,2,0.86,0.1
2025-07-14T21:54:32.945,-0.71,-0.27,0.07,286.36,32.8862,39.9368,11.84,23.2,4,0.89,0.29
2025-07-14T21:54:33.947,-0.37,-0.84,-0.36,326.55,32.8817,39.9046,12.73,16.2,3,0.58,0.05
2025-07-14T21:54:34.946,0.52,0.16,0.16,330.66,32.8663,39.9304,11.64,27.3,5,0.65,0.09
2025-07-14T21:54:35.946,-0.29,-0.78,-0.15,324.18,32.8917,39.942,12.52,27.7,4,0.32,0.22
2025-07-14T21:54:36.947,-0.83,0.03,0.75,155.55,32.8556,39.929,11.79,27.5,5,0.77,0.34
2025-07-14T21:54:37.949,0.66,0.54,0.77,297.99,32.8749,39.9462,12.37,26.1,1,0.14,0.98
2025-07-14T21:54:38.951,0.74,0.94,-0.85,126.39,32.8801,39.9431,11.82,18.7,4,0.57,0.62
2025-07-14T21:54:39.952,0.51,-0.29,0.87,358.13,32.8942,39.9007,12.09,17.2,5,0.54,0.63
2025-07-14T21:54:40.952,-0.2,0.01,-0.02,9.69,32.8836,39.9474,12.07,19.5,5,0.77,0.43
2025-07-14T21:54:41.954,-0.77,-0.96,0.25,49.41,32.8933,39.9115,12.79,23.8,1,0.62,0.68
2025-07-14T21:54:42.956,0.52,0.55,-0.35,145.75,32.8922,39.932,12.49,15.4,5,0.29,0.41
2025-07-14T21:54:43.957,0.52,-0.96,0.38,326.64,32.8901,39.9052,11.78,16.9,1,0.45,0.87
2025-07-14T21:54:44.959,-0.92,0.22,0.93,274.6,32.8817,39.93,11.51,28,2,0.84,0.29
2025-07-14T21:54:45.959,0.09,-0.6,-0.33,170.22,32.8901,39.9482,11.76,23.3,5,0.97,0.19
2025-07-14T21:54:46.962,-0.39,-0.34,-0.56,330.98,32.8525,39.9094,12.15,15.1,4,0.18,0.35
2025-07-14T21:54:47.962,-0.39,-0.1,-0.76,357.29,32.8756,39.9044,12.72,22.1,3,0.56,0.65
2025-07-14T21:54:48.963,-0.75,0.01,0.16,139.3,32.8756,39.9312,11.65,26.6,3,0.04,0.24
2025-07-14T21:54:49.965,0.93,0.08,-0.67,222.31,32.8807,39.9408,12.79,29.1,5,0.48,0.73
2025-07-14T21:54:50.964,-0.8,-0.59,0.96,139.55,32.851,39.9269,12.21,16.6,2,0.68,0.34
2025-07-14T21:54:51.967,-0.08,-0.67,0.8,48.51,32.8896,39.928,11.91,23.5,4,0.75,0.27
2025-07-14T21:54:52.969,0.6,-0.79,0.01,205.73,32.8615,39.9015,12.55,23.8,4,0.89,0.54
2025-07-14T21:54:53.968,0.63,0.99,0.3,129.84,32.8874,39.9118,11.88,16.2,3,0.04,0.74
2025-07-14T21:54:54.969,-0.79,0.49,-0.32,220.81,32.8586,39.9103,12.71,26.8,2,0.8,0.87
2025-07-14T21:54:55.971,0.27,0.38,-0.14,249.76,32.8956,39.9178,11.69,15.7,2,0.18,0.11
2025-07-14T21:54:56.972,-0.54,-0.88,0.44,352.08,32.8902,39.9001,11.53,20.9,4,0.15,0.26
2025-07-14T21:54:57.973,0.09,0.06,-0.68,99.79,32.8717,39.9329,12.8,19.8,2,0.96,0.71
2025-07-14T21:54:58.974,-0.26,-0.07,0.76,193.49,32.8999,39.9177,11.56,22.7,2,0.52,0.83
2025-07-14T21:54:59.976,-0.66,0.87,-0.26,0.35,32.8982,39.9429,12.33,18.6,4,0.07,0.68
2025-07-14T21:55:00.976,0.86,-0.69,0.29,22.32,32.8997,39.9021,12.59,22.9,3,0.76,0.32
2025-07-14T21:55:01.978,0.32,-0.03,-0.44,188.42,32.8756,39.928,12.6,25.8,1,0.64,0.55
2025-07-14T21:55:02.980,-0.19,0.12,0.36,324.54,32.8737,39.9453,11.69,22.5,2,0.62,0.24
2025-07-14T21:55:03.980,0.92,-0.35,0.53,253.45,32.8796,39.9099,11.84,21.8,3,0.44,0.56
2025-07-14T21:55:04.981,0.6,0.64,-0.67,66.67,32.8774,39.9449,12.33,15.4,4,0.04,0.38
2025-07-14T21:55:05.981,0.42,0.94,0.85,188.06,32.8564,39.9375,11.74,16.3,1,0.98,0.52
2025-07-14T21:55:06.983,0.2,-0.57,0.01,197.99,32.8612,39.9475,12.79,17.9,4,0.14,0.6
2025-07-14T21:55:07.984,0.93,0.8,-0.03,156.94,32.8704,39.9254,12.69,26.9,5,0.53,0.27
2025-07-14T21:55:08.985,-0.99,-0.91,0.17,234.55,32.887,39.909,11.8,29.2,3,0.22,0.66
2025-07-14T21:55:09.985,-0.91,-0.17,-0.67,352.14,32.876,39.9021,12.5,27.6,2,0.25,0.68
2025-07-14T21:55:10.987,0.68,0.77,0.51,298.93,32.8881,39.9434,12.31,23.6,3,0.83,0.58
2025-07-14T21:55:11.988,0.06,0.15,-0.68,298.04,32.8704,39.9019,12.15,18.6,5,1,0.43
2025-07-14T21:55:12.990,0.31,0.38,0.82,257.68,32.8556,39.9019,11.91,24.2,1,0.54,0.64
2025-07-14T21:55:13.992,0.28,-0.81,-0.47,79.18,32.8563,39.9308,12.58,22.6,2,0.79,0.32
2025-07-14T21:55:14.992,0.34,0.15,-0.69,13.89,32.8882,39.9186,11.55,26.2,1,0.67,0.15
2025-07-14T21:55:15.998,0.2,-0.75,-0.92,54.95,32.8893,39.9363,12.01,23.8,2,0.08,0.76
2025-07-14T21:55:16.994,-0.14,-0.63,0.45,20.21,32.8523,39.9144,12.73,28.3,3,0.79,0.95
2025-07-14T21:55:17.995,0.98,0.77,-0.75,148.25,32.8804,39.9492,11.52,26,4,0.3,0.18
2025-07-14T21:55:18.997,-0.1,0.88,-0.32,332.76,32.8845,39.9162,11.9,22.5,5,0.23,0.23
2025-07-14T21:55:19.998,0.23,-0.74,0.7,271,32.8854,39.9085,11.57,28.2,4,0.59,0.3
2025-07-14T21:55:20.999,-0.93,0.41,-0.44,162.5,32.8593,39.9401,11.59,28.4,1,0.13,0.35
2025-07-14T21:55:22.000,-0.29,-0.35,0.21,165.32,32.8761,39.9397,12.56,19.9,4,0.35,0.39
2025-07-14T21:55:23.004,-0.48,-0.97,-0.46,234.41,32.8794,39.9368,11.7,29.3,5,0.63,0.48
2025-07-14T21:55:24.001,-0.77,0.23,0.55,199.1,32.8505,39.9355,12.17,20.8,2,0.99,0.79
2025-07-14T21:55:25.003,0.46,0.2,-0.24,276.25,32.8873,39.9134,12.67,19.1,1,0.12,0.57
2025-07-14T21:55:26.004,0.63,-0.18,-0.7,177.4,32.8669,39.929,11.71,25.9,4,0.72,0.87
2025-07-14T21:55:27.005,0.57,-0.61,0.48,268.63,32.8704,39.9105,12.54,24.6,5,0.91,0.18
2025-07-14T21:55:28.006,-0.26,-0.45,-0.93,309.07,32.8928,39.9262,11.97,18,1,0.2,0.21
2025-07-14T21:55:29.007,-0.56,0.31,0.62,11.2,32.881,39.9262,11.61,23.4,5,0.1,0.32
2025-07-14T21:55:30.009,-0.72,0.28,0.85,208.16,32.8651,39.9036,12.41,18.9,1,0.94,1
2025-07-14T21:55:31.014,-0.15,-0.01,0.26,343.25,32.8525,39.9017,11.55,24.1,4,0.61,0.48
2025-07-14T21:55:32.014,-0.32,0.76,0.99,254.87,32.8922,39.9076,12.46,17.5,5,0.27,0.02
2025-07-14T21:55:33.014,-0.49,0.82,0.37,177.42,32.8806,39.9123,12.16,27.7,5,0.14,0.59
2025-07-14T21:55:34.014,-0.93,0.25,0.56,205.02,32.8674,39.9373,12.13,19.8,3,0.12,0.03
2025-07-14T21:55:35.016,0.88,-0.1,-0.09,166.34,32.8754,39.9271,12.03,23.3,3,0.23,0.32
2025-07-14T21:55:36.016,-0.49,0.42,0.68,117.17,32.8714,39.9355,12.8,18.5,5,0.21,0.56
2025-07-14T21:55:37.018,0.06,-0.66,-0.25,122.17,32.8541,39.9454,12.02,16,4,0.24,0.71
2025-07-14T21:55:38.020,-0.88,-0.76,0.29,266.17,32.8899,39.9168,11.77,24.7,5,0.02,0.49
2025-07-14T21:55:39.032,0.12,-0.1,0.38,204.49,32.8664,39.9443,12.7,27.6,3,0.57,0.52
2025-07-14T21:55:40.021,-0.26,-0.42,-0.33,284.9,32.884,39.9315,12.74,23,5,0.73,0.81
2025-07-14T21:55:41.024,-0.91,-0.56,0.71,50.03,32.8585,39.9186,12.65,29.6,4,0.49,0.51
2025-07-14T21:55:42.024,0.75,-0.08,-0.46,231.94,32.8879,39.9037,12.5,23.2,4,0.59,0.9
2025-07-14T21:55:43.026,-0.1,0.01,0.58,277.91,32.8766,39.9152,12.27,29.5,5,0.64,0.05
2025-07-14T21:55:44.028,-0.87,0.46,0.56,33.68,32.8786,39.9208,12.05,28.7,4,0.01,0.02
2025-07-14T21:55:45.028,-0.71,0.3,-0.13,313.68,32.8923,39.9388,12.13,15.8,3,0.24,0.66
2025-07-14T21:55:46.028,0.37,0.54,-0.41,359.78,32.8744,39.9419,11.86,16.6,3,0.57,0.84
2025-07-14T21:55:47.029,0.73,-0.29,-0.07,37.93,32.8871,39.9493,12.28,20.5,1,0.04,0.66
2025-07-14T21:55:48.030,-0.05,-0.81,0.67,26.33,32.88,39.9064,11.91,16.1,4,0.02,0.94
2025-07-14T21:55:49.032,-0.38,-0.15,-0.15,336.43,32.8615,39.9049,12.07,25.6,5,0.24,0.21
2025-07-14T21:55:50.033,-0.73,-0.34,0.06,95.39,32.8646,39.9155,12.18,27.1,3,0.83,0.54
2025-07-14T21:55:51.033,0.96,-0.64,0.69,313.1,32.8611,39.9078,11.65,21.2,1,0.97,0.11
2025-07-14T21:55:52.034,0.9,0.14,-0.53,92.78,32.8728,39.9239,12.09,21.5,3,0.99,0.72
2025-07-14T21:55:53.036,-0.6,-0.1,-0.68,154.54,32.8999,39.9049,12.41,19.6,5,0.06,0.37
2025-07-14T21:55:54.036,0.02,-0.18,-0.84,313.7,32.8725,39.9169,12.57,23.3,3,0.9,0
2025-07-14T21:55:55.040,-0.23,0.39,-0.72,137.67,32.8929,39.9422,11.58,28,5,0.19,0.85
2025-07-14T21:55:56.040,0.96,-0.6,-0.55,60.03,32.8804,39.9392,11.54,26.2,4,0.97,0.44
2025-07-14T21:55:57.042,0.37,0.79,0.96,144.26,32.8875,39.9291,12.62,24.5,4,0.37,0.26
2025-07-14T21:55:58.043,-0.38,-0.8,-0.91,37.32,32.8771,39.9307,11.77,26.6,5,0.28,0.53
2025-07-14T21:55:59.044,0.18,-0.14,-0.85,47.84,32.8672,39.9348,12.25,17.3,2,0.52,0.56
2025-07-14T21:56:00.045,-0.35,0.75,-0.39,77.31,32.8873,39.9031,12.28,27,5,0.02,0.08
2025-07-14T21:56:01.046,-0.05,-0.07,0.17,168.96,32.8939,39.9121,12.05,18.8,4,0.47,0.15
2025-07-14T21:56:02.047,0.36,-0.67,-0.5,99.12,32.8931,39.9022,11.93,19.7,2,0.91,0.37
2025-07-14T21:56:03.048,-0.32,-0.04,0.59,187.19,32.8806,39.9044,11.62,29.3,3,0.01,0.19
2025-07-14T21:56:04.049,0.51,0.75,-0.05,27.5,32.8798,39.9386,12.77,28.7,3,0.08,0.19
2025-07-14T21:56:05.052,-0.6,-0.13,-0.07,165.64,32.8699,39.9379,12.29,24.3,4,0.04,0.98
2025-07-14T21:56:06.055,-0.75,0.25,0.94,30.95,32.8773,39.9341,11.91,23.7,2,0.64,0.36
2025-07-14T21:56:07.053,-0.67,0.47,-0.11,277.12,32.8634,39.9252,12.16,29.9,1,0.91,0.92
2025-07-14T21:56:08.054,0.88,0.87,0.9,255.75,32.854,39.9281,11.74,18.3,3,0,0.22
2025-07-14T21:56:09.056,-0.26,-0.7,0,151.15,32.8742,39.9079,11.66,27.5,1,0.19,0.06
2025-07-14T21:56:10.055,-0.53,0.9,0.45,91.32,32.8672,39.9429,11.83,29.6,5,0.51,0.58
2025-07-14T21:56:11.057,0.61,-0.96,0.54,55.89,32.854,39.9296,12.56,15.3,4,0.87,0.8
2025-07-14T21:56:12.057,0.89,0.89,-0.35,137.33,32.88,39.9354,11.87,17.7,1,0.22,0.25
2025-07-14T21:56:13.060,-0.14,0.33,0.58,52.94,32.8798,39.9128,12.31,17.9,4,0.14,0.18
2025-07-14T21:56:14.062,0.89,-0.36,-0.89,75.63,32.8639,39.9213,11.91,15.5,1,0.06,0.48
2025-07-14T21:56:15.063,-0.24,0.42,0.09,81.26,32.8803,39.9301,11.64,28.9,4,0.46,0.39
2025-07-14T21:56:16.064,0.15,0.95,-0.56,312.49,32.8686,39.9189,12.51,21.1,2,0.12,0.88
2025-07-14T21:56:17.064,-0.81,0.7,-0.14,298.56,32.8674,39.9373,11.57,16.2,4,0.16,0.7
2025-07-14T21:56:18.066,0.77,0.07,-0.22,68.26,32.8624,39.9224,12.08,22.9,3,0.16,0.69
2025-07-14T21:56:19.068,0.67,0.22,0.61,226.54,32.8713,39.9498,11.89,15.2,1,0.01,0.91
2025-07-14T21:56:20.069,-0.9,0.91,-0.24,349.95,32.8641,39.916,11.74,17.1,1,0.46,0.5
2025-07-14T21:56:21.071,-0.99,0.66,-0.6,310.19,32.8722,39.9235,12,26.4,1,0.09,0.16
2025-07-14T21:56:22.070,-0.91,0.17,-0.9,232.21,32.882,39.9482,12.46,27,1,0.33,0.62
2025-07-14T21:56:23.076,0.93,0.77,-0.13,298.11,32.8575,39.9443,12.54,19.2,2,0.5,0.48
2025-07-14T21:56:24.073,-0.54,-0.78,0.6,176.62,32.8523,39.9478,12.76,16.9,4,0.06,0.17
2025-07-14T21:56:25.075,-0.9,-0.47,0.89,80.99,32.8637,39.9157,11.97,26,1,0.22,0.91
2025-07-14T21:56:26.076,0.88,-0.24,0.16,118.41,32.8819,39.905,11.58,26.2,3,0.6,0.38
2025-07-14T21:56:27.075,0.69,-0.26,0.85,91.51,32.8537,39.9101,12.01,24.4,2,0.64,0.59
2025-07-14T21:56:28.083,0.5,-0.01,0.55,177.35,32.8576,39.9073,12.04,15.1,5,1,0.24
2025-07-14T21:56:29.076,0.41,-0.32,0.13,85.03,32.861,39.9355,12.01,18.4,1,0.38,0.76
2025-07-14T21:56:30.077,0.97,-0.57,0.96,158.07,32.8888,39.9262,12.76,28.3,4,0.83,0.6
2025-07-14T21:56:31.078,0.17,0.95,-0.12,307.76,32.8888,39.9185,11.67,22,3,0.37,0.78
2025-07-14T21:56:32.083,-0.29,-0.75,-0.54,224.68,32.8563,39.9072,12.19,17.5,3,0.02,0.28
2025-07-14T21:56:33.084,0.53,-0.62,-0.34,327.16,32.8732,39.9185,12.76,21.6,5,0.62,0.25
2025-07-14T21:56:34.084,-0.02,0.39,-0.47,262.47,32.8881,39.909,11.96,26.3,4,0.54,0.13
2025-07-14T21:56:35.085,-0.38,0.81,0.2,259.21,32.8982,39.9041,12.65,25.9,2,0.66,0.44
2025-07-14T21:56:36.086,0.06,-0.11,-0.67,351.47,32.8716,39.9288,11.61,17.5,4,0.19,0.45
2025-07-14T21:56:37.086,0.48,0.14,-0.68,284.91,32.8931,39.9279,11.9,21.6,5,0.69,0.77
2025-07-14T21:56:38.088,-0.93,0.95,0.8,41.41,32.8614,39.9312,11.51,18.8,4,0.31,0.85
2025-07-14T21:56:39.090,0.17,-0.26,-0.79,312.35,32.8581,39.9027,11.76,18.2,1,0.18,0.62
2025-07-14T21:56:40.090,0.99,0.87,-0.26,344.38,32.8872,39.9308,12.68,22,2,0.57,0.92
2025-07-14T21:56:41.093,-0.72,0.22,-0.98,37.5,32.8686,39.9272,11.54,21.7,5,0.8,0.85
2025-07-14T21:56:42.094,0.32,-0.85,-0.38,337.32,32.8749,39.9354,11.55,29.1,5,0.08,0.9
2025-07-14T21:56:43.096,-0.86,0.42,-0.22,347.08,32.891,39.9083,12.09,17.2,2,0.35,0.15
2025-07-14T21:56:44.098,-0.12,0.74,1,281.17,32.8664,39.9212,12.54,17.1,5,0.56,0.34
2025-07-14T21:56:45.098,0.88,0.68,-0.09,269.95,32.8947,39.9163,12.48,22.2,3,0.59,0.21
2025-07-14T21:56:46.098,0.63,0.77,0.66,155,32.8956,39.9141,12.74,26.9,4,0.23,0.62
2025-07-14T21:56:47.098,-0.99,0.13,-0.49,169.11,32.8869,39.9267,11.96,22.1,2,0.52,0.53
2025-07-14T21:56:48.101,-0.88,-0.17,0.35,108.59,32.8909,39.9148,12.23,22.5,3,0,0.7
2025-07-14T21:56:49.101,-0.13,-0.34,0.98,185.42,32.8535,39.9473,12.23,18.4,2,0.5,0.73
2025-07-14T21:56:50.103,-0.91,0.53,-0.57,199.82,32.8946,39.925,12.16,25.8,2,0.82,0.75
2025-07-14T21:56:51.104,0.77,-0.86,0.64,120.52,32.8689,39.9487,12.28,26.7,2,0.13,0.11
2025-07-14T21:56:52.104,0.86,0.6,0.35,65.82,32.8535,39.9035,11.63,22.1,2,0.55,0.5
2025-07-14T21:56:53.106,0.51,0.83,-0.34,111.72,32.8763,39.9055,11.59,17.3,3,0.84,0.51
2025-07-14T21:56:54.116,-0.06,-0.15,-0.26,355.6,32.863,39.9214,12.72,17.6,3,0.37,0.72
2025-07-14T21:56:55.109,-0.37,0.78,0.78,300.35,32.8622,39.9368,12.66,19.3,3,0.68,0.46
2025-07-14T21:56:56.107,0.42,-0.92,-0.66,107.24,32.8953,39.9292,12.76,25.4,2,0.44,0.96
2025-07-14T21:56:57.109,0,0.49,0.05,1.57,32.8902,39.9339,11.85,17.3,3,0.42,0.02
2025-07-14T21:56:58.110,-0.22,0.4,-0.99,176.59,32.8724,39.9468,12.04,24.8,1,0.6,0.89
2025-07-14T21:56:59.111,-0.56,-0.4,0.35,79.52,32.8789,39.9226,11.74,29,3,0.74,0.1
2025-07-14T21:57:00.111,0.88,0.49,0.68,255.2,32.8903,39.9161,12.33,23.7,2,0.2,0.26
2025-07-14T21:57:01.112,0.89,0.12,-0.51,339.15,32.8885,39.9304,12.01,22.5,4,0.29,0.82
2025-07-14T21:57:02.113,-0.89,0.85,0.5,136.1,32.8527,39.9169,12.11,21,5,0.85,0.4
2025-07-14T21:57:03.114,0.81,-0.19,-0.9,264.93,32.89,39.9225,12.13,19.1,4,0.73,0.07
2025-07-14T21:57:04.114,-0.49,-0.31,-0.74,316.03,32.8832,39.9187,12.18,27.3,5,0.42,0.36
2025-07-14T21:57:05.116,0.06,0.17,-0.05,270.83,32.8717,39.9043,12.16,21.3,5,0.36,0.08
2025-07-14T21:57:06.117,-0.42,-0.04,-0.87,52.17,32.8551,39.908,12.13,25.3,1,0.13,0.4
2025-07-14T21:57:07.118,0.28,-0.24,-0.11,35.05,32.8658,39.938,11.93,29,2,1,0.46
2025-07-14T21:57:08.121,0.56,-0.42,0.62,310.68,32.896,39.9146,12.6,19.5,2,0.88,0.98
2025-07-14T21:57:09.121,0.76,-0.41,-0.11,103.37,32.8828,39.9353,12.32,15.9,4,0.09,0.53
2025-07-14T21:57:10.120,1,-0.22,-0.25,39.43,32.8947,39.9374,12.69,24.8,5,0.84,0.23
2025-07-14T21:57:11.122,-0.32,0.48,-0.2,349.22,32.8575,39.9448,12.63,19.4,5,0.57,0.66
2025-07-14T21:57:12.123,0.05,-0.91,0.94,280.21,32.858,39.9015,12.43,29.2,1,0.85,0.48
2025-07-14T21:57:13.124,0.28,0.49,-0.97,174.14,32.868,39.9452,11.54,27.4,3,0.94,0.89
2025-07-14T21:57:14.125,-0.34,0.26,-0.9,14.35,32.8997,39.9234,12.19,19.2,1,0.83,0.49
2025-07-14T21:57:15.127,-0.16,-0.32,0.67,26.54,32.8771,39.909,11.57,17.8,3,0.68,0.41
2025-07-14T21:57:16.127,0.58,0,0.6,130.21,32.8715,39.9235,11.82,19.8,5,0.55,0.34
2025-07-14T21:57:17.127,0.18,-0.94,0.87,212.69,32.8806,39.9091,11.89,28.8,4,0.58,0.5
2025-07-14T21:57:18.128,-0.52,0.58,0.63,111.37,32.8557,39.9345,11.92,22.4,2,0.75,0.48
2025-07-14T21:57:19.130,-0.15,0.88,0.69,154.01,32.8993,39.9247,12.19,26.7,1,0.07,0.02
2025-07-14T21:57:20.131,0.77,0.94,0.33,192.84,32.8937,39.9493,12.41,23.2,2,0.5,0.8
2025-07-14T21:57:21.132,0.45,0.79,-0.66,358.85,32.8745,39.9253,12.59,26.5,2,0.81,0.97
2025-07-14T21:57:22.133,-0.98,0.55,-0.54,188.88,32.8921,39.936,12.55,27.9,3,0.2,0.49
2025-07-14T21:57:23.135,-0.27,-0.86,-0.22,89.7,32.8736,39.9053,12.75,22.9,5,0.9,0.68
2025-07-14T21:57:24.134,-0.87,0.78,-0.93,343.03,32.892,39.9149,11.7,19.7,4,0.05,0.37
2025-07-14T21:57:25.136,0.42,-0.95,-0.26,175.4,32.8548,39.937,11.5,20.2,2,0.15,0.42
2025-07-14T21:57:26.137,0.5,-0.63,0.86,177.13,32.8813,39.9264,11.79,29.9,3,0.01,0.99
2025-07-14T21:57:27.138,-0.92,-0.08,-0.41,16.08,32.8606,39.9044,11.8,29.5,1,0.01,0.42
2025-07-14T21:57:28.141,0.01,-0.48,-0.2,10.43,32.8507,39.9344,12.28,15.9,1,0.61,0.89
2025-07-14T21:57:29.141,0.81,-0.64,-0.6,152.27,32.8617,39.9429,11.95,29.7,5,0.82,0.53
2025-07-14T21:57:30.142,0.35,-0.98,-0.81,118.34,32.8808,39.9448,12.32,20.7,5,0.46,0.95
2025-07-14T21:57:31.142,0.03,-0.12,-0.5,146.1,32.8545,39.9251,12.13,23.8,5,0.48,0.16
2025-07-14T21:57:32.143,0.06,-0.12,0.77,227.48,32.8553,39.9106,11.5,17.2,3,0.04,0.38
2025-07-14T21:57:33.144,0.47,-0.98,-0.14,240.1,32.8595,39.9455,12.15,28,3,0.61,0.46
2025-07-14T21:57:34.147,-0.81,-0.06,-0.72,273.95,32.8955,39.9203,11.87,28,1,0.51,0.92
2025-07-14T21:57:35.149,-0.83,-0.75,0.03,171.28,32.8545,39.9275,12.79,22.6,4,0.26,0.75
2025-07-14T21:57:36.150,0.52,-0.87,-0.75,16.66,32.8782,39.9395,12.69,19.6,5,0.22,0.49
2025-07-14T21:57:37.151,-0.84,-0.76,0.85,50.06,32.8866,39.9113,12.72,28.9,2,0.24,0.19
2025-07-14T21:57:38.153,-0.22,0.03,-0.11,234.06,32.8756,39.9043,12.39,26.9,5,0.29,0.05
2025-07-14T21:57:39.153,0.12,0.86,-0.25,241.6,32.8915,39.9448,12.15,16.6,4,0,0.63
2025-07-14T21:57:40.154,0.23,0.2,-0.85,326.55,32.895,39.911,11.77,21.2,5,0.72,0.61
2025-07-14T21:57:41.157,0.96,0.99,0.87,259.88,32.8608,39.9063,12.38,18.6,4,0.6,0.87
2025-07-14T21:57:42.158,-0.9,0.14,0.98,271.72,32.8895,39.9066,11.6,22.9,1,0.04,0.01
2025-07-14T21:57:43.159,-0.53,-0.84,0.19,253.64,32.8851,39.9038,11.64,17.6,2,0.86,0.32
2025-07-14T21:57:44.161,0.16,-0.97,-0.96,306.28,32.8901,39.9132,12.64,29,2,0.4,0.09
2025-07-14T21:57:45.161,-0.83,-0.66,0.13,338.08,32.8548,39.9264,11.77,20.5,1,0.64,0.25
2025-07-14T21:57:46.162,0.27,-0.49,0.34,338.46,32.8617,39.944,12.31,17.7,4,0.69,0.15
2025-07-14T21:57:47.163,0.05,0.53,-0.33,41.04,32.8932,39.9481,12.69,21.9,3,0.79,0.87
2025-07-14T21:57:48.165,0.92,0.65,-0.3,168.94,32.8806,39.9122,12.36,28.6,1,0.17,0.1
2025-07-14T21:57:49.166,0.53,-0.68,0.51,161.02,32.894,39.9308,11.58,18.6,2,0.37,0.82
2025-07-14T21:57:50.167,-0.82,0.19,-0.59,138.21,32.8817,39.9439,11.89,18.9,2,0.3,0.64
2025-07-14T21:57:51.167,0.55,-0.46,-0.05,103.92,32.8918,39.9088,12.66,23.4,4,0.77,0.2
2025-07-14T21:57:52.169,0.39,-0.81,0.55,242.01,32.8728,39.9232,12.16,25,2,0.94,0.62
2025-07-14T21:57:53.169,-0.41,0.31,-0.18,241.6,32.8866,39.9009,12.31,23.2,3,0.02,0.3
2025-07-14T21:57:54.171,-0.6,0.77,-0.74,26.84,32.8516,39.9341,11.78,16.9,1,0.5,0.2
2025-07-14T21:57:55.172,0.65,-0.74,-0.09,53.69,32.8633,39.9097,11.88,26.2,4,0.33,0.2
2025-07-14T21:57:56.175,-0.88,0.39,-0.96,261.38,32.8932,39.9179,12.28,17.5,2,0.34,0.64
2025-07-14T21:57:57.175,-0.11,0.53,-0.64,310.24,32.8716,39.9052,12.23,22.3,4,0.2,0.99
2025-07-14T21:57:58.176,-0.58,-0.66,0.21,225.17,32.8677,39.9366,12.71,20.8,1,0.75,0.1
2025-07-14T21:57:59.178,0.29,-0.27,-0.82,95.85,32.8899,39.9159,12.16,25,2,0.33,0.78
2025-07-14T21:58:00.178,0.97,0.02,0.9,43.83,32.8693,39.9137,12.74,21.2,1,0.59,0.09
2025-07-14T21:58:01.180,0.97,-0.18,-0.61,108.47,32.8917,39.9266,12.1,17.8,2,0.05,0.66
2025-07-14T21:58:02.181,0.82,0.12,0.24,195.01,32.877,39.9292,11.87,28.9,2,0.82,0.85
2025-07-14T21:58:03.183,0.72,-0.85,0.34,15.8,32.8775,39.9217,12.65,28.5,3,0.96,0.06
2025-07-14T21:58:04.183,-0.46,-0.68,0.17,90.7,32.878,39.9149,12.71,18.2,2,0.36,0.53
2025-07-14T21:58:05.184,-0.25,-0.09,-0.34,194.34,32.8706,39.9378,12.27,26.7,2,0.09,0.45
2025-07-14T21:58:06.185,0.87,0.01,0.4,135.38,32.87,39.9123,12.57,22.4,5,0.01,0.21
2025-07-14T21:58:07.186,0.12,-0.94,0.53,202.95,32.8957,39.9071,12.74,24.5,2,0.72,0.79
2025-07-14T21:58:08.188,-0.27,-0.81,-0.1,170.07,32.852,39.9322,11.58,18.5,1,0.75,0.35
2025-07-14T21:58:09.190,-0.55,-0.47,0.96,231.13,32.8705,39.9448,12.31,21.2,4,0.36,0.25
2025-07-14T21:58:10.190,-0.21,0.56,0.86,133,32.8961,39.9242,12.45,26.4,1,0.38,0.34
2025-07-14T21:58:11.191,-0.8,0.99,0.42,74.97,32.8631,39.9297,12.45,19.8,3,0.1,0.94
2025-07-14T21:58:12.193,-0.31,0.57,-0.65,300.1,32.8822,39.9142,11.91,17.3,4,0.76,0.79
2025-07-14T21:58:13.192,-0.31,-0.75,0.5,176.76,32.8701,39.9205,11.62,27.3,2,0.81,0.13
2025-07-14T21:58:14.194,-0.24,0.57,0.01,85.58,32.8754,39.9337,12.39,24.3,2,0.67,0.39
2025-07-14T21:58:15.197,0.94,0.8,-0.86,97.98,32.8915,39.94,11.5,21.6,2,0.51,0.75
2025-07-14T21:58:16.198,-0.52,-0.28,0.33,98.77,32.8535,39.9017,12.18,20.8,5,0.34,0.21
2025-07-14T21:58:17.197,0.42,-0.41,-0.68,351.74,32.8641,39.9219,12,20.7,5,0.96,0.47
2025-07-14T21:58:18.200,-0.2,0.63,0.7,189.76,32.8905,39.9146,12.09,23.6,5,0.74,0.58
2025-07-14T21:58:19.200,-0.96,0.57,-0.39,348.48,32.886,39.9422,12.53,18.7,5,0.69,0.59
2025-07-14T21:58:20.202,-0.41,0.08,-0.93,341.07,32.8818,39.9466,12.7,18.7,3,0.7,0.81
2025-07-14T21:58:21.205,-0.26,0.98,0.25,257.06,32.8661,39.9399,11.99,28.6,4,0.93,0.3
2025-07-14T21:58:22.206,-0.45,0.59,-0.53,138.72,32.8718,39.9318,11.7,22.3,3,0.53,0.03
2025-07-14T21:58:23.208,0.33,0.67,-0.03,236.02,32.8878,39.9284,12.02,17.7,1,0.79,0.03
2025-07-14T21:58:24.208,0,-0.35,-0.54,265.34,32.8755,39.9209,11.76,27.6,4,0.05,0.77
2025-07-14T21:58:25.209,0.92,0.44,-0.16,81.06,32.8571,39.9366,12.6,24,5,0.51,0.54
2025-07-14T21:58:26.211,0.37,-0.4,0.93,127.61,32.877,39.9155,12.08,19.2,3,0.41,0.83
2025-07-14T21:58:27.211,0.15,-0.05,-0.84,154.56,32.8614,39.9232,12.29,26.4,5,0.58,0.09
2025-07-14T21:58:28.213,0.75,0.85,0.95,144.94,32.8933,39.9139,11.92,18.7,3,0.85,0.6
2025-07-14T21:58:29.214,0.01,-0.51,0.88,265.89,32.8909,39.9222,12.03,28.4,2,0.57,0.11
2025-07-14T21:58:30.216,0.86,0.11,0.05,312.97,32.8706,39.9004,12.37,20.4,5,0.69,0.78
2025-07-14T21:58:31.217,-0.12,0.05,-0.97,289.46,32.8503,39.9307,12.51,15.3,2,0.11,0.13
2025-07-14T21:58:32.218,-0.01,0.55,0.23,130.06,32.8589,39.922,12.47,15.9,5,0.24,0.03
2025-07-14T21:58:33.218,0.16,0.67,-0.26,258.29,32.878,39.9102,12.55,27.3,1,0.34,0.85
2025-07-14T21:58:34.219,-0.99,0.51,-0.1,1.46,32.8548,39.9194,12.12,27.2,5,0.19,0.86
2025-07-14T21:58:35.220,0.71,0.46,0.52,232.75,32.8777,39.9014,11.74,22.7,3,0.44,0.68
2025-07-14T21:58:36.221,-0.79,-0.03,-0.53,309.11,32.8945,39.9351,11.69,27.6,5,0.14,0.24
2025-07-14T21:58:37.222,0.98,0.71,-0.23,268.38,32.8755,39.9499,12.05,16.7,5,0.71,0.6
2025-07-14T21:58:38.227,0.94,0.35,0.01,328.49,32.8666,39.9453,12.26,27.8,4,0.69,0.03
2025-07-14T21:58:39.224,0.33,0.18,-0.93,67.64,32.8859,39.9441,11.9,20.4,3,0.54,0.26
2025-07-14T21:58:40.225,0.47,0.48,0.14,321.01,32.8861,39.9229,12.44,25.9,5,0.94,0.36
2025-07-14T21:58:41.226,0.52,0.33,0.61,109.9,32.8693,39.9126,11.77,28.2,3,0.88,0.57
2025-07-14T21:58:42.226,0.95,0.85,-0.64,159.22,32.8641,39.9234,12.51,20.3,1,0.21,0.14
2025-07-14T21:58:43.228,0.64,-0.5,-0.22,312.14,32.8515,39.9406,12.13,24.9,2,0.19,0.27
2025-07-14T21:58:44.228,0.37,-0.98,0.02,54.86,32.8802,39.9467,12.72,18.8,3,0.19,0.67
2025-07-14T21:58:45.231,0.84,0.84,-0.49,28.5,32.8931,39.9452,12.42,25.3,5,0.9,0.11
2025-07-14T21:58:46.231,0.57,-0.9,-0.66,146.34,32.8569,39.9086,11.68,16.9,5,0.22,0.75
2025-07-14T21:58:47.232,0.79,0.58,0.33,184.55,32.888,39.9125,12.6,22.1,1,0.1,0.71
2025-07-14T21:58:48.234,-0.13,0.29,0.15,204.67,32.8878,39.938,12.78,28.8,5,0.85,0.98
2025-07-14T21:58:49.234,0.56,0.58,-0.95,170.68,32.8514,39.9203,12.3,24.7,3,0.19,0.82
2025-07-14T21:58:50.234,0.54,0,0.57,252.57,32.8711,39.933,11.93,25.8,3,0.16,0.05
2025-07-14T21:58:51.236,-0.76,0.4,-0.6,155.2,32.8975,39.9043,12.24,24.6,2,0.46,0.35
2025-07-14T21:58:52.237,-0.46,-0.53,-0.97,190.35,32.8916,39.9238,12.55,16.5,4,0.13,0.8
2025-07-14T21:58:53.238,0.94,-0.64,0.54,250.7,32.8998,39.9361,11.74,26.8,1,0.93,0.08
2025-07-14T21:58:54.239,-0.68,0.09,-0.07,162.72,32.8753,39.9095,11.8,21.3,5,0.87,0.68
2025-07-14T21:58:55.239,-0.97,0.29,-0.16,108.46,32.8816,39.9485,12.02,29,2,0.36,0.11
2025-07-14T21:58:56.241,0.43,-0.32,0.96,131.16,32.8932,39.9075,11.59,27.9,3,0.35,0.24
2025-07-14T21:58:57.241,-0.56,-0.77,-0.21,81.69,32.8742,39.9478,12.49,22.9,5,0.65,0.04
2025-07-14T21:58:58.244,-0.32,0.93,0.24,322.7,32.8695,39.9426,12.54,16.8,3,0.99,0.47
2025-07-14T21:58:59.246,0.1,-0.81,0.15,1.43,32.8987,39.9062,12.01,20.9,2,0.81,0.74
2025-07-14T21:59:00.247,-0.82,-0.19,-0.3,230.46,32.862,39.9486,11.79,19,3,0.2,0.61
2025-07-14T21:59:01.248,0.73,-0.66,-0.41,337.61,32.8613,39.9351,12.37,16.8,2,0.3,0.46
2025-07-14T21:59:02.250,-0.3,0.06,-0.92,206.86,32.8577,39.9124,11.66,27.7,4,0.35,0.19
2025-07-14T21:59:03.249,0.28,0.53,-0.31,70.8,32.8807,39.909,12.79,22.6,2,0.67,0.19
2025-07-14T21:59:04.251,-0.09,0.38,-0.1,256.3,32.8833,39.9072,12.34,27.9,5,0.46,0.06
2025-07-14T21:59:05.252,0.55,-0.37,-0.57,260.19,32.8941,39.9064,12.12,15.6,1,0.43,0.76
2025-07-14T21:59:06.255,0.59,0.86,-0.1,79.16,32.8579,39.9133,12.5,23.3,1,0.22,0.22
2025-07-14T21:59:07.255,0.61,-0.34,-0.66,8.43,32.8556,39.9003,11.93,21.6,2,0.95,0.26
2025-07-14T21:59:08.255,-0.03,0.34,0.56,126.41,32.8562,39.9477,12.41,20.1,2,0.15,0.55
2025-07-14T21:59:09.257,-0.03,0.49,0.74,235.62,32.8968,39.9378,11.99,24.8,1,0.83,0.17
2025-07-14T21:59:10.259,-0.14,-0.13,-0.4,292.63,32.886,39.908,12.59,18,4,0.11,0.08
2025-07-14T21:59:11.259,0.76,-0.71,-0.15,215.55,32.8781,39.9055,11.98,17.1,5,0.84,0.09
2025-07-14T21:59:12.259,0.09,0.91,0.29,65.91,32.8978,39.9375,11.7,17.9,5,0.98,0.04
2025-07-14T21:59:13.262,-0.09,0.76,0.78,255.3,32.8773,39.9148,11.96,18.7,2,0.94,0.77
2025-07-14T21:59:14.263,0.54,-0.55,0.78,198.93,32.893,39.9,12.72,21.7,4,0.89,0.91
2025-07-14T21:59:15.263,-0.13,0.24,0.48,207.31,32.8587,39.9342,11.83,22.6,3,0.3,0.09
2025-07-14T21:59:16.266,-0.24,-0.63,0.77,185.03,32.8904,39.9324,11.7,18.7,2,0.8,0.36
2025-07-14T21:59:17.266,0.36,0.98,0.25,210.96,32.8586,39.9206,12.35,22.5,3,0.99,0.19
2025-07-14T21:59:18.267,0.19,0.77,0.37,6.41,32.858,39.9355,11.7,27.5,3,0.53,0.53
2025-07-14T21:59:19.269,-0.11,-0.12,-0.81,138.66,32.8597,39.9319,12.01,29.6,3,0.34,0.11
2025-07-14T21:59:20.270,-0.97,0.93,0.43,302.18,32.865,39.9461,11.89,18.6,2,0.64,0
2025-07-14T21:59:21.271,0.46,0.44,-0.92,155.64,32.8642,39.9037,12.77,29.9,1,0.95,0.9
2025-07-14T21:59:22.272,-0.29,0.45,-0.61,16.82,32.8567,39.9258,12.27,22.2,2,0.16,0.28
2025-07-14T21:59:23.274,0.47,-0.05,0.63,66.95,32.8814,39.9242,12.58,26.5,4,0.22,0.35
2025-07-14T21:59:24.274,0.61,-0.24,-0.22,150.63,32.8521,39.9392,12.73,17.1,3,0.59,0.22
2025-07-14T21:59:25.275,0.96,-0.86,-0.77,266.15,32.875,39.9131,12.27,15.6,5,0.94,0.87
2025-07-14T21:59:26.275,0.49,-0.62,0.62,68.29,32.8988,39.9352,12.55,26.7,3,0.89,0.3
2025-07-14T21:59:27.276,0.92,-0.58,-0.12,138.15,32.8664,39.9347,12.13,24,3,0.73,0.89
2025-07-14T21:59:28.277,0.76,0.98,-0.98,271.96,32.8843,39.9046,11.54,29.5,4,0.62,0.79
2025-07-14T21:59:29.278,0.65,0.7,-0.89,119.32,32.8891,39.9153,11.75,15.4,1,0.46,0.78
2025-07-14T21:59:30.295,0.05,0.99,0.8,194.39,32.8575,39.9232,12.17,28,2,0.6,0.37
2025-07-14T21:59:31.294,0.09,-0.45,-0.02,329.03,32.8753,39.9167,11.86,26.5,4,0.92,0.06
2025-07-14T21:59:32.294,-0.26,-0.01,-0.64,3.96,32.8523,39.9272,12.45,22.8,2,0.2,0.76
2025-07-14T21:59:33.296,-0.11,-0.41,0.31,110.69,32.884,39.9331,12.47,22.3,3,0.35,0.19
2025-07-14T21:59:34.296,0.08,0.99,0.24,225.06,32.8887,39.9057,12.54,19.7,2,0.78,0.1
2025-07-14T21:59:35.299,0.05,0.4,-0.09,346.36,32.8616,39.9153,12.57,20.9,3,0.41,0.46
2025-07-14T21:59:36.299,-0.7,-0.26,0.38,195.58,32.8895,39.9177,11.73,26.7,2,0.44,0.76
2025-07-14T21:59:37.300,0.07,-0.69,0.94,203.1,32.8693,39.9032,12.33,20.9,2,0.78,0.04
2025-07-14T21:59:38.302,0.18,0.19,0.36,138.82,32.8632,39.9097,12.69,17.3,5,0.29,0.36
2025-07-14T21:59:39.302,0.08,-0.2,-0.45,149.71,32.877,39.9403,12.41,28.9,4,0.82,0.59
2025-07-14T21:59:40.303,0.8,-0.95,0.43,44.16,32.8881,39.9484,11.74,21.6,1,0.02,0.39
2025-07-14T21:59:41.304,0.82,-0.87,-0.56,250.22,32.8751,39.9186,11.73,15.2,2,0.07,0.34
2025-07-14T21:59:42.307,-0.25,0.31,-0.22,344.47,32.883,39.93,12.18,19.1,3,0.64,0.99
2025-07-14T21:59:43.307,-0.34,-0.25,-0.22,46.37,32.8704,39.9223,11.53,26.8,2,0.87,0.83
2025-07-14T21:59:44.309,-0.96,0.09,0.67,94.15,32.8723,39.9102,11.91,18.6,3,0.43,0.38
2025-07-14T21:59:45.309,-0.59,0.16,0.44,272.34,32.8844,39.9179,11.52,29.5,5,0.32,0.15
2025-07-14T21:59:46.311,-0.31,-0.93,0.27,156.89,32.8772,39.9373,12.67,17,5,0.65,0.04
2025-07-14T21:59:47.313,-0.15,-0.37,0.78,327.66,32.8789,39.916,11.93,17.4,2,0.94,0.14
2025-07-14T21:59:48.314,0,-0.04,-0.96,318.09,32.8813,39.9483,12.55,23.9,2,0.71,0.79
2025-07-14T21:59:49.316,0.21,0.67,-0.78,288.57,32.8823,39.9367,12.28,27,1,0.29,0.1
2025-07-14T21:59:50.317,0.87,0.95,-0.93,342.19,32.8648,39.9448,12.04,22.4,4,0.43,0
2025-07-14T21:59:51.318,-0.02,-0.82,-0.49,321.83,32.8571,39.9043,12.39,26.9,1,0.14,0.45
2025-07-14T21:59:52.319,-0.9,-0.98,-0.91,150.52,32.8951,39.9256,12.59,22.8,3,0.25,0.31
2025-07-14T21:59:53.320,0.39,0.13,0.51,202.41,32.8904,39.9492,12.51,16.6,4,0.76,0.35
2025-07-14T21:59:54.321,-0.65,-0.61,-0.51,353.61,32.8862,39.9487,11.92,29.7,1,0.15,0.53
2025-07-14T21:59:55.322,0.12,-0.86,0.9,95.3,32.8774,39.9071,12.68,18.2,2,0.97,0.43
2025-07-14T21:59:56.325,-0.94,-0.71,-0.2,84.13,32.8711,39.9366,12.15,23.2,4,0.42,0.97
2025-07-14T21:59:57.325,-0.55,0.34,0.15,73.99,32.8906,39.9141,11.81,15.9,2,0.58,0.4
2025-07-14T21:59:58.326,-0.51,-0.16,0.95,321.77,32.8775,39.9184,11.8,26.6,4,0.45,0.99
2025-07-14T21:59:59.327,-0.09,-0.25,-0.85,221.52,32.8564,39.9174,12.53,16,4,0.95,0.47
2025-07-14T22:00:00.329,0.48,-0.89,-0.18,62.09,32.8898,39.9234,11.8,15.1,2,0.08,0.1
2025-07-14T22:00:01.331,-0.09,-0.99,-0.32,74.88,32.868,39.916,11.61,20.5,4,0.51,0.85
2025-07-14T22:00:02.331,0.09,-0.97,-0.43,131.26,32.884,39.945,12.29,16.4,1,0.88,0.78
2025-07-14T22:00:03.332,0.52,-0.36,-0.84,33.95,32.8506,39.9492,11.92,24.4,1,0.92,0.06
2025-07-14T22:00:04.333,0.67,-0.6,0.36,74.4,32.8545,39.9008,12.56,29,1,0.16,0.98
2025-07-14T22:00:05.334,0.14,0.15,0.01,104.62,32.8982,39.9424,11.93,26.4,1,0.75,0.16
2025-07-14T22:00:06.335,0.3,0.93,-0.09,253.17,32.8711,39.9046,12.13,18.3,2,0.67,0.86
2025-07-14T22:00:07.338,0.48,-0.39,0.86,164.92,32.8996,39.9142,11.92,17.4,4,0.09,0.61
2025-07-14T22:00:08.338,0.73,0.96,-0.53,49.11,32.8751,39.9077,12.12,27.1,5,0.51,0.51
2025-07-14T22:00:09.340,-0.71,-0.61,0.37,14.62,32.8975,39.9378,12.46,20.1,3,0.53,0.13
2025-07-14T22:00:10.340,0.83,0.6,0.85,217.82,32.8853,39.9094,11.73,16.8,3,0.1,0.11
2025-07-14T22:00:11.341,0.03,0.14,0.99,87.83,32.8501,39.9142,11.98,19.2,1,0.12,0.16
2025-07-14T22:00:12.342,-0.52,-0.7,0.73,22.2,32.8912,39.9369,11.77,16.3,4,0.6,0.04
2025-07-14T22:00:13.343,-0.02,0.08,-0.02,349.08,32.886,39.9233,11.63,17.3,5,0.69,0.88
2025-07-14T22:00:14.345,-0.72,-0.27,-0.8,117.83,32.895,39.9043,12.11,17.1,2,0.41,0.41
2025-07-14T22:00:15.346,0.81,0.76,0.54,280.79,32.8985,39.9438,12.78,18.6,1,0.54,0.43
2025-07-14T22:00:16.346,0.36,-0.09,0.03,327.79,32.864,39.9498,12.43,17.7,5,0.37,0.64
2025-07-14T22:00:17.346,-0.06,-0.45,-0.05,345.04,32.8542,39.9272,12.21,23.2,5,0.62,0.87
2025-07-14T22:00:18.349,-0.98,-0.55,0.47,234.85,32.8845,39.9453,12.67,22.2,3,0.36,0.16
2025-07-14T22:00:19.349,0.37,0.47,-0.92,232.82,32.8746,39.9381,11.96,28.4,1,0.11,0.19
2025-07-14T22:00:20.350,-0.42,0.7,0.22,345.03,32.8546,39.9342,11.6,17.5,5,0.36,0.89
2025-07-14T22:00:21.352,0.4,0.4,-0.3,86.65,32.8844,39.9109,11.6,27.9,3,0.48,0.62
2025-07-14T22:00:22.354,0.1,-0.98,0,151.24,32.8562,39.9128,12.03,23,3,0.59,0.17
2025-07-14T22:00:23.354,0.46,-0.78,-0.45,83.52,32.8603,39.9406,12.34,17.1,1,0.26,0.14
2025-07-14T22:00:24.354,0.57,-0.17,0.7,273.02,32.8939,39.9002,11.79,16.2,3,0.32,0.16
2025-07-14T22:00:25.355,0.39,0.22,-0.65,203.16,32.8515,39.936,12.68,27.9,3,0.46,0.08
2025-07-14T22:00:26.360,0.12,0.69,-0.2,214.1,32.8948,39.9175,11.95,29,3,0.3,0.64
2025-07-14T22:00:27.357,0.13,0.85,0.8,150.11,32.8762,39.944,11.54,28.4,2,0.61,0.19
2025-07-14T22:00:28.358,-0.21,0.21,0.56,277.27,32.8824,39.9058,12.79,25.3,5,0.74,0.5
2025-07-14T22:00:29.359,-0.52,-1,-0.38,189.52,32.8913,39.9356,11.91,19.9,5,0.76,0.83
2025-07-14T22:00:30.360,0.76,-0.88,0.22,182.44,32.8564,39.9474,12.77,27.8,3,0.97,0.83
2025-07-14T22:00:31.361,-0.24,0.18,0.56,133,32.869,39.9115,11.63,27,5,0.14,0.02
2025-07-14T22:00:32.363,0.61,0.99,-0.46,18.27,32.8749,39.9014,11.72,22.3,4,0.54,0.23
2025-07-14T22:00:33.364,-0.46,0.29,0.96,299.73,32.8993,39.9313,12.37,21.4,4,0.17,0.72
2025-07-14T22:00:34.366,0.13,-0.04,0.58,224.62,32.8921,39.9382,11.63,16.6,2,0.35,0.09
2025-07-14T22:00:35.366,0.18,-0.36,0.77,184.11,32.887,39.9129,12.19,27.2,5,0.08,0.7
2025-07-14T22:00:36.368,0.45,0.08,-0.08,292.83,32.8544,39.9405,11.91,18.4,5,0.1,0.8
2025-07-14T22:00:37.368,0.06,0.26,-0.36,294.39,32.8676,39.9141,12.76,30,4,0.83,0.27
2025-07-14T22:00:38.369,-0.18,-0.44,-0.96,158.79,32.8691,39.9128,12.25,29.1,5,0.57,1
2025-07-14T22:00:39.372,-0.74,-1,-0.95,231.81,32.8818,39.9274,12.05,24.3,1,0.37,0.4
2025-07-14T22:00:40.372,-0.69,1,-0.75,18.83,32.8987,39.9403,12.12,19,1,0.48,0.96
2025-07-14T22:00:41.374,0.43,0.57,0.89,158.13,32.8843,39.9412,11.88,29.6,2,0.52,0.05
2025-07-14T22:00:42.374,0.94,0.55,-0.2,236.04,32.8524,39.945,12.58,19.4,2,0.2,0.13
2025-07-14T22:00:43.375,0.37,0.25,-0.83,91.14,32.883,39.9205,12.12,24.9,5,0.32,0.75
2025-07-14T22:00:44.375,0.21,-0.55,0.24,251,32.8567,39.9441,12.54,27.7,2,0.64,0.85
2025-07-14T22:00:45.376,-0.5,0.03,0.45,149.05,32.882,39.9361,12.5,27.6,1,0.71,0
2025-07-14T22:00:46.382,0.86,-0.21,0.87,321.67,32.8964,39.9421,12.75,21,5,0.76,0.81
2025-07-14T22:00:47.381,-0.62,-0.78,0.45,155.6,32.8901,39.9425,12.37,19.5,4,0.97,0.56
2025-07-14T22:00:48.382,0.09,-0.9,0.62,141.65,32.8926,39.9245,12.01,19.6,5,0.77,0.66
2025-07-14T22:00:49.382,-0.99,0.63,0.13,338.22,32.8947,39.9084,12.34,25.1,2,0.87,0.24
2025-07-14T22:00:50.382,-0.28,0.05,-0.89,222.19,32.8892,39.914,12.37,27.8,2,0.7,0.23
2025-07-14T22:00:51.384,-0.09,0.1,0.46,108.98,32.8765,39.9363,12.17,25.4,4,0.56,0.18
2025-07-14T22:00:52.385,0.45,-0.17,-0.53,305.48,32.8857,39.9325,12.76,17.5,1,0.02,0.21
2025-07-14T22:00:53.387,0.96,0.72,-0.94,338.6,32.8779,39.9017,11.99,23.4,5,0.05,0.02
2025-07-14T22:00:54.387,0.76,0,-0.42,22.75,32.8614,39.9139,11.8,25,2,0.91,0.35
2025-07-14T22:00:55.388,0.78,0.47,-0.46,134.11,32.8758,39.949,11.57,25.5,2,0.5,0.46
2025-07-14T22:00:56.388,0.92,0.45,-0.53,328.34,32.8615,39.9204,12.59,17.5,2,0.61,0.31
2025-07-14T22:00:57.390,-0.9,0.88,0.79,109.15,32.8671,39.9015,11.55,18.6,5,0.57,0.15
2025-07-14T22:00:58.390,-0.3,-0.49,-0.65,337.46,32.889,39.9232,11.96,16.7,5,0.29,0.33
2025-07-14T22:00:59.391,0.71,-0.16,-0.05,274.31,32.8998,39.9257,12.24,17.4,1,0.74,0.36
2025-07-14T22:01:00.394,0.17,0.66,-0.76,349.61,32.8804,39.9375,12.07,20.6,5,0.14,0.18
2025-07-14T22:01:01.394,-0.77,-0.15,0.3,69.3,32.8613,39.9236,11.79,18.2,4,0.7,0.36
2025-07-14T22:01:02.394,0.33,0.14,-0.23,172.36,32.8783,39.9265,11.91,22.1,2,0.4,0.95
2025-07-14T22:01:03.397,-0.58,-0.77,0.02,215.17,32.8801,39.9167,12.1,21.2,4,0.52,0.78
2025-07-14T22:01:04.395,-0.28,-0.64,-0.52,250.24,32.8888,39.9059,11.68,20.4,5,0.39,0.95
2025-07-14T22:01:05.398,-0.16,0.42,-0.82,308.09,32.8656,39.9246,12.38,23.5,5,0.96,0.53
2025-07-14T22:01:06.399,-0.76,0.89,0.79,278.15,32.8951,39.9257,11.55,28.4,4,0.68,0.27
2025-07-14T22:01:07.400,-0.78,0.13,0.65,10.68,32.8588,39.9105,11.78,21.6,1,0.58,0.49
2025-07-14T22:01:08.400,0.29,0.89,1,154.34,32.8728,39.9343,12.24,19.5,4,0.64,0.83
2025-07-14T22:01:09.402,-0.33,0.3,-0.88,282.05,32.8576,39.9279,11.71,18,4,0.61,0.45
2025-07-14T22:01:10.403,0.23,0.18,-0.64,168.6,32.8846,39.9446,12.7,16.6,2,0.71,0.16
2025-07-14T22:01:11.403,-0.47,-0.51,-0.28,163.49,32.889,39.9225,12.62,16.3,2,0.77,0.17
2025-07-14T22:01:12.403,-0.68,0.28,-0.22,23.56,32.8798,39.9489,12.77,17.6,2,0.74,0.75
2025-07-14T22:01:13.405,0.83,0.26,0.46,296.9,32.8966,39.9303,12.21,21.2,1,0.31,0.66
2025-07-14T22:01:14.407,-0.22,-0.39,-0.64,323.38,32.8621,39.9156,12.77,29,3,0.9,0.79
2025-07-14T22:01:15.408,-0.09,-0.36,0.36,69.74,32.8801,39.9255,12.16,19.2,1,0.01,0.12
2025-07-14T22:01:16.408,-0.48,-0.06,0.12,178.9,32.8609,39.9389,12.75,29.3,3,0.19,0.06
2025-07-14T22:01:17.409,-0.12,0.7,0.91,345.62,32.8759,39.9213,12.79,28.8,2,0.88,0.46
2025-07-14T22:01:18.411,0.82,0.49,-0.36,2.11,32.8688,39.9475,12.54,19.5,3,0.88,0.23
2025-07-14T22:01:19.412,0.35,-0.11,-0.33,345.26,32.8685,39.9017,11.83,22.9,5,0.35,0.13
2025-07-14T22:01:20.413,-0.47,-0.75,-0.45,305.73,32.8959,39.9445,12.44,23.8,4,0.03,0.61
2025-07-14T22:01:21.414,-0.39,0.34,0.8,67.91,32.8782,39.93,12.64,24.9,3,0.43,0.23
2025-07-14T22:01:22.417,-0.19,-0.15,-0.08,250.87,32.8677,39.9042,11.83,17.3,3,0.26,0.69
2025-07-14T22:01:23.417,-0.77,0.89,-0.35,299.03,32.8648,39.9123,11.86,26.7,5,0,0.47
2025-07-14T22:01:24.421,0.97,0.49,-0.79,302.25,32.884,39.908,11.89,27.9,5,0.79,0.03
2025-07-14T22:01:25.419,-0.52,-0.94,-0.64,316.62,32.8675,39.9386,12.1,20.7,5,0.04,0.63
2025-07-14T22:01:26.418,-0.56,-0.62,0.61,215.25,32.8543,39.9319,12.21,29.8,3,0.35,0.48
2025-07-14T22:01:27.422,-0.4,0.11,0.05,57.02,32.8867,39.9036,11.7,28.9,1,0.63,0.25
2025-07-14T22:01:28.422,-0.99,-0.87,0.84,144.79,32.8677,39.942,11.98,17.1,3,0.36,0.88
2025-07-14T22:01:29.422,-0.32,0.82,0.21,86.77,32.8657,39.9015,11.69,24.8,3,0.37,0.17
2025-07-14T22:01:30.423,0.06,-0.03,1,190.34,32.8585,39.939,11.7,22.4,2,0.18,0.73
2025-07-14T22:01:31.422,0.56,-0.51,-0.36,196.69,32.8989,39.9011,11.76,27.6,2,1,0.28
2025-07-14T22:01:32.424,-0.97,-0.34,0.83,289.66,32.8776,39.9298,12.49,26.4,5,0.59,0.43
2025-07-14T22:01:33.423,0.19,0.89,-0.7,138.65,32.8917,39.9342,12.41,19.1,4,0.15,0.49
2025-07-14T22:01:34.425,-0.44,-0.34,-0.97,142.23,32.859,39.9165,12.45,29.4,2,0.75,0.97
2025-07-14T22:01:35.427,-0.29,0.6,0.49,157.78,32.89,39.9347,12.46,24.1,5,0.51,0.47
2025-07-14T22:01:36.429,-0.26,-0.13,0.1,355.25,32.8756,39.9449,12.24,25,4,0.41,0.17
2025-07-14T22:01:37.430,-0.26,0.56,0.5,19.71,32.8759,39.9126,12.08,23.2,5,0.91,0.98
2025-07-14T22:01:38.432,-0.26,0.04,-0.12,185.6,32.8545,39.9013,12.62,17.3,3,0.11,0.29
2025-07-14T22:01:39.433,0.57,0.67,0.37,157.42,32.8594,39.9263,11.97,15.8,4,0.39,1
2025-07-14T22:01:40.434,0.81,-0.95,-0.02,251.05,32.8893,39.9162,12.68,25.3,5,0.96,0.2
2025-07-14T22:01:41.436,0.24,0.35,0.5,241.93,32.873,39.9433,11.77,18.8,1,0.27,0.65
2025-07-14T22:01:42.438,0.42,0.32,0.05,73.91,32.8726,39.9324,11.79,26.5,4,0.86,0.36
2025-07-14T22:01:43.439,0.6,0.62,0.64,270.17,32.8852,39.9488,12.4,23.4,2,0.99,0.95
2025-07-14T22:01:44.439,0.3,-0.5,-0.3,89.33,32.8891,39.9185,11.96,19,2,0.67,0.39
2025-07-14T22:01:45.441,0.57,-0.76,-0.06,97.01,32.8774,39.9355,11.59,22.4,1,0.41,0.52
2025-07-14T22:01:46.440,-0.9,0.47,0.56,168.41,32.8651,39.9436,12.03,16.5,3,0.94,0.22
2025-07-14T22:01:47.441,0.23,-0.79,0.64,92.79,32.8937,39.9272,12.27,25.1,2,1,0.3
2025-07-14T22:01:48.444,0.8,-0.2,-0.53,358.62,32.8957,39.9322,12.3,20.2,5,0.6,0.77
2025-07-14T22:01:49.445,0.54,0.81,0.62,358.36,32.886,39.9132,11.97,23,3,0.3,0.92
2025-07-14T22:01:50.444,-0.29,0.03,-0.62,71.11,32.8832,39.9256,12.28,23,5,0.76,0.59
2025-07-14T22:01:51.446,0.97,0.34,-0.06,108.89,32.8759,39.9286,12.75,27,2,0.59,0.29
2025-07-14T22:01:52.447,0.68,0.08,-0.89,109.98,32.8543,39.9456,11.61,15.9,1,0.55,0.08
2025-07-14T22:01:53.446,0.48,-0.61,0.75,129.38,32.8809,39.9027,11.99,19.6,2,0.94,0.84
2025-07-14T22:01:54.450,-0.83,0.49,0.39,308.55,32.8844,39.9285,11.66,24.4,2,0.39,0.66
2025-07-14T22:01:55.449,0.76,0.65,-0.77,144.65,32.8685,39.9464,12.71,24,2,0.42,0.39
2025-07-14T22:01:56.451,-0.51,-0.45,-0.32,349.97,32.8697,39.9065,12.28,18.7,2,0.34,0.14
2025-07-14T22:01:57.452,0.26,0.2,0.94,351.49,32.8513,39.9129,12.47,28.8,4,0.86,0.09
2025-07-14T22:01:58.454,-0.05,-0.84,-0.55,210.53,32.8591,39.9065,12.77,18.5,1,0.23,0.06
2025-07-14T22:01:59.454,-0.32,0.48,-0.52,200.84,32.8634,39.9136,11.71,21.4,5,0.19,0.1
2025-07-14T22:02:00.455,-0.65,-0.26,0.08,107.71,32.8845,39.9378,11.89,24.8,4,0.64,0.47
2025-07-14T22:02:01.456,0.68,0.32,0.49,346.43,32.8839,39.9217,12.41,22.1,3,0.39,0.14
2025-07-14T22:02:02.458,-0.17,0.14,-0.59,35.76,32.865,39.925,12.68,25.3,2,0.11,0.57
2025-07-14T22:02:03.459,0.41,0.36,0.56,280.88,32.8713,39.9024,11.62,27,2,0.7,0.27
2025-07-14T22:02:04.460,0.21,0.7,-0.55,37.15,32.8569,39.9085,12.75,23,5,0.92,0.87
2025-07-14T22:02:05.463,-0.94,0.65,0.59,263.94,32.8587,39.9131,12.69,17.6,4,0.12,0.41
2025-07-14T22:02:06.462,-0.91,-0.31,-0.2,23.54,32.8675,39.9474,11.61,15.1,1,0.9,0.79
2025-07-14T22:02:07.465,0.23,0.81,0.62,343.43,32.8733,39.919,12.58,25.2,5,0.32,0.95
2025-07-14T22:02:08.467,-0.95,0.1,0.73,339.43,32.8583,39.9447,12.02,27.7,2,0.86,0.13
2025-07-14T22:02:09.466,0.87,-0.68,-0.25,300.72,32.8632,39.9139,11.69,23.5,1,0.62,0.54
2025-07-14T22:02:10.468,-0.85,0.22,0.63,64.3,32.8577,39.9381,12.79,22.3,5,0.98,0.8
2025-07-14T22:02:11.469,0.45,-0.51,-0.41,161.69,32.8976,39.9008,11.82,19,2,0.58,0.8
2025-07-14T22:02:12.470,-0.34,0.17,-0.79,105.03,32.8877,39.939,12.44,28.1,5,0.19,0.15
2025-07-14T22:02:13.472,0.3,0.81,-0.88,334.08,32.8848,39.9136,12.19,28.4,4,0.31,0.77
2025-07-14T22:02:14.473,-0.2,-0.22,-0.34,159.42,32.8815,39.9147,11.69,23.6,1,0.38,0.52
2025-07-14T22:02:15.475,0.41,-0.58,0.29,80.23,32.8733,39.9248,11.99,22.1,1,0.84,0.64
2025-07-14T22:02:16.476,-0.11,0.79,0.94,110,32.8703,39.9024,11.54,20.4,1,0.08,0.9
2025-07-14T22:02:17.476,-0.92,-0.61,0.46,183.69,32.8527,39.9077,12.52,25.5,1,0.78,0.82
2025-07-14T22:02:18.479,-0.45,-0.43,0.14,66.6,32.8732,39.9141,12.61,17,2,0.26,0.02
2025-07-14T22:02:19.479,-0.82,-0.73,-0.81,175.44,32.8988,39.9366,12.42,28.6,1,0.99,0.36
2025-07-14T22:02:20.482,0.85,-0.29,0.82,304.98,32.8542,39.9371,12.55,22.4,3,0.25,0.49
2025-07-14T22:02:21.481,0.99,0.63,-0.25,124.81,32.8501,39.9136,12.25,29,3,0.82,0.39
2025-07-14T22:02:22.481,-0.46,0.54,-0.99,141.98,32.8699,39.9124,12.69,19,4,0.14,0.01
2025-07-14T22:02:23.483,-0.52,-0.23,-0.28,27.36,32.8653,39.9249,12.64,15.9,3,0.45,0.54
2025-07-14T22:02:24.485,0.65,0.27,0.11,163.84,32.8848,39.9482,12.09,15.8,5,0.85,0.14
2025-07-14T22:02:25.485,0.77,0.78,-0.94,251.79,32.8811,39.9095,12.53,25.4,5,0.7,0.53
2025-07-14T22:02:26.487,-0.04,0.54,-0.19,195.74,32.8659,39.9172,12.02,21.6,5,0.73,0.91
2025-07-14T22:02:27.488,-0.21,0.91,0.15,68.98,32.8984,39.9011,12.33,22.9,2,0.06,0.55
2025-07-14T22:02:28.488,0.89,-0.95,-0.01,44.55,32.8851,39.9158,12.48,21.2,5,1,0.41
2025-07-14T22:02:29.489,0.74,-0.57,-0.63,156.1,32.8866,39.9132,12.29,24.3,3,0.33,0.3
2025-07-14T22:02:30.491,0.41,0.56,-0.97,260.82,32.8614,39.9365,12.75,27.4,1,0.77,0.98
2025-07-14T22:02:31.492,-0.24,-0.77,-0.33,95.21,32.8743,39.9148,12.65,27.9,4,0.56,0.3
2025-07-14T22:02:32.492,-0.25,-0.23,-0.74,285.34,32.8881,39.9096,11.7,18.5,5,0.75,0.93
2025-07-14T22:02:33.496,-0.22,-0.27,0.48,129.68,32.8558,39.9314,11.56,25.7,2,0.52,0.43
2025-07-14T22:02:34.496,-0.45,0.17,-0.87,268.61,32.8504,39.9347,12.64,18.6,3,0.89,0.27
2025-07-14T22:02:35.497,-0.27,-0.21,0.31,271.46,32.8548,39.9031,11.63,29.5,5,0.38,0.44
2025-07-14T22:02:36.499,0.07,0.54,0.88,51.53,32.8892,39.9055,12.46,19.9,5,0.17,0.11
2025-07-14T22:02:37.500,0.28,-0.44,-0.87,21.27,32.8815,39.9032,12.41,22.1,2,0.6,0.25
2025-07-14T22:02:38.502,-0.2,-0.58,-0.72,100.15,32.8794,39.9454,12.05,22.9,1,0.34,0.13
2025-07-14T22:02:39.502,0.78,-0.93,-0.6,104.97,32.8988,39.9054,12.33,18.7,5,0.78,0.46
2025-07-14T22:02:40.504,-0.68,0.64,0.07,311.93,32.8573,39.9291,12.77,22.8,3,0.62,0.32
2025-07-14T22:02:41.505,-0.05,0.98,0.63,118.99,32.8504,39.9086,11.64,26.3,1,0.41,0.72
2025-07-14T22:02:42.507,-0.62,-0.12,0.78,32.73,32.8815,39.9419,11.6,24.2,1,0.1,0.06
2025-07-14T22:02:43.508,0.85,0.17,0.15,253.73,32.9,39.9388,11.8,28.9,4,0.21,0.46
2025-07-14T22:02:44.509,0.35,0.27,0.64,174.35,32.8726,39.9043,12.8,19.9,2,0.45,0.97
2025-07-14T22:02:45.510,0.5,-0.87,0.92,296.88,32.8643,39.9028,12.23,24.9,1,0.7,0.51
2025-07-14T22:02:46.510,-0.29,-0.7,0.84,195.35,32.8873,39.9427,11.61,22.9,1,0.31,0.74
2025-07-14T22:02:47.511,0.18,0.94,-0.87,177.54,32.8791,39.9393,12.19,19.2,4,0.28,0.84
2025-07-14T22:02:48.512,-0.93,0.57,0.27,299.53,32.8565,39.9407,12.62,25.5,4,0.91,0.47
2025-07-14T22:02:49.514,-0.15,-0.46,-0.48,81.57,32.8936,39.9098,12.37,18.9,3,0.93,0.03
2025-07-14T22:02:50.514,0.79,1,-0.34,310,32.8845,39.9334,11.56,22.2,4,0.9,0.02
2025-07-14T22:02:51.516,0.45,-0.32,-0.62,341.05,32.8707,39.9111,12.23,23.9,2,0.48,0.51
2025-07-14T22:02:52.515,-0.19,0.19,-0.98,258.95,32.8761,39.9264,11.63,17.1,2,0.73,0.06
2025-07-14T22:02:53.517,0.72,0.31,0.98,131.24,32.8773,39.903,12.32,22.2,2,0.63,0.05
2025-07-14T22:02:54.518,-0.76,-0.98,-0.75,278.87,32.8717,39.9359,12.08,23.2,4,0.42,0.59
2025-07-14T22:02:55.519,-0.94,-0.5,-0.07,28.79,32.8576,39.9132,12.37,27.2,2,0.38,0.2
2025-07-14T22:02:56.521,0.64,0.55,-0.3,55.44,32.8989,39.9457,11.98,20,3,0.11,0.9
2025-07-14T22:02:57.522,0.17,-0.83,-0.71,74.37,32.8521,39.9024,12.67,25.4,4,0.66,0.44
2025-07-14T22:02:58.523,-0.66,-0.15,0.69,205.54,32.8585,39.9458,12.33,19.5,5,0.16,0.01
2025-07-14T22:02:59.525,0.54,0.79,0.75,296.05,32.8607,39.9004,12.21,16.6,1,0.01,0.08
2025-07-14T22:03:00.523,0.3,-0.68,0.15,251.21,32.8738,39.9375,11.57,19.4,1,0.46,0.24
2025-07-14T22:03:01.527,0.23,0.37,0.29,358.69,32.8505,39.9441,11.88,17,5,0.64,0.25
2025-07-14T22:03:02.536,0.71,0.98,-0.99,200.14,32.8767,39.905,12.15,17.6,4,0.51,0.71
2025-07-14T22:03:03.528,0.12,0.82,-0.8,200.29,32.8675,39.9292,11.94,21,4,0.15,0.86
2025-07-14T22:03:04.529,-0.97,0.85,-0.02,291.7,32.8588,39.924,12.02,24.1,4,0.71,0.17
2025-07-14T22:03:05.532,-0.98,0.57,-0.45,16.4,32.8826,39.9386,12.55,25.5,5,0.87,0.32
2025-07-14T22:03:06.532,-0.54,0.45,-0.8,25.09,32.8762,39.9108,11.7,29.1,3,0.41,0.2
2025-07-14T22:03:07.534,0.42,-0.39,-0.18,64.15,32.873,39.9473,12.12,24.8,2,0.69,0.72
2025-07-14T22:03:08.535,1,0.05,0.73,252.72,32.8679,39.9075,12.72,21.2,1,0.47,0.4
2025-07-14T22:03:09.537,-0.73,0.04,0.34,306.77,32.8778,39.9332,11.95,28.1,1,0.12,0.94
2025-07-14T22:03:10.538,-0.28,0.13,-0.33,314.33,32.8989,39.9301,12.7,28.3,5,0.72,0.89
2025-07-14T22:03:11.541,0.42,-0.61,0.63,147.84,32.8619,39.9402,11.58,22.7,3,0.25,0.06
2025-07-14T22:03:12.539,0.89,-0.02,0.02,222,32.896,39.9386,12.76,20.2,3,0.05,0.67
2025-07-14T22:03:13.539,0.5,-0.57,-0.97,284.47,32.8617,39.9087,12.42,23.4,1,0.78,0.03
2025-07-14T22:03:14.541,-0.54,-0.58,-0.57,204.5,32.8629,39.9118,11.6,21.5,2,0.26,0.73
2025-07-14T22:03:15.542,-0.56,-0.02,0.34,93.4,32.8531,39.9379,11.71,19.2,5,0.1,0.38
2025-07-14T22:03:16.544,-0.9,-0.71,-0.24,211.69,32.8599,39.9421,12.12,26.1,3,0.54,0.37
2025-07-14T22:03:17.544,0.06,-0.72,-0.55,247.82,32.883,39.9365,12.34,27.1,5,0.29,0.97
2025-07-14T22:03:18.545,-0.78,0.28,0.21,254.68,32.8906,39.9284,11.96,21.2,1,0.03,0.56
2025-07-14T22:03:19.547,0.47,-0.38,-0.03,285.3,32.8859,39.937,12.61,21,1,0.5,0.75
2025-07-14T22:03:20.549,0.54,0.49,-0.39,154.81,32.8758,39.9461,11.77,27.5,5,0.44,0.17
2025-07-14T22:03:21.549,-0.17,-0.59,-0.5,192.19,32.8714,39.903,12.03,27.6,2,0.69,0.07
2025-07-14T22:03:22.550,-0.47,0.91,-0.05,286.34,32.8949,39.9107,12.74,29.7,4,0.79,1
2025-07-14T22:03:23.552,-0.22,0.58,-0.94,115.93,32.8562,39.9234,12.03,29.4,3,0.31,0.63
2025-07-14T22:03:24.554,-0.9,0.5,0.69,341.78,32.8803,39.9437,12.58,20.1,2,0.7,0.16
2025-07-14T22:03:25.553,-0.61,-0.44,0.92,355.33,32.8927,39.9114,12.6,23.7,1,0.49,0.45
2025-07-14T22:03:26.553,-0.67,-0.33,0.65,300.07,32.8613,39.9269,11.62,21.8,1,0.69,0.55
2025-07-14T22:03:27.555,-0.92,0.61,-0.97,270.15,32.8603,39.9282,11.68,24.7,5,0.67,0.23
2025-07-14T22:03:28.557,0.56,-0.36,-1,45.19,32.8726,39.9041,11.67,24,3,0.94,0.06
2025-07-14T22:03:29.558,-0.84,-0.99,-0.21,50.29,32.875,39.9263,11.86,21.3,5,0.34,0.93
2025-07-14T22:03:30.558,-0.99,-0.11,0.55,289.72,32.8761,39.9113,12.25,26.7,3,0.06,0.38
2025-07-14T22:03:31.560,-0.85,0.11,0.24,92.68,32.8626,39.9096,12.52,23.6,3,0.04,0.91
2025-07-14T22:03:32.560,0.79,0.13,-0.7,234.4,32.8533,39.9323,12.21,23.6,1,0.46,0.61
2025-07-14T22:03:33.561,-0.22,-0.84,-0.17,157.46,32.8701,39.9379,12.37,22.3,1,0.43,0.02
2025-07-14T22:03:34.562,-0.06,-0.52,-0.15,138.72,32.8591,39.9282,12.56,15.6,1,0.36,0.12
2025-07-14T22:03:35.563,-0.03,-0.51,-0.68,57.54,32.8876,39.9298,11.74,19.8,3,0.86,0.41
2025-07-14T22:03:36.565,-0.76,0.63,-0.09,124.55,32.8922,39.9275,11.53,24.3,4,0.48,0.96
2025-07-14T22:03:37.567,-0.25,0.65,-0.12,98.01,32.8734,39.9044,11.56,25.2,4,0.57,0.26
2025-07-14T22:03:38.567,0.07,-0.81,0.48,177.06,32.852,39.9159,12.44,29.4,2,0.41,0.56
2025-07-14T22:03:39.568,0.38,0.66,0.4,41.77,32.8586,39.9312,11.63,21.4,5,0.03,0.16
2025-07-14T22:03:40.569,0.76,-0.75,-0.6,348.61,32.8725,39.9243,12.14,17.3,3,0.65,0.82
2025-07-14T22:03:41.571,-0.57,-0.45,0.44,187.68,32.8803,39.9017,12.28,19.1,1,0.12,0.87
2025-07-14T22:03:42.573,0.58,-0.77,-0.34,291.29,32.8628,39.9143,11.83,17.8,5,0.76,0.43
2025-07-14T22:03:43.573,-0.8,-0.79,-0.03,162.93,32.8583,39.9225,12.76,27.3,4,0.59,0.61
2025-07-14T22:03:44.573,-0.12,0.56,1,54.07,32.8765,39.9103,12.52,26.3,4,0.82,0.93
2025-07-14T22:03:45.574,0.3,-0.01,-0.77,245.3,32.8959,39.923,11.57,22.6,1,0.15,0.57
2025-07-14T22:03:46.575,0.34,0.36,0.55,90.8,32.8952,39.9021,12.49,17.3,5,0.18,0.1
2025-07-14T22:03:47.577,0.09,-0.45,-0.8,247.59,32.8984,39.9022,12.13,16.2,5,0.84,0.66
2025-07-14T22:03:48.578,0.78,-0.59,-0.58,152.66,32.8583,39.9498,11.95,18.5,1,0.86,0.12
2025-07-14T22:03:49.579,-0.18,0.04,-0.65,42.94,32.8526,39.9245,11.78,29.6,1,0.55,0.44
2025-07-14T22:03:50.581,-0.42,-0.01,-0.19,352.91,32.863,39.95,12.38,18.4,5,0.87,0.2
2025-07-14T22:03:51.580,0.86,-0.98,-0.19,23.23,32.8596,39.9289,12.39,15.7,2,0.34,0.41
2025-07-14T22:03:52.583,0.82,0.76,-0.41,306.74,32.8779,39.9326,11.76,22.7,5,0.9,0.2
2025-07-14T22:03:53.582,-0.21,0.11,-0.63,191.29,32.8849,39.9473,12.62,29.8,4,0.93,0.31
2025-07-14T22:03:54.582,-0.61,-0.58,0.26,255.11,32.8874,39.9038,11.59,15.4,2,0.08,0.84
2025-07-14T22:03:55.583,0.89,0.56,0.08,283.96,32.8518,39.9177,12.79,21.3,5,0.46,0.48
2025-07-14T22:03:56.585,-0.19,-0.29,0.84,123.75,32.8921,39.9427,11.51,29.6,3,0.75,0.93
2025-07-14T22:03:57.585,0.58,0.68,-0.16,144.59,32.8803,39.9493,12.2,26.5,5,0.02,0.67
2025-07-14T22:03:58.588,1,-0.94,0.98,175.22,32.8689,39.904,12.63,15.1,5,0.91,0.15
2025-07-14T22:03:59.589,-0.31,0.53,-0.03,100.46,32.8995,39.9181,11.96,29.1,1,0.7,0.1
2025-07-14T22:04:00.591,-0.51,-0.93,0.63,50.01,32.8821,39.9388,11.79,17.2,1,0.53,0.29
2025-07-14T22:04:01.591,-0.84,-0.51,0.91,35.83,32.8509,39.9185,12.41,21.6,3,0.81,0.48
2025-07-14T22:04:02.592,0.76,0.28,-0.42,27.53,32.8951,39.9063,11.74,22.3,5,0.33,0.48
2025-07-14T22:04:03.592,0.33,0.67,0.36,284.15,32.8822,39.9494,11.89,20.6,3,0.48,0.53
2025-07-14T22:04:04.594,-0.03,0.48,-0.79,40.74,32.8748,39.9435,12.58,22.9,2,0.41,0.46
2025-07-14T22:04:05.596,0.67,0.56,-0.7,210.63,32.8518,39.9184,11.71,24.8,1,0.9,0.26
2025-07-14T22:04:06.597,0.03,0.97,-0.15,311.13,32.8919,39.9166,11.96,26.7,3,0.52,0.34
2025-07-14T22:04:07.598,-0.59,0.01,-0.75,119.76,32.8562,39.9366,11.88,18.4,3,0.84,0.35
2025-07-14T22:04:08.598,0.74,-0.66,0.58,281.31,32.8792,39.9381,12.19,22.1,2,0.43,0.3
2025-07-14T22:04:09.600,0.27,-0.28,-0.22,48.18,32.8518,39.9154,11.83,24.9,1,0.66,0.13
2025-07-14T22:04:10.600,-0.43,-0.77,0.75,291.47,32.8527,39.9301,11.98,20.1,4,0.02,0
2025-07-14T22:04:11.601,0.1,0.75,0.78,28.18,32.8625,39.9226,11.84,21.1,5,0.04,0.3
2025-07-14T22:04:12.603,0.4,-0.93,-0.53,349,32.8616,39.9247,11.82,27.7,2,0.5,0.19
2025-07-14T22:04:13.603,0.09,-0.04,0.48,50.02,32.8957,39.9137,11.64,23.8,3,0.74,0.36
2025-07-14T22:04:14.605,0.02,-0.88,0.75,264.29,32.8668,39.9422,12.65,18.4,1,0.65,0.32
2025-07-14T22:04:15.607,-0.57,0.83,0.54,56.69,32.8852,39.9207,11.88,28.1,5,0.95,0.61
2025-07-14T22:04:16.608,0.65,-0.43,0.61,25.77,32.8965,39.9038,11.52,25.9,3,0.93,0.8
2025-07-14T22:04:17.611,0.07,0.17,-0.68,167.17,32.8875,39.9215,11.64,15.4,2,0.37,0.48
2025-07-14T22:04:18.610,0.13,-0.76,0.94,79.31,32.8576,39.9193,11.73,20,1,0.33,0.39
2025-07-14T22:04:19.615,-0.02,-0.47,0.89,114.33,32.8877,39.9452,12.48,27.9,2,0.38,0.29
2025-07-14T22:04:20.615,-0.94,-0.57,-0.63,89.6,32.8587,39.947,12,22.8,2,0.21,0.42
2025-07-14T22:04:21.625,0.63,0.06,-0.47,355.86,32.8851,39.9058,12.55,28.3,4,0.59,0
2025-07-14T22:04:22.614,0.15,-0.96,-0.39,319.58,32.8973,39.9267,11.67,24.4,1,0.14,0.64
2025-07-14T22:04:23.616,0.64,0.79,0.37,280.9,32.8783,39.9021,11.83,21.9,5,0.5,0.04
2025-07-14T22:04:24.615,0.38,-0.5,0,303.3,32.8578,39.9145,12.28,16.1,4,0.91,0.79
2025-07-14T22:04:25.615,0.8,-0.25,0.49,309.59,32.8955,39.9328,12.22,25.5,3,0.97,0.69
2025-07-14T22:04:26.616,0.84,-0.88,-0.15,159.02,32.8854,39.9241,12.63,28.5,5,0.77,0.09
2025-07-14T22:04:27.616,0.63,-0.25,-0.92,126.33,32.8994,39.9073,12.57,19.5,5,0.09,0.11
2025-07-14T22:04:28.619,-0.75,-0.51,0.83,210.71,32.8612,39.9373,12.56,16.6,3,0.11,0.51
2025-07-14T22:04:29.620,0.67,-0.61,0.8,335.02,32.8967,39.9421,12.69,24.6,1,0.63,0.18
2025-07-14T22:04:30.620,-0.38,-0.81,-0.74,307.98,32.8723,39.913,12.25,21.8,4,0.76,0.39
2025-07-14T22:04:31.622,-0.23,0.85,-0.13,148.18,32.8953,39.9081,12.46,21.3,2,0.42,0.51
2025-07-14T22:04:32.623,0.7,-0.45,0.84,239.21,32.8836,39.9123,11.93,18.8,5,0,0.68
2025-07-14T22:04:33.631,0.81,0.46,-1,138.8,32.8697,39.9005,12.75,24.8,1,0.12,0.49
2025-07-14T22:04:34.631,-0.84,-0.31,0.18,279.88,32.8595,39.9057,12.09,19,5,0.63,0.62
2025-07-14T22:04:35.632,-0.53,0.45,-0.49,201.47,32.8743,39.9127,12.38,17,4,0.8,0.67
2025-07-14T22:04:36.626,-0.65,0.48,0.71,84.55,32.8645,39.9078,12.52,28.5,5,0.42,0.14
2025-07-14T22:04:37.625,0.61,-0.8,-0.67,144.18,32.8715,39.9215,12.16,24.5,3,0.21,0.06
2025-07-14T22:04:38.627,-0.81,-0.51,0.36,123.96,32.8909,39.9269,12.07,26.9,3,0.03,0.87
2025-07-14T22:04:39.627,0.84,-0.1,-0.93,242.53,32.8574,39.942,12.19,28.9,4,0.05,0.51
2025-07-14T22:04:40.629,0.19,-0.52,0.69,77.68,32.8997,39.9347,12.34,15,4,0.33,0.56
2025-07-14T22:04:41.630,-0.02,0.71,-0.18,70.05,32.8913,39.908,11.72,24.2,3,0.03,0.36
2025-07-14T22:04:42.630,0.51,-0.72,-0.04,230.74,32.8592,39.9335,11.83,29.1,3,0.43,0.56
2025-07-14T22:04:43.631,0.48,-0.97,0.97,261.11,32.8954,39.9328,12.46,22.1,3,0.36,0.94
2025-07-14T22:04:44.632,0.59,-0.37,0.88,146.87,32.8609,39.9185,12.23,18.8,5,0.18,0.27
2025-07-14T22:04:45.631,-0.72,0.33,-0.93,59.61,32.8957,39.9496,11.8,26.6,1,0.69,0.27
2025-07-14T22:04:46.632,0.91,-0.34,-0.86,104.02,32.8598,39.9435,11.65,28.9,2,0.65,0.11
2025-07-14T22:04:47.636,-0.72,0.62,-0.43,199.7,32.8685,39.9474,12.78,19.5,5,0.85,0.01
2025-07-14T22:04:48.635,0.74,0.67,0.88,19.05,32.8553,39.9195,12.63,26.9,3,0.18,0.38
2025-07-14T22:04:49.636,0.59,-0.69,0.58,38.7,32.872,39.9389,12.61,19.3,1,0.16,0.74
2025-07-14T22:04:50.638,0.12,-0.43,-0.44,164.85,32.866,39.9086,12.66,28,5,0.8,0.78
2025-07-14T22:04:51.639,-0.56,-0.99,0.25,220.65,32.8952,39.9224,11.75,26.3,3,0.26,0.5
2025-07-14T22:04:52.638,0.96,-0.31,-0.29,28.1,32.8584,39.9003,12.79,23.8,2,0.48,0.6
2025-07-14T22:04:53.640,0.95,-0.92,0,134.92,32.885,39.907,12.23,23.5,3,0.82,0.71
2025-07-14T22:04:54.639,0.27,0.51,-0.42,291.56,32.8626,39.9134,12.76,19.6,5,0.07,0.65
2025-07-14T22:04:55.640,0.51,-0.16,0.04,237.61,32.8979,39.9418,12.8,21.9,1,0.19,0.54
2025-07-14T22:04:56.641,-0.07,0.64,-0.29,172.49,32.8701,39.9496,12.51,15.7,3,0.09,0.05
2025-07-14T22:04:57.642,0.61,-0.12,0.54,357.94,32.8959,39.9077,12.65,22.6,3,0.4,0.35
2025-07-14T22:04:58.643,-0.31,-0.04,-0.09,92.87,32.8588,39.9008,12.39,29.8,1,0.61,0.93
2025-07-14T22:04:59.645,0.41,0.15,-0.51,101.22,32.8633,39.9007,12.08,18.6,4,0.37,0.47
2025-07-14T22:05:00.646,-0.66,-0.35,-0.13,121.67,32.8875,39.9363,11.99,24.8,3,0.04,0.19
2025-07-14T22:05:01.647,0.92,0.31,0.13,87.3,32.8687,39.9324,12.12,24.4,3,0.31,0.86
2025-07-14T22:05:02.664,0.23,0.56,-0.58,6.18,32.8553,39.9164,12.24,17.6,4,0.14,0.13
2025-07-14T22:05:03.667,-0.22,-0.05,0.2,124.79,32.854,39.9103,11.95,24.3,4,0.37,0.61
2025-07-14T22:05:04.668,-0.13,-0.28,-0.41,339.77,32.8865,39.9458,12.31,20.5,5,1,0.08
2025-07-14T22:05:05.668,-0.94,-0.08,-0.96,92.02,32.8511,39.9094,12.45,25.4,4,0.62,0.72
2025-07-14T22:05:06.670,-0.63,0.23,-0.5,359.77,32.8764,39.9167,11.64,29.9,1,0.83,0.82
2025-07-14T22:05:07.671,0.47,-0.84,0.74,163.91,32.8753,39.9019,11.65,24.9,4,0.58,0.24
2025-07-14T22:05:08.670,0.46,-0.17,-0.45,222.56,32.8803,39.9068,12.01,23,2,0.5,0.7
2025-07-14T22:05:09.671,-0.68,-0.79,-0.91,299.84,32.8906,39.9089,11.51,15,3,0.59,0.09
2025-07-14T22:05:10.671,-0.78,0.63,0.54,3.34,32.8997,39.9372,11.76,19.3,4,0.16,0.19
2025-07-14T22:05:11.672,-0.52,-0.29,-0.76,277.23,32.8934,39.927,11.63,30,3,0.2,0.4
2025-07-14T22:05:12.674,-0.64,-0.95,0.87,120.1,32.8903,39.9201,12.48,25.1,5,0.98,0.57
2025-07-14T22:05:13.673,0.67,0.72,-0.87,339.45,32.8793,39.9084,11.57,21.4,4,0.64,0.81
2025-07-14T22:05:14.675,0.1,-0.41,0.94,253.65,32.8641,39.9211,11.71,25.4,4,0.78,0.89
2025-07-14T22:05:15.676,0.56,0.35,-0.19,310.55,32.8566,39.9417,12.53,27.7,2,0.8,0.67
2025-07-14T22:05:16.678,-0.93,0.61,0,338.62,32.8501,39.9415,12.79,17.3,3,0.38,0.46
2025-07-14T22:05:17.678,0.31,-0.4,-0.71,239.72,32.8826,39.9371,12.08,20.8,3,0.11,0.78
2025-07-14T22:05:18.678,-0.43,-0.74,-0.79,203.51,32.875,39.909,12.1,17.9,4,0.76,0.9
2025-07-14T22:05:19.680,0.51,0.58,-0.76,305.84,32.8656,39.9099,12.41,21.3,2,0.69,0.91
2025-07-14T22:05:20.681,-0.25,0.62,0.24,271.64,32.8856,39.9117,12.01,16.4,3,0.76,0.57
2025-07-14T22:05:21.683,-0.12,0.15,-0.04,106.89,32.8828,39.924,12.39,22.8,4,0.88,0.35
2025-07-14T22:05:22.684,-0.83,-0.55,-0.93,168.77,32.8842,39.925,12.54,28.5,1,0.23,0.49
2025-07-14T22:05:23.686,0.18,-0.96,-0.95,103.88,32.8619,39.9236,12.42,20.8,1,0.15,0.24
2025-07-14T22:05:24.686,0.45,0.88,-0.74,192.21,32.8669,39.9133,11.78,27.5,4,0.04,0.59
2025-07-14T22:05:25.685,0.76,0.97,-0.98,16.12,32.8931,39.9313,12.8,24.5,1,0.77,0.72
2025-07-14T22:05:26.686,-0.8,0.88,0.72,238.27,32.8907,39.911,12.39,16.1,1,0.44,0.64
2025-07-14T22:05:27.688,-0.07,-0.41,0.26,358.85,32.873,39.9321,11.9,17.8,2,0.99,0.28
2025-07-14T22:05:28.689,0.84,-0.33,0.34,12.28,32.8624,39.9005,11.8,19,5,0.19,0.31
2025-07-14T22:05:29.689,-0.69,-0.88,0.43,222.6,32.873,39.9371,11.77,24.5,2,0.24,0.18
2025-07-14T22:05:30.690,-0.8,0.81,0.77,286.51,32.867,39.9283,12.42,29.4,3,0.67,0.42
2025-07-14T22:05:31.691,-0.31,-0.9,-0.12,325.23,32.867,39.9058,12.47,26.9,2,0.81,0.6
2025-07-14T22:05:32.693,0.92,-0.82,-0.45,293.55,32.8575,39.9154,11.68,26.4,2,0.8,0.57
2025-07-14T22:05:33.694,0.8,-0.17,0.53,29.65,32.856,39.9021,12.6,19.3,2,0.62,0.25
2025-07-14T22:05:34.694,-0.48,0.26,-0.57,290.5,32.8537,39.9122,11.52,29.4,4,0.95,0.12
2025-07-14T22:05:35.697,-0.09,0.2,0.79,244.65,32.8887,39.9302,11.57,20.8,1,0.64,0.32
2025-07-14T22:05:36.696,-0.16,-0.01,0.04,60.24,32.8821,39.9374,12.65,21.6,4,0.03,1
2025-07-14T22:05:37.697,0.95,0.03,0.24,191.37,32.89,39.9213,11.51,28.9,5,0.5,0.5
2025-07-14T22:05:38.699,-0.75,0.73,-0.36,66.06,32.8593,39.9021,12.42,19.8,5,0.75,0.67
2025-07-14T22:05:39.700,-0.47,0.26,0.41,126.12,32.8736,39.9226,12.42,29.9,2,0.01,0.08
2025-07-14T22:05:40.701,0.54,0.84,0.41,66.16,32.8757,39.9247,11.98,20.1,5,0.82,0.02
2025-07-14T22:05:41.703,-0.16,-0.18,-0.03,312.16,32.8785,39.9218,12.38,22.4,1,0.35,0.52
2025-07-14T22:05:42.702,-0.72,0.47,-0.7,143.56,32.874,39.9304,11.92,27.8,1,0.94,0.61
2025-07-14T22:05:43.705,-0.01,0.45,0.73,354.13,32.8884,39.9217,12.14,23.3,1,0.46,0.41
2025-07-14T22:05:44.704,0.63,-0.96,0.97,116.5,32.8726,39.9099,11.58,27.8,2,0.27,0.41
2025-07-14T22:05:45.705,-0.46,0.24,-0.74,343.11,32.8606,39.9139,12.02,17.2,1,0.02,0.74
2025-07-14T22:05:46.707,0.99,-0.38,-0.2,290.82,32.8762,39.9298,11.57,23.7,2,0.64,0.8
2025-07-14T22:05:47.707,0.76,1,-0.01,243.91,32.8946,39.9055,12.13,16.6,2,0.29,0.8
2025-07-14T22:05:48.707,0.68,-0.75,-0.85,343.81,32.8536,39.9466,12.43,29.4,2,0.26,0.77
2025-07-14T22:05:49.708,-0.51,-0.03,0.41,125.67,32.8916,39.9096,12.77,17.5,4,0.98,0.15
2025-07-14T22:05:50.711,-0.51,-0.71,-0.68,214.59,32.8553,39.9395,12.09,17.7,5,0.8,0.65
2025-07-14T22:05:51.710,-0.73,0.39,0.47,166.51,32.8832,39.9277,12.67,22.8,4,0.87,0.64
2025-07-14T22:05:52.711,0.57,-0.02,0.14,4.18,32.8937,39.9092,12.34,19.2,5,0.63,0.05
2025-07-14T22:05:53.712,-0.21,0.47,0.44,138.77,32.884,39.9029,12.73,28.9,5,0.48,0.94
2025-07-14T22:05:54.719,-0.43,-0.73,-0.63,56.06,32.8511,39.9076,12.79,21.9,4,0.87,0.31
2025-07-14T22:05:55.714,0.37,0.03,0.14,319.89,32.876,39.9145,12.08,28.9,3,0.09,0.9
2025-07-14T22:05:56.716,0.64,-0.39,-0.48,140.95,32.8899,39.9204,12.22,22.8,2,0.22,0.18
2025-07-14T22:05:57.717,-0.61,-0.04,-0.29,301.46,32.8741,39.9071,12.73,16.7,1,0.53,0.3
2025-07-14T22:05:58.719,-0.22,0.18,-0.3,295.09,32.8659,39.9397,12.8,22.6,4,0.55,0.33
2025-07-14T22:05:59.718,-0.49,0.36,0.25,108.9,32.8849,39.9285,12.25,28.8,3,0.2,0.28
2025-07-14T22:06:00.718,-0.23,0.98,-0.14,299.45,32.8739,39.9407,12.56,15.4,3,0.27,0.04
2025-07-14T22:06:01.720,0.05,-0.48,-0.05,113.46,32.8521,39.9226,12.7,22,5,0.72,0.17
2025-07-14T22:06:02.719,-0.96,-0.7,0.37,231.41,32.874,39.9266,12.77,18.6,5,0.4,0.86
2025-07-14T22:06:03.723,-0.58,-0.27,-0.45,64.38,32.8916,39.9008,12.15,24,5,0.95,0.21
2025-07-14T22:06:04.722,-0.97,0.98,0.82,286.67,32.898,39.9132,12.16,20.5,3,0.75,0.29
2025-07-14T22:06:05.723,-0.42,0.49,0.22,265.77,32.8973,39.9359,12.1,29.9,5,0.74,0.29
2025-07-14T22:06:06.724,0.96,0.05,0.35,163.81,32.8789,39.9061,11.55,26,2,0.79,0.4
2025-07-14T22:06:07.726,0.69,-0.97,-0.71,319.89,32.8707,39.9411,11.66,29.5,2,0.39,0.31
2025-07-14T22:06:08.727,-0.52,-0.21,-0.84,264.9,32.8583,39.9182,11.8,18.4,2,0.1,0.07
2025-07-14T22:06:09.727,0.55,-0.02,0.74,237.86,32.8806,39.9391,11.53,27.5,2,0.56,0.84
2025-07-14T22:06:10.729,-0.4,-0.37,-0.57,246.35,32.8668,39.9202,12.4,25,2,0.46,0.7
2025-07-14T22:06:11.729,0.17,0.89,-0.99,279.41,32.8788,39.9144,12.61,22.3,2,0.35,0.52
2025-07-14T22:06:12.731,0.95,0.32,-0.53,321.35,32.8982,39.922,12.39,19.8,2,0.54,0.57
2025-07-14T22:06:13.733,-0.27,-0.57,0.32,342.18,32.8863,39.9409,11.92,26.9,4,0.33,0.45
2025-07-14T22:06:14.732,-0.8,-0.48,0.05,9,32.8872,39.9445,11.6,17.9,5,0.11,0.93
2025-07-14T22:06:15.734,0.65,-0.54,0.72,325.64,32.8748,39.9281,12.53,26,3,0.83,0.14
2025-07-14T22:06:16.736,0.04,-0.08,0.38,88.21,32.8905,39.9481,11.68,17,4,0.28,0.32
2025-07-14T22:06:17.736,-0.9,-0.95,-0.65,173.19,32.8649,39.9492,11.84,16.7,3,0.92,0.76
2025-07-14T22:06:18.737,0.95,-0.63,-0.15,272.83,32.8577,39.9092,12.23,22.1,4,0.78,0.24
2025-07-14T22:06:19.738,-0.13,0.66,0.29,359.13,32.8821,39.9203,11.53,21.3,4,0.25,0.11
2025-07-14T22:06:20.738,-0.72,-0.26,-0.32,244.41,32.8742,39.9259,11.84,24.2,2,0.34,0.75
2025-07-14T22:06:21.741,-0.52,0.76,-0.3,148.4,32.8582,39.9162,11.67,19.6,5,0.76,0.25
2025-07-14T22:06:22.741,-0.86,-0.96,-0.4,18.67,32.8703,39.9284,11.69,19.3,4,0.95,0.53
2025-07-14T22:06:23.742,0.49,-0.72,0.77,357.4,32.8985,39.9275,12.03,18.7,2,0.76,0.9
2025-07-14T22:06:24.746,-0.15,-0.89,-0.46,284.96,32.8661,39.9341,12.37,29.6,4,0.92,0.94
2025-07-14T22:06:25.743,-0.52,-0.78,0.63,323.64,32.8888,39.9155,12.42,15.9,3,0.46,0.76
2025-07-14T22:06:26.743,0.69,0.71,-0.94,99.48,32.8993,39.9116,12.19,22.8,5,0.97,0.24
2025-07-14T22:06:27.746,0.82,0.73,-0.25,152.14,32.8512,39.9266,11.99,29.5,1,0.23,0.36
2025-07-14T22:06:28.745,-0.39,0.73,0.91,43.24,32.8971,39.9163,12.09,18.4,4,0.57,0.69
2025-07-14T22:06:29.745,0.78,-0.01,0.15,270.75,32.8881,39.9096,12.06,24.8,4,0.79,0.11
2025-07-14T22:06:30.748,-0.96,0.73,0.2,44.59,32.856,39.9406,12.49,15.2,5,0.82,0.4
2025-07-14T22:06:31.748,0.95,0.63,-0.59,358.52,32.87,39.9425,11.84,15.7,2,0.81,0.1
2025-07-14T22:06:32.749,0.83,0,-0.05,212.84,32.8949,39.9465,11.63,23.6,1,0.17,0.15
2025-07-14T22:06:33.750,-0.46,0.02,0,229.94,32.8905,39.9346,12.22,19.3,4,0.09,0.78
2025-07-14T22:06:34.749,-0.13,0.81,0.92,127.04,32.8959,39.9481,11.78,15.9,4,0.54,0.08
2025-07-14T22:06:35.750,0.88,-0.36,-0.82,219.35,32.8905,39.9038,12.05,17.1,1,0.33,0.95
2025-07-14T22:06:36.753,0.08,-0.06,0.99,202.14,32.8548,39.9084,12.57,26.9,1,0.33,0.67
2025-07-14T22:06:37.751,0.38,0.85,-0.22,57.02,32.8855,39.9,11.54,16.8,1,0.59,0.36
2025-07-14T22:06:38.753,0.23,0.01,-0.57,215.32,32.8908,39.9406,12.8,16.5,2,0.04,0.81
2025-07-14T22:06:39.754,0.28,0.06,0.3,308.7,32.8854,39.9346,12.24,18.9,4,0.16,0.63
2025-07-14T22:06:40.755,-0.38,-0.82,-0.46,133.81,32.8632,39.9469,12.72,26.3,3,0.7,0.48
2025-07-14T22:06:41.757,0.72,-0.54,-0.59,176.57,32.8799,39.9155,12.25,25.7,2,0.92,0.32
2025-07-14T22:06:42.757,-0.84,0.58,-0.7,204.2,32.8527,39.9422,11.67,24.7,1,0.97,0.82
2025-07-14T22:06:43.757,-0.86,-0.6,-0.66,279.32,32.888,39.9008,11.83,16.8,2,0.9,0.23
2025-07-14T22:06:44.760,-0.45,0.21,0.3,326.09,32.8842,39.9223,11.87,29.6,4,0.9,0.31
2025-07-14T22:06:45.761,0.96,0.16,0.69,326.28,32.8952,39.9488,12.26,27.5,3,0.53,0.43
2025-07-14T22:06:46.763,-0.01,0.55,-0.09,335.43,32.8512,39.9227,12.72,19,1,0.51,0.9
2025-07-14T22:06:47.762,-0.47,0.48,-0.11,75.21,32.8607,39.9237,12.54,19.3,1,0.91,0.81
2025-07-14T22:06:48.762,0.42,0.47,0.98,36.83,32.8988,39.9374,12.45,18.9,3,0.49,0.21
2025-07-14T22:06:49.765,-0.13,0.71,-0.64,175.88,32.8983,39.932,11.99,29.1,4,0.22,0.95
2025-07-14T22:06:50.766,0.66,0.69,0.76,338.83,32.8802,39.909,11.81,25.7,4,0.72,0.18
2025-07-14T22:06:51.767,-0.23,0.46,-0.62,35.25,32.8587,39.9384,12.51,17.4,2,0.44,0.28
2025-07-14T22:06:52.765,-0.03,0.18,0.33,157.38,32.8608,39.9389,12.58,26.1,5,0.96,0.73
2025-07-14T22:06:53.765,-0.58,-0.08,0.66,347.73,32.8748,39.9402,11.79,28.9,4,0.8,0.72
2025-07-14T22:06:54.767,-0.48,0.09,-0.98,199.22,32.8984,39.9142,11.63,15.7,1,0.34,0.19
2025-07-14T22:06:55.769,-0.89,0,0.74,304.56,32.8604,39.9434,12.8,16.3,1,0.6,0.54
2025-07-14T22:06:56.768,-0.18,-0.31,-0.2,224.44,32.8761,39.936,11.65,22.5,5,0.05,0.93
2025-07-14T22:06:57.769,-0.62,-0.7,-0.82,115.49,32.8541,39.9004,11.78,23,4,0.8,0.21
2025-07-14T22:06:58.773,0.3,0.96,-0.67,269.81,32.8751,39.9378,12.45,26.4,4,0.59,0.54
2025-07-14T22:06:59.772,-0.39,-0.64,-0.29,82.04,32.8856,39.9348,12.43,23,2,0.86,0.43
2025-07-14T22:07:00.773,-0.27,-0.21,-0.27,341.83,32.8799,39.9039,11.91,25.3,4,0.35,0.59
2025-07-14T22:07:01.774,0.6,-0.5,-0.1,281.03,32.889,39.9304,12.13,20.5,5,0.17,0.49
2025-07-14T22:07:02.773,0.33,-0.03,0.28,336.48,32.8712,39.9151,12.22,27.7,4,0.72,0.33
2025-07-14T22:07:03.774,0.42,0.88,0.93,116.85,32.8801,39.943,12.55,29.5,4,0.27,0.49
2025-07-14T22:07:04.774,-0.84,0.84,0.23,190.33,32.8772,39.9406,12.17,29.4,4,0.02,0.93
2025-07-14T22:07:05.776,0.64,-0.77,0.22,131.17,32.887,39.9466,11.82,28.3,3,0.23,0.32
2025-07-14T22:07:06.778,0.78,0.46,-0.35,150.18,32.8884,39.933,11.71,27.2,5,0.93,0.19
2025-07-14T22:07:07.778,-0.94,-0.11,-0.85,239.79,32.8531,39.9064,12.37,28.7,2,0.84,0.11
2025-07-14T22:07:08.778,-0.38,0.02,-0.9,26.73,32.8884,39.9292,12.09,25.2,2,0.62,0.3
2025-07-14T22:07:09.779,0.79,0.58,0.48,247.58,32.8763,39.9228,11.51,21.6,2,0.69,0.1
2025-07-14T22:07:10.780,-0.36,-0.04,0.29,75.12,32.8738,39.9241,12.61,19.5,4,0.46,0.73
2025-07-14T22:07:11.782,-0.68,-0.96,0.78,131.99,32.8543,39.908,11.55,15,4,0.02,0.72
2025-07-14T22:07:12.783,-0.44,-0.3,1,335.53,32.8878,39.9402,11.94,28.4,3,0.97,0.27
2025-07-14T22:07:13.784,0.55,-0.09,0.77,94.99,32.8567,39.9182,12.4,16.6,2,0.99,0.53
2025-07-14T22:07:14.784,-0.11,-0.44,0.44,292.99,32.8711,39.9449,12.17,19.1,3,0.91,0.19
2025-07-14T22:07:15.786,-0.58,-0.56,-0.76,132.53,32.8711,39.9269,11.98,16,2,0.03,0.95
2025-07-14T22:07:16.786,0.78,-0.51,-0.34,315.89,32.8602,39.9221,11.87,22.7,4,0.58,0.42
2025-07-14T22:07:17.786,-0.14,0.29,-0.32,236.34,32.8873,39.9486,12.6,23.3,3,0.61,0.62
2025-07-14T22:07:18.786,-0.52,0.78,-0.02,137.94,32.8744,39.903,11.56,16.2,2,0.15,0.22
2025-07-14T22:07:19.788,-0.9,-0.8,0.12,126.86,32.8763,39.9299,11.53,16.8,5,0.23,0.03
2025-07-14T22:07:20.790,0.87,-0.87,0.09,68.36,32.8711,39.9389,12.51,16.5,2,0.2,0.61
2025-07-14T22:07:21.789,0.34,0.01,-0.28,97.9,32.8917,39.9318,12.34,15.7,5,0.56,0.7
2025-07-14T22:07:22.791,-0.7,-0.2,0.7,108.14,32.8628,39.9249,12.08,23.3,2,0.99,0.45
2025-07-14T22:07:23.792,-1,0.07,0.24,290.7,32.8935,39.907,12.6,26.4,4,0.74,0.97
2025-07-14T22:07:24.792,0.07,0.39,-0.15,247.79,32.8779,39.9143,12.3,24.2,2,0.49,0.67
2025-07-14T22:07:25.793,0.65,0.39,-0.23,193.8,32.8804,39.9134,12.15,29.7,5,0.09,0.37
2025-07-14T22:07:26.795,-0.46,-0.27,0.14,202.49,32.8588,39.9388,12.33,28.5,4,0.59,0.73
2025-07-14T22:07:27.795,-0.79,0.89,0.66,12.4,32.8663,39.9323,12.5,22.7,1,0.94,0.86
2025-07-14T22:07:28.798,0.26,-0.07,-0.54,316.5,32.8851,39.9117,12.6,24.2,4,0.69,0.68
2025-07-14T22:07:29.797,-0.38,0.55,-0.18,63.05,32.8665,39.9327,12.73,17.9,5,0.68,0.37
2025-07-14T22:07:30.799,0.89,0.96,-0.86,92.27,32.8903,39.9047,11.98,18.5,5,0.35,0.04
2025-07-14T22:07:31.800,0.38,-0.69,1,133.85,32.8907,39.9446,12.41,24.2,4,0.31,0.32
2025-07-14T22:07:32.802,0.58,-0.7,0.47,108.18,32.8942,39.9304,11.55,21.5,3,0.62,0.12
2025-07-14T22:07:33.801,0.67,0.07,-0.54,14.16,32.898,39.9315,11.95,24.6,5,0.19,0.52
2025-07-14T22:07:34.802,0.04,0.05,-0.84,16.78,32.8815,39.9494,11.9,22.8,5,0.57,0.51
2025-07-14T22:07:35.804,-0.61,-0.09,0.77,358.57,32.8839,39.9303,12.01,22.2,3,0.16,0.77
2025-07-14T22:07:36.806,0.72,0.11,-0.47,350.58,32.8816,39.9448,12.44,28.3,1,0.18,0.09
2025-07-14T22:07:37.806,-0.28,-0.63,0.28,203.35,32.8749,39.9005,12.63,20.8,1,0.65,0.04
2025-07-14T22:07:38.806,0.97,0.61,0,208.76,32.8795,39.908,12.19,26.3,2,0.07,0.7
2025-07-14T22:07:39.808,-0.15,-0.4,-0.7,306.6,32.8827,39.9492,12.77,24.4,2,0.33,0.54
2025-07-14T22:07:40.809,0.82,-0.12,-0.32,168.63,32.8702,39.9419,12.54,28.4,5,0.85,0.66
2025-07-14T22:07:41.811,0.11,0.32,-0.77,5.32,32.8556,39.9456,12.08,15.5,5,0.94,0.95
2025-07-14T22:07:42.810,-0.21,-0.32,0.18,133.85,32.8987,39.9031,11.94,27.6,4,0.89,0.87
2025-07-14T22:07:43.812,-0.43,0.37,-0.44,233.9,32.888,39.901,12.63,16.1,1,0.44,0.05
2025-07-14T22:07:44.813,0.69,-0.91,-0.74,214.74,32.8743,39.9188,12.79,23.5,3,0.07,0.83
2025-07-14T22:07:45.814,-0.88,-0.42,0.25,230.03,32.8737,39.9352,12.34,23.7,2,0.29,0.37
2025-07-14T22:07:46.813,-0.94,-0.33,0.48,34.74,32.8711,39.9118,12.16,29.5,1,0.13,0.65
2025-07-14T22:07:47.815,-0.02,0.1,0.12,123.96,32.8697,39.9407,12.08,19.7,3,0.27,0.21
2025-07-14T22:07:48.815,0.72,-0.69,-0.33,70.14,32.8632,39.9164,12.63,15.1,3,0.64,0.65
2025-07-14T22:07:49.817,0.52,-0.71,0.68,37.09,32.8989,39.9263,11.51,28.6,5,0.43,0.87
2025-07-14T22:07:50.818,-0.89,0.26,-0.74,276.8,32.8845,39.9125,12.71,15.5,5,0.7,0.91
2025-07-14T22:07:51.820,-0.53,0.14,0.43,26.58,32.8796,39.945,11.61,24.4,2,0.09,0.1
2025-07-14T22:07:52.818,0.09,0.04,0.6,35.64,32.8682,39.9482,12.69,16.1,4,0.74,0.83
2025-07-14T22:07:53.820,0.7,0.98,1,45.01,32.887,39.9058,12.16,25.6,3,0.48,0.58
2025-07-14T22:07:54.820,-0.43,0.57,-0.47,305.21,32.8547,39.9328,11.66,21.8,3,0.37,0.83
2025-07-14T22:07:55.822,-0.2,0.16,-0.98,180.28,32.869,39.9096,11.84,21.8,2,0.35,0.13
2025-07-14T22:07:56.822,0.57,0.62,-0.07,73.92,32.8825,39.9242,12.64,16.9,5,0.44,0.9
2025-07-14T22:07:57.822,-0.19,-0.67,-0.51,173.04,32.853,39.9259,12.7,28.3,5,0.43,0.8
2025-07-14T22:07:58.825,-0.41,-0.64,0.01,296.42,32.8894,39.9021,12.75,25,3,0.93,0.08
2025-07-14T22:07:59.826,0.17,0.16,-0.32,122.51,32.8763,39.9272,12.2,29,3,0.53,0.38
2025-07-14T22:08:00.826,0.89,-0.44,-0.53,266.19,32.8732,39.9277,12.65,28.3,3,0.04,0.94
2025-07-14T22:08:01.828,-0.98,0.31,-0.35,271.05,32.874,39.9466,12.16,20.5,2,0.24,0.41
2025-07-14T22:08:02.829,-0.52,0.26,0.36,20.15,32.8995,39.9266,12.63,26.5,4,0.97,0.74
2025-07-14T22:08:03.829,-0.4,-0.63,-0.2,158.82,32.8712,39.9436,11.81,23.3,5,0,0.12
2025-07-14T22:08:04.829,0.59,-0.83,0.19,1.8,32.8611,39.9163,12.26,28,5,0.14,0.48
2025-07-14T22:08:05.830,0.5,-0.37,-0.36,201.53,32.8659,39.9496,11.69,22.5,5,0.9,0.68
2025-07-14T22:08:06.831,-0.12,0.11,0.34,54.16,32.8537,39.9176,11.55,15.4,3,0.92,0.08
2025-07-14T22:08:07.833,0.43,0.06,-0.29,249.73,32.8973,39.9381,12.3,25.8,4,0.68,0.92
2025-07-14T22:08:08.833,-0.65,0.31,0.29,19.08,32.8907,39.9492,12.34,27.9,1,0.31,0.28
2025-07-14T22:08:09.834,-0.56,-0.16,-0.2,107.34,32.8597,39.9036,11.61,15,2,0.57,0.65
2025-07-14T22:08:10.834,-0.04,0.31,-0.33,180.79,32.8729,39.9098,11.56,16.1,5,0.19,0.77
2025-07-14T22:08:11.835,0.87,0.31,0.69,172.43,32.8826,39.9418,12.46,19,4,0.41,0.56
2025-07-14T22:08:12.835,0.01,0.68,-0.41,356.22,32.8604,39.9225,12.06,16.5,1,0.55,0.85
2025-07-14T22:08:13.837,0.57,0.4,-0.23,357.9,32.8954,39.9118,11.66,27.3,4,0.38,0.46
2025-07-14T22:08:14.838,0.86,-0.05,0.45,61.73,32.8865,39.9108,12.39,18.5,4,0.45,0.92
2025-07-14T22:08:15.838,0.17,-0.03,0.64,327.33,32.8838,39.926,12.29,28,2,0.83,0.79
2025-07-14T22:08:16.838,0.82,-0.78,-0.48,42.78,32.86,39.9194,12.77,18.1,4,0.88,0.26
2025-07-14T22:08:17.840,-0.9,0.12,-0.65,171.39,32.8507,39.9439,12.7,24.8,5,0.14,0.84
2025-07-14T22:08:18.841,0.75,-0.61,-0.75,97.43,32.8654,39.94,11.74,23.5,3,0.49,0.33
2025-07-14T22:08:19.842,-0.57,-0.27,0.89,13.75,32.8918,39.934,11.61,17.5,5,0.67,0.62
2025-07-14T22:08:20.847,-0.19,-0.81,0.73,98.58,32.8578,39.9345,11.83,26,5,0.93,0.72
2025-07-14T22:08:21.844,0.17,0.27,-0.58,272.61,32.8919,39.9446,12.42,21.2,4,0.14,0.96
2025-07-14T22:08:22.844,-0.88,0.8,0.34,244.45,32.8553,39.9408,12.23,28,5,0.28,0.22
2025-07-14T22:08:23.844,0.19,0.51,-0.38,152.36,32.8534,39.9058,11.5,22.3,2,0.11,0.18
2025-07-14T22:08:24.846,-0.11,0.72,-0.6,269.3,32.8988,39.9099,11.56,26.3,3,0.27,0.17
2025-07-14T22:08:25.846,0.49,0.88,-0.25,44.1,32.8561,39.915,12.17,19.8,5,0.47,0.76
2025-07-14T22:08:26.847,-0.39,-0.41,-0.69,199.08,32.8871,39.9285,11.51,25.7,1,0.33,0.26
2025-07-14T22:08:27.848,0.18,0.03,0.05,65.09,32.8518,39.9021,11.55,22.5,1,0.73,0
2025-07-14T22:08:28.850,-0.3,-0.9,0.36,323.09,32.8747,39.9378,11.73,26.4,4,0.72,0.2
2025-07-14T22:08:29.849,0.49,-0.24,0.25,148.32,32.8697,39.9429,11.99,29.9,1,0,0.47
2025-07-14T22:08:30.851,0.58,0.16,-0.21,305.9,32.8603,39.9145,11.77,19.9,5,0.05,0.23
2025-07-14T22:08:31.852,0.35,-0.97,0.03,288.65,32.882,39.9373,11.58,28.1,3,0.98,0.37
2025-07-14T22:08:32.855,0.08,-0.4,-0.18,3.66,32.8855,39.9485,12.23,23.7,5,0.13,0.87
2025-07-14T22:08:33.855,-0.02,-0.48,-0.04,308.58,32.8972,39.9133,12.37,18.4,3,0.86,0.93
2025-07-14T22:08:34.855,-0.35,0.85,0.24,327.02,32.8838,39.95,11.95,28.9,1,0.63,0.35
2025-07-14T22:08:35.856,0.11,0.5,-0.5,274.93,32.8895,39.9056,11.53,21.1,4,0.27,0.71
2025-07-14T22:08:36.856,0.39,0.64,-0.24,132.86,32.855,39.92,12.75,17.2,5,0.3,0.43
2025-07-14T22:08:37.856,0.78,0.58,0.95,230.19,32.8783,39.9108,11.66,24,2,0.89,0.24
2025-07-14T22:08:38.858,0.8,0.02,0.78,77.74,32.8887,39.9277,11.55,25.5,4,0.84,0.01
2025-07-14T22:08:39.861,-0.76,-0.29,-0.25,223.61,32.8863,39.9301,12.45,15.7,4,0.61,0.81
2025-07-14T22:08:40.860,-0.01,0.7,0.25,312.55,32.8763,39.925,11.64,17.3,1,0.71,0.33
2025-07-14T22:08:41.861,0.18,0.03,-0.38,37.24,32.8889,39.9055,11.62,20.4,1,0.63,0.72
2025-07-14T22:08:42.863,0.11,0.73,0.28,144.38,32.8776,39.9038,12.31,18.2,5,0.26,0.84
2025-07-14T22:08:43.862,-0.68,0.49,0.07,298.39,32.8755,39.934,12.71,20.4,1,0.25,0.71
2025-07-14T22:08:44.863,0.53,-0.37,-0.98,166.31,32.8672,39.9354,12.09,28.5,3,0.24,0.94
2025-07-14T22:08:45.864,-0.93,0.06,0.41,273.35,32.8927,39.9457,12,28.8,5,0.09,0.2
2025-07-14T22:08:46.865,-1,0.62,0.21,111.18,32.8762,39.9116,11.52,19.8,3,0.52,0.57
2025-07-14T22:08:47.868,-0.15,0.54,0.95,223.7,32.8867,39.9106,12.8,23.6,4,0.81,0.93
2025-07-14T22:08:48.868,-0.4,-0.07,0.72,203.01,32.8977,39.9008,12.12,26.4,5,0.26,0.72
2025-07-14T22:08:49.869,-0.38,0.78,0.04,287.22,32.8982,39.9243,11.53,28.1,3,0.43,0.33
2025-07-14T22:08:50.869,0.24,-0.46,-0.12,74.69,32.8655,39.9302,12.11,22.5,4,0.08,0.95
2025-07-14T22:08:51.870,0.02,-0.83,0.58,169.92,32.8543,39.9415,12.76,28.2,1,0.87,0.08
2025-07-14T22:08:52.870,0.17,-0.68,0.99,301.2,32.877,39.9377,11.65,15.4,5,0.05,0.07
2025-07-14T22:08:53.873,-0.32,-0.24,0.98,12.68,32.8647,39.9249,12.17,15.2,2,0.95,0.52
2025-07-14T22:08:54.873,-0.22,-0.17,-0.94,173.91,32.8562,39.9087,11.56,28.7,1,0.41,0.98
2025-07-14T22:08:55.875,0.97,0.46,0.59,287.62,32.8512,39.9129,12.09,15.1,1,0.35,0.22
2025-07-14T22:08:56.877,0,0.88,-0.73,116.67,32.8797,39.9006,11.99,15.4,4,0.01,0.61
2025-07-14T22:08:57.875,-0.21,-0.17,-0.14,176.51,32.8787,39.9323,12.34,23.9,1,0.88,0.49
2025-07-14T22:08:58.877,0.99,-0.14,-0.54,265.27,32.8637,39.9387,12.79,21.7,3,1,0.66
2025-07-14T22:08:59.877,0.92,0.36,0.2,289.28,32.8713,39.9161,11.79,22.3,2,0.37,0.38
2025-07-14T22:09:00.878,-0.01,0.18,-0.16,26.5,32.8795,39.9189,12.01,15.6,5,0.31,0.03
2025-07-14T22:09:01.879,-0.89,0.19,0.19,299.13,32.8836,39.9018,12.11,21.8,2,0.45,0.85
2025-07-14T22:09:02.880,0.39,0.13,0.24,83.52,32.8595,39.9064,12.34,24.3,1,0.36,0.45
2025-07-14T22:09:03.888,0.96,0.08,0.11,275.64,32.8566,39.9061,12.2,24.2,3,0.75,0.2
2025-07-14T22:09:04.882,0.16,0.9,0.9,2.22,32.8734,39.9055,12.25,21.3,2,0.9,0.88
2025-07-14T22:09:05.883,0.63,-0.14,0.34,199.63,32.8517,39.949,12.08,18.1,3,0.44,0.33
2025-07-14T22:09:06.883,-0.82,0.2,-0.13,236.57,32.8564,39.9395,11.88,25.4,4,0.2,0.93
2025-07-14T22:09:07.887,-0.19,0.79,0.68,184.32,32.8644,39.9003,12.06,16.4,1,0.02,0.81
2025-07-14T22:09:08.884,0.38,0.71,0.96,159.33,32.8988,39.9201,12.47,27.4,2,0.01,0.56
2025-07-14T22:09:09.885,-0.23,0.45,-0.5,120.92,32.8603,39.9442,12.16,24.5,1,0.25,0.23
2025-07-14T22:09:10.887,-0.6,0.09,-0.14,81.07,32.8531,39.936,11.98,19.9,4,0.28,0.67
2025-07-14T22:09:11.889,-0.08,0.9,-0.77,341.11,32.893,39.918,11.88,16.4,3,0.94,0.57
2025-07-14T22:09:12.890,-0.29,-0.71,0.59,254.59,32.8923,39.9485,12.72,15.9,1,0.68,0.26
2025-07-14T22:09:13.891,0.75,0.79,-0.94,208.49,32.8613,39.9204,12.24,26.7,5,0.47,0.24
2025-07-14T22:09:14.894,0.68,0.41,-0.17,96.71,32.8815,39.9461,11.57,24.1,1,0.62,0.77
2025-07-14T22:09:15.892,0.49,-0.47,0.03,279.61,32.8533,39.9128,11.52,18.2,5,0.07,0.34
2025-07-14T22:09:16.895,-0.39,-0.99,0.49,20.27,32.8782,39.9238,12.19,24.4,1,0.55,0.83
2025-07-14T22:09:17.895,0.7,-0.32,-0.73,46.7,32.8954,39.9413,12.49,24.7,1,0.57,0.34
2025-07-14T22:09:18.895,0.12,-0.62,-0.37,232.18,32.8919,39.9183,12.39,20.2,2,0.52,0.53
2025-07-14T22:09:19.896,-0.95,0.93,0.81,298.53,32.856,39.926,12.34,28.4,4,0.51,0.7
2025-07-14T22:09:20.897,-0.41,0.05,-0.15,28.64,32.8697,39.9209,11.77,27.9,3,0.72,0.48
2025-07-14T22:09:21.899,0.91,-0.27,-0.93,268.31,32.8808,39.9063,12.56,16.8,4,0.83,0.82
2025-07-14T22:09:22.899,0.16,0.19,0.94,343.09,32.8736,39.9022,12.32,25.6,4,0.28,0.84
2025-07-14T22:09:23.901,-0.66,0.68,-0.52,189.91,32.8988,39.9084,12.36,16.3,1,0.66,0.33
2025-07-14T22:09:24.902,-0.42,0.69,0.63,172.66,32.8758,39.9107,12.38,25.6,3,0.27,0.97
2025-07-14T22:09:25.901,0.19,0.4,0.1,106.96,32.8847,39.9219,12.1,23.8,5,0.74,0.97
2025-07-14T22:09:26.905,-0.84,0.1,-0.9,311.16,32.8522,39.9035,12.75,24.9,1,0.36,0.33
2025-07-14T22:09:27.904,-0.71,-0.49,0.31,3.54,32.8935,39.916,12.14,21,1,0.59,0.19
2025-07-14T22:09:28.905,-0.58,-0.9,-0.15,352.01,32.8884,39.9314,12.27,26.1,4,0.62,0.16
2025-07-14T22:09:29.906,-0.25,-0.37,-0.4,359.82,32.8795,39.936,12.4,18,4,0.26,0.24
2025-07-14T22:09:30.907,0.37,-0.4,-0.6,337.72,32.8537,39.9235,12.34,16.5,1,0.89,0.19
2025-07-14T22:09:31.908,0.76,-0.82,0.13,84.18,32.8631,39.9354,11.86,15.5,5,0.68,0.84
2025-07-14T22:09:32.909,0.07,0.74,-0.28,307.69,32.8764,39.9369,12.71,28.6,2,0.76,0.47
2025-07-14T22:09:33.910,0.53,-0.3,0.37,338.1,32.8606,39.925,11.67,18.8,1,0.7,0.47
2025-07-14T22:09:34.912,0.13,0.57,0.76,20.69,32.8988,39.9094,12.24,17.4,5,0.36,0.18
2025-07-14T22:09:35.919,0.56,0.9,0.69,25.58,32.8949,39.9276,11.52,19.9,2,0.39,0.36
2025-07-14T22:09:36.914,-0.9,0.36,0.76,276.53,32.8764,39.9073,11.63,26.2,4,0.24,0.64
2025-07-14T22:09:37.916,-0.43,-0.65,-0.1,153.11,32.8637,39.9296,12.57,23.6,4,0.27,0.62
2025-07-14T22:09:38.915,0.82,-0.31,-0.17,326.99,32.8609,39.901,11.89,20.9,1,0.08,0.49
2025-07-14T22:09:39.916,-0.12,0.38,-0.42,9.59,32.8751,39.9156,12.43,21.4,2,0.77,0.72
2025-07-14T22:09:40.919,0.12,-0.49,-0.13,304.83,32.8984,39.9039,11.9,17.6,2,0.57,0.18
2025-07-14T22:09:41.920,-0.87,-0.59,0.02,261.98,32.8839,39.9349,11.75,24.5,4,0.88,0.24
2025-07-14T22:09:42.919,0.93,0.08,0.19,127.68,32.8902,39.9454,12.32,16.5,5,0.56,0.92
2025-07-14T22:09:43.920,-0.36,-0.75,0.17,334.5,32.8612,39.9464,12.23,28.5,2,0.65,0.04
2025-07-14T22:09:44.921,0.02,-0.75,0.54,311.35,32.8861,39.9428,11.95,18.5,3,0.7,0.28
2025-07-14T22:09:45.922,0.19,-0.26,-0.79,228.29,32.8743,39.9433,12.76,19.5,3,0.06,0.06
2025-07-14T22:09:46.924,0.93,-0.14,0.56,165.67,32.892,39.928,12.39,20.4,2,0.67,0.77
2025-07-14T22:09:47.923,0.61,0.76,0.65,132.97,32.8764,39.9186,12.58,26.3,2,0.14,0.38
2025-07-14T22:09:48.924,-0.55,-0.55,-0.36,295.83,32.8952,39.917,12.19,23.7,1,0.41,0.17
2025-07-14T22:09:49.934,0.23,-0.62,-0.98,51.11,32.8991,39.913,12.76,22.5,1,0.33,0.64
2025-07-14T22:09:50.926,-0.34,-0.51,0.81,80.63,32.8588,39.9193,12.07,26.7,5,0.19,0.14
2025-07-14T22:09:51.927,-0.67,-0.41,0.88,308.32,32.8634,39.9387,12.54,15.2,4,0.07,0.39
2025-07-14T22:09:52.929,-0.49,-0.02,0.28,199.35,32.8933,39.9253,11.58,29.3,3,0.86,0.98
2025-07-14T22:09:53.928,0.79,-0.18,0.07,329.4,32.8587,39.9162,12.41,15.8,5,0.27,0.71
2025-07-14T22:09:54.928,-0.28,-0.95,0.98,273.25,32.8777,39.9474,11.91,18.7,5,0.79,0.69
2025-07-14T22:09:55.931,-0.86,-0.02,0.85,345.28,32.8585,39.9012,11.89,27.6,2,0.18,0.04
2025-07-14T22:09:56.932,0.37,-0.9,1,315.94,32.8699,39.9205,12.04,17.4,3,0.87,0.71
2025-07-14T22:09:57.932,-0.96,0.1,-0.28,150.72,32.8983,39.9433,11.78,18.8,2,0.53,0.26
2025-07-14T22:09:58.932,-0.39,0.64,-0.91,45.37,32.8536,39.9066,12.34,19.6,1,1,0.03
2025-07-14T22:09:59.935,0.83,-0.38,-0.91,252.91,32.8815,39.9115,11.56,20.8,3,0.13,0.75
2025-07-14T22:10:00.934,0.33,0.31,-0.08,250.26,32.8795,39.9449,12.58,18.2,1,0.22,0.65
2025-07-14T22:10:01.936,0.74,0.24,0.39,43.57,32.8516,39.9052,12.2,25.3,1,0.64,0.13
2025-07-14T22:10:02.936,-0.14,0.1,0.42,126.34,32.8952,39.9338,11.7,15.3,3,0.22,0.92
2025-07-14T22:10:03.940,-0.17,0.84,0.74,222.66,32.859,39.9353,12.41,29.1,3,0.89,0.12
2025-07-14T22:10:04.942,-0.91,-0.93,-0.63,30.44,32.8588,39.9206,11.68,19.5,1,0.24,0.12
2025-07-14T22:10:05.943,-0.42,-0.76,-0.91,133.94,32.8566,39.9162,12.17,18.5,1,0.41,0.12
2025-07-14T22:10:06.942,-0.13,-0.01,0.52,62.37,32.8861,39.9353,12.47,15.1,1,0.1,0.82
2025-07-14T22:10:07.943,-0.77,-0.1,-0.34,217.04,32.8515,39.9199,12.36,15.9,5,0.44,0.44
2025-07-14T22:10:08.944,-0.12,0.71,-0.05,296.91,32.8769,39.9024,12.25,24.7,4,0.59,0.34
2025-07-14T22:10:09.944,-1,-0.4,0.65,127.83,32.8518,39.9063,11.94,22.7,4,0.25,0.22
2025-07-14T22:10:10.945,0.33,-0.54,-0.11,85.05,32.8872,39.9141,12.58,17.2,5,0.81,0.91
2025-07-14T22:10:11.946,-0.32,0.65,0.67,179.41,32.8517,39.9104,11.65,18.9,3,0.01,0.98
2025-07-14T22:10:12.948,0.72,-0.7,-0.19,348.78,32.8934,39.9057,12.36,29.2,2,0.9,0.6
2025-07-14T22:10:13.948,-0.11,-0.88,0.14,48.76,32.8771,39.9108,11.9,26.4,5,0.74,0.61
2025-07-14T22:10:14.948,0.22,0.62,-0.3,337.57,32.8541,39.9468,12.09,20.2,2,0.42,0.34
2025-07-14T22:10:15.950,0.65,-0.39,-0.23,42.21,32.8871,39.9337,12.24,23.5,4,0.75,0.44
2025-07-14T22:10:16.952,-0.21,-0.47,-0.71,136.57,32.8936,39.9459,12.25,19.1,2,0.27,0.29
2025-07-14T22:10:17.952,0.55,-0.07,-0.18,120.03,32.8977,39.9148,11.7,19.7,2,0.38,0.57
2025-07-14T22:10:18.953,-0.73,-0.78,-0.98,272.49,32.8883,39.921,12.22,27.1,1,0.88,0.99
2025-07-14T22:10:19.955,-0.73,-0.54,0.72,105.11,32.8952,39.9481,12.47,25.6,1,0.83,0.91
2025-07-14T22:10:20.954,-0.59,-0.18,0.1,103.75,32.8767,39.9223,12.74,16.8,1,0.72,0.82
2025-07-14T22:10:21.955,-0.3,0.04,-0.37,37.67,32.8533,39.9368,12.31,25.6,5,0.16,0.18
2025-07-14T22:10:22.956,0.11,0.53,0.8,300.76,32.8624,39.9027,11.8,18.4,5,0.48,0.51
2025-07-14T22:10:23.956,-0.19,0.75,-0.04,298.49,32.8558,39.9347,12.21,19.5,2,0.9,0.99
2025-07-14T22:10:24.957,-0.42,0.66,-0.01,249.54,32.8697,39.9474,11.73,19,2,0.97,0.57
2025-07-14T22:10:25.958,-0.76,-0.75,0.71,13.63,32.8903,39.9347,12.19,17.2,3,0.51,0.74
2025-07-14T22:10:26.960,-0.31,0.7,-0.69,259.13,32.8998,39.9424,11.84,25.9,2,0.95,0.41
2025-07-14T22:10:27.962,0.34,0.12,-0.43,314.12,32.8974,39.9389,12.72,24.8,3,0.21,0.12
2025-07-14T22:10:28.962,0.2,0.77,0.66,33.61,32.8564,39.9383,12.29,23.9,5,0.11,0.8
2025-07-14T22:10:29.962,-0.38,-0.69,-0.99,253.9,32.8927,39.9075,11.94,26.7,2,0.42,0.7
2025-07-14T22:10:30.964,0.12,0.88,-0.62,188.31,32.8772,39.945,11.89,16.6,3,0.46,0.99
2025-07-14T22:10:31.964,0.74,0.67,0.53,31.25,32.8607,39.95,12.13,19.5,1,0.06,0.31
2025-07-14T22:10:32.964,0.34,-0.95,0.98,75.79,32.883,39.9375,11.84,23.5,1,0.52,0.59
2025-07-14T22:10:33.965,0.07,0.12,-0.46,37.09,32.8981,39.9162,11.88,28.3,4,0.22,0.33
2025-07-14T22:10:34.967,-0.29,0.14,0.57,332.89,32.8748,39.9333,11.9,22.1,5,0.04,0.39
2025-07-14T22:10:35.967,-0.2,0.68,0.8,292.63,32.8871,39.9029,11.63,20.7,1,0.15,0.71
2025-07-14T22:10:36.968,0.13,0.94,0.55,69.61,32.8873,39.9178,11.8,19.7,5,0.67,0.44
2025-07-14T22:10:37.969,0.31,-0.04,0.46,177.16,32.8898,39.9101,12.23,25.4,3,0.12,0.26
2025-07-14T22:10:38.969,-0.99,0.18,0.96,9.47,32.8825,39.9458,12.05,16.9,2,0.66,0.93
2025-07-14T22:10:39.971,-0.64,-0.69,0.3,251.01,32.8531,39.9097,11.91,21.2,1,0.27,0.79
2025-07-14T22:10:40.971,0.61,-1,0.35,309.18,32.8907,39.9302,11.8,22.5,2,0.62,0.53
2025-07-14T22:10:41.973,-0.05,-0.15,0.91,222.92,32.8505,39.9033,11.9,20.7,1,0.88,0.47
2025-07-14T22:10:42.974,0.94,-0.39,-0.17,192.57,32.8784,39.9224,11.59,24.1,3,0.04,0.19
2025-07-14T22:10:43.975,-0.41,0.11,0.93,5.83,32.8762,39.9345,12.71,25.1,3,0.51,0.59
2025-07-14T22:10:44.975,-0.96,0.69,0.71,38.88,32.8727,39.9412,12.25,16.5,3,0.91,0.2
2025-07-14T22:10:45.976,-0.87,-0.96,0.2,81.04,32.8774,39.9262,12.13,26.8,3,0.59,0.12
2025-07-14T22:10:46.978,0.44,-0.34,-0.82,235.21,32.8724,39.9368,12.32,21.3,3,0.04,0.98
2025-07-14T22:10:47.979,0.54,0.84,-0.4,132.19,32.8529,39.9156,12.31,29.7,5,0.31,0.97
2025-07-14T22:10:48.979,0.98,0.32,0.94,35.51,32.8653,39.9278,12.25,23.9,3,0.22,0.24
2025-07-14T22:10:49.980,0.95,-0.38,-0.25,142.35,32.8529,39.9095,12.35,15.9,2,0.81,0.86
2025-07-14T22:10:50.983,0.8,-0.39,0.28,1.91,32.8853,39.9375,11.88,15.2,3,0.46,0.68
2025-07-14T22:10:51.982,0.17,0.55,-0.29,52.67,32.8691,39.9262,12.34,15.6,1,0,0.79
2025-07-14T22:10:52.984,-0.74,1,0.72,223.43,32.8885,39.9115,12.31,21.7,5,0.27,0.15
2025-07-14T22:10:53.984,0.27,0.15,0.69,98.31,32.8821,39.9225,12.39,24.5,2,0.55,0.6
2025-07-14T22:10:54.985,-0.88,-0.6,-0.8,113.94,32.8871,39.9211,11.82,22.2,3,0.97,0.07
2025-07-14T22:10:55.988,-0.47,0.14,-0.58,235.99,32.8525,39.9221,11.73,21.2,1,0.57,0.45
2025-07-14T22:10:56.988,0.69,0.19,0.77,67.97,32.8887,39.9404,11.51,27,5,0.08,0.68
2025-07-14T22:10:57.990,-0.19,-0.82,0.28,145.98,32.8733,39.9393,11.71,21.2,3,0.24,0.93
2025-07-14T22:10:58.991,0.42,0.31,0.54,279.53,32.8657,39.9487,11.96,26.2,3,0.5,0.29
2025-07-14T22:10:59.992,0.91,0.16,0.48,197.29,32.8864,39.9052,12.13,15.8,2,0.02,0.2
2025-07-14T22:11:00.993,-0.21,-0.95,0.79,336.11,32.8538,39.9456,12.73,21.4,1,0.54,0.32
2025-07-14T22:11:01.993,-0.33,-0.09,-0.17,231.61,32.8543,39.9493,12.14,19.7,2,0.9,0.13
2025-07-14T22:11:02.996,0.83,-0.93,0.64,172.82,32.883,39.9276,11.62,25.7,3,0.38,0.26
2025-07-14T22:11:03.996,-0.94,-0.5,-0.82,151.94,32.8943,39.9101,11.8,17.8,4,0.52,0.85
2025-07-14T22:11:04.997,-0.18,-0.07,0.69,53.4,32.8635,39.9465,11.85,29.9,1,0.54,0.39
2025-07-14T22:11:05.997,0.59,0.7,0.22,51.95,32.8678,39.9194,12.65,17.9,3,0.86,0.39
2025-07-14T22:11:07.000,-0.27,0.42,-0.05,233.09,32.8759,39.9011,12.66,28.8,1,0.58,0.8
2025-07-14T22:11:08.000,-0.95,0.13,0.46,62.42,32.8794,39.9154,12.64,26.6,1,0.84,0.46
2025-07-14T22:11:09.003,0.57,0.47,0.16,216.62,32.8903,39.9373,11.59,16.4,4,0.9,0.2
2025-07-14T22:11:10.004,0.95,0.01,0.76,96.7,32.883,39.9149,11.96,22.4,3,0.74,0.65
2025-07-14T22:11:11.004,0.5,-0.65,-0.99,282.87,32.8775,39.9272,11.86,25.8,2,0.79,0.55
2025-07-14T22:11:12.004,-0.7,-0.15,0.7,2.03,32.8875,39.9402,12.24,19.5,3,0.95,0.58
2025-07-14T22:11:13.005,0.64,0.26,-0.2,196.59,32.8872,39.9264,11.89,19.6,3,0.55,0.05
2025-07-14T22:11:14.007,0.11,-0.07,-0.8,221.25,32.8612,39.9495,12.78,25.4,1,0.63,0.17
2025-07-14T22:11:15.014,-0.68,0.45,-0.82,325.27,32.8518,39.941,11.54,24.8,3,0.45,0.72
2025-07-14T22:11:16.010,-0.19,-0.95,0.49,349.31,32.871,39.9259,11.64,21.2,3,0.35,0.88
2025-07-14T22:11:17.010,0.5,0,0.74,214.21,32.8693,39.9354,12.23,26.2,5,0.07,0.49
2025-07-14T22:11:18.012,0.36,0.2,-0.25,200.85,32.8777,39.9435,12.27,22.4,3,0.89,0.45
2025-07-14T22:11:19.012,0.63,-0.37,0.83,151.93,32.851,39.9469,11.53,26.3,5,0.44,0.29
2025-07-14T22:11:20.012,-0.64,0.76,-0.69,66.15,32.8529,39.9234,12.58,28.8,4,0.8,0.39
2025-07-14T22:11:21.014,-0.84,-0.7,0.27,66.06,32.8915,39.9124,12.54,23.7,1,0.1,0.13
2025-07-14T22:11:22.015,0.04,-0.16,0.5,175.05,32.8755,39.9481,11.8,19.6,3,0.1,0.51
2025-07-14T22:11:23.015,0.73,-0.65,0.38,175.4,32.8674,39.943,11.61,24.8,5,0.65,0.04
2025-07-14T22:11:24.016,0.92,-0.83,0.66,130.2,32.8845,39.9084,11.67,17.4,5,0.4,0.06
2025-07-14T22:11:25.017,-0.1,-0.62,-0.65,85.67,32.8574,39.9086,12.67,15.9,2,0.65,0.05
2025-07-14T22:11:26.018,0.36,0.19,0.35,5.51,32.8571,39.9372,12.26,16.7,2,0.32,0.91
2025-07-14T22:11:27.020,-0.82,-0.07,0.52,185.73,32.8604,39.9183,12.74,19.7,3,0.27,0.32
2025-07-14T22:11:28.020,-0.13,-0.32,0.48,39.18,32.8971,39.9216,12.4,26.6,5,0.51,0.9
2025-07-14T22:11:29.021,0.3,-0.84,0.76,175.93,32.8615,39.9103,12.07,24.9,4,0.38,0.19
2025-07-14T22:11:30.022,-0.43,0.38,-0.58,19.55,32.8964,39.9077,11.74,17.1,5,0.1,0.01
2025-07-14T22:11:31.024,0.05,0.45,-0.13,43.81,32.8891,39.9422,11.72,29.2,5,0.21,0.99
2025-07-14T22:11:32.025,-0.6,0.3,-0.97,314.5,32.8555,39.9322,11.97,25.2,4,0.26,0.08
2025-07-14T22:11:33.026,0.55,0.95,0.27,336.85,32.8555,39.9359,12.55,22.4,3,0.94,0.01
2025-07-14T22:11:34.027,0.1,-0.49,0.97,54.36,32.8552,39.9186,11.95,18.1,5,0.84,0.5
2025-07-14T22:11:35.027,-0.91,0.74,-0.3,341.1,32.8695,39.9159,12.66,17.4,5,0.96,0.22
2025-07-14T22:11:36.030,0.15,-0.19,0.14,274.71,32.8996,39.9472,11.77,26.5,2,0.88,0.32
2025-07-14T22:11:37.030,0.28,0.15,-0.23,170.22,32.8919,39.9448,11.72,25.7,3,0.89,0.6
2025-07-14T22:11:38.033,0.38,0.23,-0.96,40.19,32.8856,39.9108,12.13,22.2,2,0.61,0.07
2025-07-14T22:11:39.033,0.46,0.57,0.3,245.56,32.8974,39.9117,12.31,28.7,5,0.62,0.62
2025-07-14T22:11:40.041,0.58,-0.97,0.04,20.13,32.8798,39.9233,11.74,17.3,3,0.77,0.49
2025-07-14T22:11:41.033,0.13,-0.48,0.71,101.67,32.8838,39.9434,12.62,16.8,2,0.38,0.51
2025-07-14T22:11:42.034,0.4,-0.67,0.88,181.26,32.8583,39.9266,12.04,28.4,4,0.14,0.63
2025-07-14T22:11:43.037,-0.4,0.73,-0.88,170.04,32.874,39.9393,12,22.2,5,0.32,0.38
2025-07-14T22:11:44.040,-0.59,-0.9,-0.34,165.65,32.8664,39.9138,11.95,28.7,1,0.14,0.73
2025-07-14T22:11:45.040,0.95,-0.8,0.43,172.88,32.8738,39.9207,11.63,26.1,2,0.06,0.15
2025-07-14T22:11:46.041,-0.87,0.1,-0.47,233.53,32.8864,39.9279,12.09,19.2,3,0.81,0.18
2025-07-14T22:11:47.042,-0.75,-0.77,-0.92,106.12,32.8693,39.9144,12.73,24.2,4,0.21,0.52
2025-07-14T22:11:48.043,0.67,0.92,-0.24,79.59,32.8938,39.934,11.9,23.1,2,0.76,0.25
2025-07-14T22:11:49.043,0.07,-0.23,0.88,41.72,32.8815,39.9286,12.03,25.9,4,0.63,0.26
2025-07-14T22:11:50.046,-0.66,-0.4,-0.73,249.76,32.8549,39.9496,12.36,16,2,0.83,0.11
2025-07-14T22:11:51.046,0.63,0.02,-0.74,189.88,32.8777,39.9273,12.01,15.5,2,0.97,0.64
2025-07-14T22:11:52.049,-0.1,0.08,0.86,19.34,32.888,39.9035,11.73,24.8,2,0.46,0.8
2025-07-14T22:11:53.048,-0.56,-0.12,0.83,276.7,32.8847,39.9267,11.9,30,1,0.19,0.32
2025-07-14T22:11:54.048,0.5,-0.16,-0.63,171.31,32.8669,39.9377,11.58,26.8,3,0.74,0.35
2025-07-14T22:11:55.049,0.93,0.94,0.95,124.59,32.8663,39.942,11.99,25.9,1,0.08,0.03
2025-07-14T22:11:56.051,0.86,-0.87,-0.85,70.62,32.897,39.9388,12,17.4,5,0.67,0.78
2025-07-14T22:11:57.064,-0.72,-0.12,0.09,252.64,32.882,39.9433,12.03,25.5,1,0.04,0.94
2025-07-14T22:11:58.053,-0.75,-0.32,0.34,255.37,32.8621,39.9091,12.52,24.2,4,0.35,0.86
2025-07-14T22:11:59.053,-0.08,0.45,-0.54,72.98,32.8502,39.9104,12.27,25.1,5,0.48,0.81
2025-07-14T22:12:00.060,-0.66,-0.92,-0.89,273.75,32.8549,39.9411,12.56,23.3,1,0.41,0.66
2025-07-14T22:12:01.055,-0.01,0.71,0.18,31.25,32.8741,39.9316,12.04,23.2,4,0.91,0.91
2025-07-14T22:12:02.056,-0.87,-0.08,0.1,154.92,32.8842,39.9266,11.7,20.7,4,0.16,0.68
2025-07-14T22:12:03.058,-0.88,-0.1,0.5,336.72,32.8783,39.9084,12.46,26.7,3,0.95,0.7
2025-07-14T22:12:04.061,-0.18,-0.56,0.89,178.73,32.8782,39.9048,12.31,28.5,3,0.73,0.64
2025-07-14T22:12:05.061,-0.97,0.09,0.52,346.56,32.8551,39.941,11.62,21.4,5,0.03,0.5
2025-07-14T22:12:06.061,-0.23,0.49,-0.43,105.59,32.8984,39.9232,12.41,27.9,5,0.66,0.26
2025-07-14T22:12:07.062,0.71,0.5,0.15,249.77,32.8707,39.9064,12.76,25.7,4,0.78,0.81
2025-07-14T22:12:08.062,-0.89,0.12,0.99,213.38,32.8712,39.9478,11.74,19.6,4,0.82,0.21
2025-07-14T22:12:09.064,0.81,-0.37,-0.62,346.82,32.851,39.9463,11.71,27.1,2,0.22,0.4
2025-07-14T22:12:10.067,-0.97,0.02,-0.34,42.6,32.8654,39.9448,12.14,20.1,4,0.75,0.94
2025-07-14T22:12:11.068,0.57,-0.73,0.28,296.05,32.8648,39.9348,11.77,17.5,4,0.58,0.73
2025-07-14T22:12:12.068,0.84,0.09,-0.9,312.65,32.8676,39.9065,11.78,18,2,0.52,0.1
2025-07-14T22:12:13.069,-0.65,0.29,0.61,326.02,32.8557,39.9339,12.74,16,3,0.46,0.51
2025-07-14T22:12:14.070,0.53,0.54,0.59,110.47,32.8533,39.9419,11.58,17.5,3,0.97,0.32
2025-07-14T22:12:15.071,-0.99,0.29,-0.33,122.66,32.8968,39.9486,11.84,29.6,5,0.11,0.97
2025-07-14T22:12:16.072,-0.06,-0.98,-0.52,304.83,32.8722,39.9288,12,19.1,1,0.92,0.05
2025-07-14T22:12:17.073,-0.74,0.48,0.72,145.67,32.8674,39.9197,11.89,19.1,4,0.18,0.18
2025-07-14T22:12:18.075,-0.1,-0.18,-0.77,340.35,32.8878,39.9279,11.57,16.5,3,0.86,0.14
2025-07-14T22:12:19.075,-0.8,-0.37,0.16,309.78,32.8916,39.9429,12.67,19.9,4,0.95,0.34
2025-07-14T22:12:20.076,-0.65,-0.41,-0.71,150.78,32.8536,39.9378,12.4,21.1,4,0.46,0.88
2025-07-14T22:12:21.077,-0.2,-0.51,-0.4,188.67,32.875,39.9047,12.77,21.9,1,0.42,0.19
2025-07-14T22:12:22.078,0.92,-0.86,0.66,285.07,32.8921,39.9179,12.3,29.6,4,0.77,0.23
2025-07-14T22:12:23.082,-0.43,-1,0.85,236.87,32.8586,39.9487,12.37,18.9,2,0.23,0.93
2025-07-14T22:12:24.081,0.65,-0.78,0.31,228.17,32.8996,39.9492,12.06,27.2,2,0.77,0.7
2025-07-14T22:12:25.083,0.25,-0.41,0.82,17.82,32.8601,39.9248,12.15,28.6,5,0.34,0.68
2025-07-14T22:12:26.084,-0.86,-0.41,0.22,314.71,32.8862,39.9155,11.95,29.6,5,1,0.78
2025-07-14T22:12:27.084,-0.22,-0.66,0.43,311.71,32.8832,39.9019,12.36,20.1,5,0.73,0.11
2025-07-14T22:12:28.085,0.89,-0.92,0.65,355.11,32.8551,39.945,12.14,21.6,3,0.56,0.94
2025-07-14T22:12:29.086,0.26,-0.73,-0.62,352.09,32.8569,39.9117,12.21,22.6,5,0.31,0.25
2025-07-14T22:12:30.088,-0.67,-0.05,-0.96,296.33,32.8826,39.9133,12.6,23.1,5,0.16,0.94
2025-07-14T22:12:31.088,0.61,-0.22,0.39,24.36,32.8549,39.9063,11.75,28.6,2,0.16,0.73
2025-07-14T22:12:32.089,-0.93,0.16,-0.29,274.74,32.8571,39.9176,11.92,23.4,5,0.71,0.97
2025-07-14T22:12:33.089,-0.73,0.08,0.49,237.69,32.8942,39.9137,12.2,15.1,4,0.46,0.98
2025-07-14T22:12:34.092,0.81,-0.99,-0.47,168.31,32.8775,39.9033,11.52,24.1,5,0.7,0.74
2025-07-14T22:12:35.092,-0.55,0.94,0.77,91.36,32.88,39.9171,12.63,15.6,2,0.8,0.98
2025-07-14T22:12:36.093,-0.07,-0.85,-0.92,214.06,32.8958,39.9126,12.14,25,2,0.03,0.15
2025-07-14T22:12:37.094,-0.18,0.47,-0.84,283.6,32.8749,39.9043,12.07,24.7,5,0.72,0.23
2025-07-14T22:12:38.097,-0.22,-0.32,-0.29,295.29,32.8568,39.9075,12.23,22.8,3,0.79,0.08
2025-07-14T22:12:39.099,-0.14,-0.97,-0.73,170.18,32.8882,39.9474,12.02,22.6,1,0.13,0.51
2025-07-14T22:12:40.098,-0.59,-0.64,-0.58,352.54,32.8643,39.9028,11.52,22.1,3,0.89,0.16
2025-07-14T22:12:41.098,-0.62,0.45,0.21,322.89,32.8553,39.9099,11.64,21.9,1,0.17,0.71
2025-07-14T22:12:42.097,-0.57,0.33,0.67,235.7,32.8665,39.9398,12.8,29.3,4,0.45,0.28
2025-07-14T22:12:43.100,0.73,0.51,0.28,149.64,32.8533,39.9072,12.4,20.9,5,0.12,0.98
2025-07-14T22:12:44.101,0.47,-0.21,0.97,293.14,32.853,39.9444,12.31,17,2,0.07,0.52
2025-07-14T22:12:45.101,0.5,-0.83,-0.45,64.06,32.8965,39.9072,12.55,19.6,4,0.67,0.12
2025-07-14T22:12:46.102,-0.77,-0.35,0.33,282.89,32.8986,39.9237,12.44,21.3,1,0.94,0.25
2025-07-14T22:12:47.104,0.02,-0.75,-0.88,292.34,32.8585,39.9096,11.8,22.5,2,0.17,0.09
2025-07-14T22:12:48.104,0.22,0.26,-0.99,62.4,32.8908,39.9264,11.57,21.6,5,0.01,0.15
2025-07-14T22:12:49.104,-0.17,0.46,-0.32,318.04,32.8887,39.9035,11.88,19.1,3,0.6,0.89
2025-07-14T22:12:50.107,0.68,-0.39,-0.81,258.54,32.8969,39.9321,11.73,24.4,3,0.54,0.83
2025-07-14T22:12:51.108,0.19,0.52,0.02,190.86,32.8587,39.9499,12.49,23.8,1,0.63,0.52
2025-07-14T22:12:52.110,-0.66,0.55,0.75,259.15,32.8765,39.9068,11.93,22.9,3,0.91,0.59
2025-07-14T22:12:53.116,0.18,-0.63,0.96,286.32,32.8713,39.9489,11.74,28.8,3,0.82,0.83
2025-07-14T22:12:54.113,0.09,-0.01,0.5,160.32,32.893,39.9029,11.64,29.9,1,0.43,0.34
2025-07-14T22:12:55.114,-0.42,-0.61,0.45,274.35,32.8938,39.9467,12.14,16.1,1,0.75,0.69
2025-07-14T22:12:56.114,0.57,0.21,-0.54,62.24,32.88,39.9104,12.19,17.5,4,0.94,0.75
2025-07-14T22:12:57.116,-0.51,-0.56,-0.13,242.53,32.8978,39.9404,12.71,24.6,4,0.86,0.61
2025-07-14T22:12:58.116,0.76,-0.24,-0.38,308.65,32.8856,39.9104,12.2,15.3,4,0.48,0.19
2025-07-14T22:12:59.117,0.05,-0.03,0.18,168.66,32.8987,39.9025,12.8,24.5,5,0.09,0.7
2025-07-14T22:13:00.118,0.93,-0.19,-0.38,80.67,32.8744,39.9132,11.54,23.3,1,0.77,0.74
2025-07-14T22:13:01.119,-0.77,-0.29,-0.84,273.57,32.8631,39.9454,11.75,29.7,1,0.39,0.81
2025-07-14T22:13:02.119,-0.63,0.05,-0.95,178.83,32.8643,39.9257,12.71,16.5,2,0.42,0.4
2025-07-14T22:13:03.121,0.83,0.05,0.84,353.81,32.8886,39.9235,11.65,28.5,5,0.17,0.85
2025-07-14T22:13:04.124,0.4,-0.87,0.52,78.26,32.8842,39.9137,12.47,19,4,0.77,0.48
2025-07-14T22:13:05.125,0.01,-0.81,-0.61,123.21,32.89,39.907,11.77,16.8,3,0.7,0.34
2025-07-14T22:13:06.125,-0.95,0.74,-0.74,129.04,32.8656,39.9441,11.8,27.6,1,0.59,0.78
2025-07-14T22:13:07.126,0.22,-0.65,-0.02,199.55,32.896,39.9128,12.78,17.6,1,0.36,0.88
2025-07-14T22:13:08.127,-0.77,0.37,-0.97,175.67,32.8783,39.9351,12.56,19.8,4,0.93,0.15
2025-07-14T22:13:09.130,0.57,-0.14,0.14,106.14,32.8915,39.9243,11.96,15.4,3,0.3,0.35
2025-07-14T22:13:10.130,-0.18,0.84,-0.67,15.72,32.8764,39.935,12.54,16.7,1,0.54,0.76
2025-07-14T22:13:11.130,0.17,0.06,0.34,336.41,32.8538,39.9232,12.25,25.3,5,0.37,0.58
2025-07-14T22:13:12.132,0.67,0.04,-0.88,291.96,32.894,39.9143,12.31,16,2,0.88,0.47
2025-07-14T22:13:13.136,0.5,0.56,-0.03,244.88,32.8638,39.9042,12.36,28.1,3,0.61,0.06
2025-07-14T22:13:14.137,0.8,-0.7,0.43,308.22,32.8649,39.9409,12.31,15.1,3,0.73,0.11
2025-07-14T22:13:15.136,-0.66,-0.86,-0.67,297.5,32.8565,39.9492,11.94,20.2,4,0.1,0.76
2025-07-14T22:13:16.137,-0.81,-0.6,0.91,187.6,32.8912,39.9067,12.34,27.6,2,0.82,0.25
2025-07-14T22:13:17.140,-0.57,0.22,0.19,288.06,32.8768,39.9082,11.87,24.2,3,0.17,0.74
2025-07-14T22:13:18.140,0.19,-0.15,-0.72,321.73,32.8508,39.9164,11.58,23.1,4,0.56,0.21
2025-07-14T22:13:19.142,-0.63,-0.64,-0.77,3.03,32.8952,39.9043,11.9,29.1,5,0.39,0.39
2025-07-14T22:13:20.142,-0.45,0.76,-0.71,146.42,32.8663,39.9469,11.57,19.2,2,0.03,0.35
2025-07-14T22:13:21.144,-0.01,-0.93,-0.27,244.94,32.861,39.9217,12.73,23.8,3,0.34,0.45
2025-07-14T22:13:22.146,0.43,-0.94,-0.99,80.03,32.8871,39.905,11.69,20.1,3,0.75,0.12
2025-07-14T22:13:23.146,0.06,-0.14,0.77,29.76,32.8839,39.9177,11.54,16.9,2,0.55,0.54
2025-07-14T22:13:24.148,-0.31,-0.76,0.75,243.54,32.853,39.9147,11.58,21.3,1,0.4,0.7
2025-07-14T22:13:25.149,0.04,0.63,-0.58,302.5,32.8618,39.9245,11.55,26.5,1,0.28,0.46
2025-07-14T22:13:26.153,-0.56,-0.01,0.08,283.59,32.8767,39.9261,12.79,30,3,1,0.97
2025-07-14T22:13:27.153,-0.4,0.1,0.64,37.57,32.8637,39.9294,12.05,16.8,2,0.81,0.61
2025-07-14T22:13:28.155,-0.09,-0.14,-0.09,58.38,32.8826,39.9055,11.75,28,5,0.22,0.2
2025-07-14T22:13:29.155,-0.66,0.72,0.48,77.66,32.8953,39.9406,12.34,27.2,1,0.77,0.68
2025-07-14T22:13:30.157,0.24,-0.23,0.54,353.29,32.8724,39.9123,11.62,22.4,1,0.3,0.43
2025-07-14T22:13:31.158,0.87,0.43,0.8,152.56,32.8634,39.9212,12.52,27.2,2,0.51,0.45
2025-07-14T22:13:32.158,-0.07,0.27,0.83,123.3,32.8935,39.9474,12.22,21.5,4,0.64,0.13
2025-07-14T22:13:33.160,-0.56,0.8,0.03,299.28,32.8829,39.9339,11.88,22.6,2,0.67,0.43
2025-07-14T22:13:34.161,0.84,0.74,-0.43,9.68,32.8829,39.9041,11.62,26.4,2,0.2,0.37
2025-07-14T22:13:35.163,0.24,0.12,0.63,251.15,32.852,39.9426,11.54,20.2,4,0.72,0.63
2025-07-14T22:13:36.164,0.1,-0.2,-0.66,56.52,32.8947,39.9252,11.99,27.2,3,0.91,0.68
2025-07-14T22:13:37.164,-0.01,0.64,-0.84,164.3,32.877,39.9479,11.64,15.5,1,0.76,0.95
2025-07-14T22:13:38.165,0.12,0.24,0.2,243.1,32.8946,39.9237,12.79,17.4,1,0.54,0.7
2025-07-14T22:13:39.166,0.94,0.1,-0.27,7.58,32.8645,39.946,12.35,28.2,1,0.01,0.68
2025-07-14T22:13:40.167,0.5,-0.44,0.2,113.48,32.883,39.9449,12.59,24,1,0.74,0.81
2025-07-14T22:13:41.169,0.69,0.25,0.17,341.91,32.855,39.9431,12.56,16.9,2,0.61,0.19
2025-07-14T22:13:42.169,-0.1,-0.88,0.77,356.3,32.8968,39.9168,11.94,15.9,2,0.76,0.93
2025-07-14T22:13:43.170,0.06,0.74,0.13,206.73,32.876,39.9156,12.44,28.6,3,0.45,0.8
2025-07-14T22:13:44.170,0.92,-0.09,-0.58,48.49,32.8953,39.9155,12.78,17.4,5,0.12,0.93
2025-07-14T22:13:45.173,-0.8,0.85,-0.43,264.65,32.8791,39.9116,11.69,19.6,2,0.35,0.93
2025-07-14T22:13:46.173,-0.68,0.06,-0.67,305.89,32.8553,39.9128,12.15,18.1,3,0.68,0.15
2025-07-14T22:13:47.173,0.21,-0.13,0.01,200.93,32.8899,39.9369,12.2,18.3,4,0.23,0.58
2025-07-14T22:13:48.174,0.22,0.09,0.69,252.84,32.8655,39.9412,11.95,27.7,5,0.59,0.96
2025-07-14T22:13:49.177,0.87,0.11,-0.61,110.82,32.8827,39.9343,11.68,17,3,0.48,0.89
2025-07-14T22:13:50.178,0.83,-0.81,-0.52,18.04,32.8707,39.9134,12.6,18.7,1,0.94,0.81
2025-07-14T22:13:51.179,0.3,-0.62,0.92,318.99,32.8837,39.9231,12.02,27,4,0.41,0.55
2025-07-14T22:13:52.181,-0.23,-0.05,0.2,354.54,32.8696,39.9147,12.17,23.2,1,0.02,0.53
2025-07-14T22:13:53.181,-0.61,0.71,0.62,72.35,32.8742,39.9381,12.25,27.9,3,0.21,0.99
2025-07-14T22:13:54.182,-0.83,0.85,-0.21,271.04,32.8734,39.9434,12.19,29.3,1,0.62,0.68
2025-07-14T22:13:55.184,0.92,0.89,-0.16,349.14,32.8751,39.9496,12.57,21.8,1,0.82,0.36
2025-07-14T22:13:56.186,0.87,-0.07,0.35,272.07,32.863,39.9259,11.65,29.6,1,0.87,0.58
2025-07-14T22:13:57.186,0.25,-0.42,-0.6,342.97,32.8617,39.9004,12.3,25.6,1,0.9,0.99
2025-07-14T22:13:58.187,0.24,-0.38,-0.9,157.11,32.8792,39.9117,11.65,26.1,5,0.48,0.73
2025-07-14T22:13:59.187,-0.68,0.95,0.23,233.07,32.8744,39.944,12.47,17.8,1,0.32,0.78
2025-07-14T22:14:00.187,0.94,0.06,0.34,224.29,32.8924,39.929,12.74,28.2,2,0.14,0.44
2025-07-14T22:14:01.191,0.26,-0.08,0.17,159.54,32.8944,39.9475,12.23,22.1,5,0.68,0.65
2025-07-14T22:14:02.193,0.63,-0.27,0.17,175.25,32.8952,39.919,11.57,22.6,2,0.73,0.73
2025-07-14T22:14:03.193,0.26,0.63,-0.66,316.76,32.884,39.9231,12.09,16.7,4,0.16,0.11
2025-07-14T22:14:04.194,-0.16,0.65,-0.2,147.33,32.889,39.9305,11.73,22.7,1,0.19,0.06
2025-07-14T22:14:05.195,-0.34,0.72,0.19,246.13,32.8796,39.9214,11.8,27.7,2,1,0
2025-07-14T22:14:06.196,0.64,-0.58,0.98,188.24,32.8701,39.9456,11.71,16.8,1,0.12,0.66
2025-07-14T22:14:07.198,-0.35,0.62,-0.73,171.16,32.8633,39.9151,12.22,22.3,1,0.22,0.39
2025-07-14T22:14:08.199,0.54,-0.56,0.53,166.07,32.8948,39.9135,12.11,22.6,5,0.83,0.44
2025-07-14T22:14:09.202,0.2,-0.34,0.65,159.87,32.8996,39.9415,12.61,26.3,4,0.55,0.72
2025-07-14T22:14:10.202,-0.82,-0.41,-0.77,266.76,32.8676,39.9381,12.56,16.2,5,0.92,0.54
2025-07-14T22:14:11.204,0.25,0.96,-0.9,186.2,32.8916,39.9401,12.32,20.5,1,0.88,0.67
2025-07-14T22:14:12.204,-0.09,0.09,-0.27,230.22,32.8586,39.9303,12.69,21.1,3,0.91,0.74
2025-07-14T22:14:13.204,0.65,0.16,-0.34,296.06,32.8876,39.9451,12.12,24,2,0.25,0.64
2025-07-14T22:14:14.207,-0.25,0.63,0.14,198.55,32.8621,39.9221,12,29.5,3,0.26,0.96
2025-07-14T22:14:15.209,0.86,-0.23,0.11,52.99,32.8804,39.9154,12.23,25.7,4,0.94,0.58
2025-07-14T22:14:16.209,0.44,0.79,0,31.62,32.876,39.9329,11.51,20.6,3,0.11,0.74
2025-07-14T22:14:17.210,-0.47,0.55,-0.57,170.35,32.8964,39.9485,11.66,26.3,4,0.14,0.86
2025-07-14T22:14:18.209,-0.18,-0.27,0.22,135.48,32.8982,39.92,12.02,25.5,5,0.9,0.7
2025-07-14T22:14:19.212,-0.45,0.29,-0.29,14.14,32.8711,39.9343,11.61,18,4,0.61,0.26
2025-07-14T22:14:20.214,0.08,0.05,-0.51,60.91,32.8863,39.9185,12.77,20.2,1,0.08,0.76
2025-07-14T22:14:21.214,-0.5,0.73,0.94,312.14,32.8997,39.9303,12.31,26.6,3,0.3,0.04
2025-07-14T22:14:22.216,-0.31,0.79,0.58,246.2,32.8886,39.9083,11.6,29,4,0.47,0.24
2025-07-14T22:14:23.217,-0.95,0.11,0.89,308.1,32.8819,39.9323,12.53,25.4,2,0.05,0.4
2025-07-14T22:14:24.217,0.35,-0.18,0.1,259.88,32.8844,39.9009,11.81,22.2,1,0.91,0.51
2025-07-14T22:14:25.219,0.24,-0.62,0.93,109.8,32.8857,39.9246,12.78,18.9,2,0.45,0.11
2025-07-14T22:14:26.220,-0.09,0.95,-0.92,259.32,32.8581,39.9497,11.83,24.4,1,0.94,0.07
2025-07-14T22:14:27.221,0.79,0.22,-0.04,38.95,32.8827,39.9115,11.91,16.9,5,0.81,1
2025-07-14T22:14:28.222,-0.74,0.31,-0.71,284.55,32.8649,39.9479,12.26,20.8,2,0.63,0.12
2025-07-14T22:14:29.223,0.69,0.95,0.35,336.58,32.8972,39.9195,12.1,17.8,3,0.08,0.14
2025-07-14T22:14:30.223,-0.07,0.15,-0.29,238.29,32.8771,39.9255,11.65,26.9,2,0.6,0.42
2025-07-14T22:14:31.225,-0.16,-0.91,0.71,208.51,32.8611,39.9264,12.67,23,4,0.54,0.92
2025-07-14T22:14:32.226,-0.03,-0.75,-0.61,216.76,32.8789,39.933,11.55,20.6,1,0.95,0.77
2025-07-14T22:14:33.228,-0.63,0.05,0.37,109.65,32.8536,39.9083,11.68,20.1,5,0.07,1
2025-07-14T22:14:34.229,-0.01,0.48,0.87,130.24,32.8881,39.9324,12.79,21,1,0.44,0.26
2025-07-14T22:14:35.230,-0.77,-0.15,-0.99,31.45,32.8862,39.9007,12.65,22.5,5,0.72,0.83
2025-07-14T22:14:36.231,0.22,0.13,0.08,298.41,32.8813,39.9123,12.49,21.7,1,0.46,0.66
2025-07-14T22:14:37.232,-0.86,0.95,0.46,39.47,32.8996,39.9377,11.89,27.2,1,0.96,0.09
2025-07-14T22:14:38.235,0.45,0.74,-0.72,259.8,32.8608,39.9388,12.01,15.1,1,0.6,0.51
2025-07-14T22:14:39.236,0.29,-0.7,0.08,142.35,32.8844,39.9455,12.26,18.2,1,0.32,0.6
2025-07-14T22:14:40.238,0.36,0.88,0.89,110.83,32.8535,39.9114,12.29,19,5,0.04,0.04
2025-07-14T22:14:41.241,0.42,0.6,0.26,34.19,32.8543,39.9429,12.49,28.9,1,0.98,0.64
2025-07-14T22:14:42.240,0.05,-0.78,0.84,152.07,32.8988,39.9023,12.19,23.8,3,0.87,0.68
2025-07-14T22:14:43.241,0.42,-0.7,0.97,86.66,32.8518,39.9017,12.25,18.4,4,0.43,0.33
2025-07-14T22:14:44.242,0.37,-0.87,0.17,236.69,32.8605,39.9154,11.69,27.1,2,0.4,0.49
2025-07-14T22:14:45.244,0.35,0.45,0.92,218.57,32.8605,39.9321,12.29,27.1,5,1,0.03
2025-07-14T22:14:46.247,-0.3,-0.78,-0.31,69.17,32.8507,39.9391,12.06,28.1,4,0.82,0.44
2025-07-14T22:14:47.248,0.22,-0.24,0.61,271.5,32.8843,39.9199,12.71,25.5,5,0.99,0.76
2025-07-14T22:14:48.250,0.65,-0.98,0.06,29.74,32.8783,39.9287,12.69,26.4,2,0.71,0.36
2025-07-14T22:14:49.250,0.14,0.59,-0.57,59.12,32.8633,39.9041,12.59,23.6,1,0.77,0.31
2025-07-14T22:14:50.251,-0.75,-0.89,-0.09,307.69,32.8886,39.9088,12.79,15.5,2,0.71,0.6
2025-07-14T22:14:51.252,0.86,-0.03,0.77,222.69,32.8829,39.922,12.61,25.3,3,0.86,0.42
2025-07-14T22:14:52.252,-0.14,0.48,-0.94,37.32,32.8721,39.9435,11.76,15.9,5,0.12,0.62
2025-07-14T22:14:53.254,-0.73,-0.85,-0.97,337.89,32.8858,39.9225,11.54,21.4,4,0.58,0.28
2025-07-14T22:14:54.255,0.03,0.23,0.75,150.41,32.873,39.9021,11.54,16.2,1,0.83,0.79
2025-07-14T22:14:55.257,0.13,0.72,0.53,60.51,32.886,39.9345,11.77,17,5,0.31,0.51
2025-07-14T22:14:56.258,-0.54,0.29,0.11,259.58,32.8566,39.9174,12.54,16.5,5,0.15,0.12
2025-07-14T22:14:57.259,0.57,0.29,0.24,116.32,32.8951,39.9106,11.88,28.3,2,0.62,0.35
2025-07-14T22:14:58.260,0.86,-0.66,0.91,4.06,32.8976,39.9038,11.78,28.6,5,0.51,0.17
2025-07-14T22:14:59.261,0.52,0.96,-0.79,232.08,32.872,39.9164,12.34,23.5,3,0.98,0.55
2025-07-14T22:15:00.263,-0.31,0.25,-0.98,339.65,32.864,39.9196,11.58,15.4,5,0.8,0.94
2025-07-14T22:15:01.265,-0.31,0.16,0.03,197.89,32.8505,39.9165,11.81,16,1,0.13,0.74
2025-07-14T22:15:02.264,0.42,0.42,0.44,274.13,32.8665,39.9334,12.08,28.5,3,0.14,0.18
2025-07-14T22:15:03.266,0.86,-0.89,-0.65,279.1,32.8507,39.9417,11.9,20.6,3,0.79,0.45
2025-07-14T22:15:04.267,0.24,-0.25,-0.2,87.01,32.8686,39.9286,12.71,24.1,5,0.72,0.2
2025-07-14T22:15:05.266,-0.55,-0.5,-0.39,273.17,32.8783,39.9475,11.84,27.9,5,0.67,0.64
2025-07-14T22:15:06.270,-0.58,0.9,-0.69,315.8,32.8736,39.9188,12.65,28.4,4,0.83,0.86
2025-07-14T22:15:07.271,0.82,0.79,-0.77,151.62,32.8969,39.9381,11.88,26.8,2,0.19,0.82
2025-07-14T22:15:08.272,0.66,0.1,0.03,151.6,32.8625,39.9058,11.89,16.1,3,0.89,0.34
2025-07-14T22:15:09.273,0.31,0.12,0.04,305.86,32.8962,39.9411,11.5,27.4,2,0.97,0.83
2025-07-14T22:15:10.275,-0.49,0.34,0.96,359.4,32.8643,39.9337,11.9,15.6,4,0.37,0.4
2025-07-14T22:15:11.275,0.99,0.11,-0.69,311.78,32.8897,39.9285,12.73,27.6,3,0.69,0.12
2025-07-14T22:15:12.275,0.27,-0.75,-0.54,210.32,32.8631,39.9079,11.82,19.6,5,0.18,0.49
2025-07-14T22:15:13.279,-0.67,0.77,0.94,220.58,32.8782,39.9397,11.51,19.8,3,0.07,0.54
2025-07-14T22:15:14.279,-0.64,0.57,0.74,269.69,32.8562,39.9185,12.76,26.4,2,0.15,0.53
2025-07-14T22:15:15.279,-0.99,-0.36,0.13,154.34,32.8566,39.9281,12.68,26.3,3,0.01,0.92
2025-07-14T22:15:16.282,-0.02,0.43,0.62,64.4,32.8688,39.909,11.88,21.2,5,0.89,0.13
2025-07-14T22:15:17.281,-0.15,-0.8,0.59,223.71,32.8906,39.9196,11.53,27,1,0.33,0.37
2025-07-14T22:15:18.284,0.32,-0.39,0.73,268.23,32.853,39.9003,12.43,22.4,3,0.87,0.43
2025-07-14T22:15:19.286,0.45,0.13,0.88,331.44,32.8954,39.9461,12.15,27.6,4,0.47,0.68
2025-07-14T22:15:20.287,-0.95,0.92,0.68,283.17,32.8954,39.9283,12.58,26.1,2,0.69,0.99
2025-07-14T22:15:21.287,-0.47,-0.47,0.8,71.99,32.8883,39.9146,12,16.7,4,0.18,0.49
2025-07-14T22:15:22.287,-0.53,-0.07,-0.67,265.83,32.8801,39.9192,11.69,21.2,1,0.59,0.89
2025-07-14T22:15:23.288,-0.59,0.02,0.86,197.01,32.8682,39.9329,12.73,21.3,2,0.18,0.32
2025-07-14T22:15:24.290,0.17,0.11,-0.48,36.36,32.8623,39.9064,11.84,30,1,0.04,0.69
2025-07-14T22:15:25.292,-0.85,0.54,0.68,238.35,32.8581,39.9434,11.77,24.3,1,0.41,0.97
2025-07-14T22:15:26.291,-0.47,-0.17,0.43,143.51,32.8976,39.9379,11.74,27.5,1,0.98,0.89
2025-07-14T22:15:27.293,-0.22,0.71,-0.81,244.75,32.8953,39.9436,12.73,16.4,5,0.36,0.98
2025-07-14T22:15:28.294,-0.53,-0.63,-0.99,278.73,32.8805,39.9291,12.13,29.2,1,0.72,0.26
2025-07-14T22:15:29.296,-0.36,-0.8,0.33,212.45,32.8668,39.9269,11.79,26.3,5,0.63,0.29
2025-07-14T22:15:30.298,0.3,0.2,0.64,28.67,32.8587,39.9481,12.28,20.5,3,0.15,0.08
2025-07-14T22:15:31.300,-0.59,-0.55,0.39,221.89,32.8784,39.9479,11.87,29.7,4,0.8,0.12
2025-07-14T22:15:32.301,-0.8,-0.65,0.51,182.33,32.857,39.9319,11.72,23.1,3,0.71,0.42
2025-07-14T22:15:33.301,0.83,-0.47,0.71,303.58,32.8805,39.93,12.72,21.3,3,0.02,0.63
2025-07-14T22:15:34.302,-0.74,-0.38,-1,3.67,32.896,39.9068,11.52,16,1,0.5,0.03
2025-07-14T22:15:35.302,0.65,-0.37,0.56,179.6,32.8791,39.903,12.52,25.3,2,0.53,0.92
2025-07-14T22:15:36.309,-0.54,-0.68,-0.48,75.33,32.874,39.9082,12.18,28.8,4,0.4,0.56
2025-07-14T22:15:37.306,-0.32,0.82,0.78,236.84,32.8567,39.9038,12.42,28.5,4,0.02,0.37
2025-07-14T22:15:38.304,-0.37,-0.34,-0.96,28.44,32.8925,39.9043,12.3,19.1,5,0.45,0.88
2025-07-14T22:15:39.306,0.85,0.43,0.11,112.31,32.8795,39.9184,12.49,26.8,5,0.33,0.16
2025-07-14T22:15:40.307,-0.58,-0.77,-0.51,88.4,32.8544,39.922,12.65,19.2,5,0.94,0.81
2025-07-14T22:15:41.308,-0.06,0.13,-0.29,103.94,32.8964,39.9418,11.94,29,1,0.74,0.8
2025-07-14T22:15:42.310,-0.67,0.05,0.04,331.78,32.8975,39.9348,11.6,16.5,4,0.69,0.34
2025-07-14T22:15:43.308,-0.87,-0.92,0.13,235.13,32.8661,39.9167,12.66,20.5,1,0.29,0.46
2025-07-14T22:15:44.309,0.42,0.73,0.28,340.06,32.8713,39.9371,12.41,28.3,5,0.88,0.4
2025-07-14T22:15:45.311,0.24,-0.44,-0.6,223.01,32.8839,39.9086,12.04,26.9,5,0.86,0.66
2025-07-14T22:15:46.311,0.72,-0.08,0,215.59,32.8649,39.9086,12.73,20.8,3,0.33,0.66
2025-07-14T22:15:47.313,0.2,0.95,0.15,306.24,32.8554,39.9157,11.53,17.6,4,0.35,0.44
2025-07-14T22:15:48.316,-0.01,-0.5,-0.71,7.59,32.8698,39.9056,12.09,27.5,3,0.7,0.45
2025-07-14T22:15:49.315,-0.06,-0.79,0.56,223.5,32.8693,39.9496,11.66,25.4,5,0.39,0.76
2025-07-14T22:15:50.315,-0.01,0.96,-0.02,146.59,32.8916,39.9398,12.31,20.9,1,0.26,0.82
2025-07-14T22:15:51.319,0.83,0.25,-0.87,334.93,32.8501,39.9219,12.14,20.6,4,0.36,0.92
2025-07-14T22:15:52.317,0.67,-0.27,0.72,92.11,32.8502,39.9312,12.33,26.4,5,0.9,0.48
2025-07-14T22:15:53.319,0.08,-0.87,0.48,293.77,32.8748,39.9461,12.24,22.1,4,0.57,0.79
2025-07-14T22:15:54.320,-0.92,-0.78,0.36,169.34,32.8563,39.9365,12.76,16,1,0.72,0.56
2025-07-14T22:15:55.322,-0.35,0.14,-0.94,171.71,32.8825,39.9079,12.12,19.7,4,0.69,0.23
2025-07-14T22:15:56.322,0.06,0.15,0.95,67.3,32.8619,39.9233,11.67,29,4,0.66,0.83
2025-07-14T22:15:57.324,0.46,-0.89,0.13,301.96,32.8764,39.9016,11.59,15.9,2,0.9,0.9
2025-07-14T22:15:58.325,-0.26,0.98,-0.78,167.14,32.8556,39.9362,12.18,26.1,1,0.84,0.3
2025-07-14T22:15:59.324,0.79,-0.38,-0.54,119.03,32.8951,39.9227,12.73,17.4,5,0.05,0.71
2025-07-14T22:16:00.329,-0.46,-0.17,0.14,217.74,32.8624,39.9489,12.69,19.1,5,0.96,0.89
2025-07-14T22:16:01.329,0.98,-0.16,-0.66,319.26,32.8773,39.9379,12.26,23.5,5,0.33,0.56
2025-07-14T22:16:02.331,-0.25,-0.02,0.41,190.6,32.8638,39.903,12.18,27.9,1,0.57,0.44
2025-07-14T22:16:03.330,-0.32,-0.09,-0.22,121.65,32.8816,39.9303,11.69,29.8,1,0.64,0.68
2025-07-14T22:16:04.331,-0.1,-0.15,0.93,59.78,32.8961,39.9454,12.32,25.8,1,0.41,0.48
2025-07-14T22:16:05.332,-0.98,0.83,-0.91,146.63,32.8518,39.9191,12.19,25.2,5,0.53,0.11
2025-07-14T22:16:06.334,0.24,-0.19,0.21,203.64,32.8865,39.9482,12.53,27.5,3,0.87,0.78
2025-07-14T22:16:07.336,-0.2,0.9,0.6,103.94,32.8653,39.9066,12.42,27.5,5,0.96,0.61
2025-07-14T22:16:08.336,0.43,0.25,0.84,84.44,32.8506,39.9118,12.79,20.8,1,0.92,0.97
2025-07-14T22:16:09.339,0.14,0.06,-0.6,70.01,32.8638,39.9162,12.06,20.8,5,0.12,0.8
2025-07-14T22:16:10.339,-0.83,-0.4,0.89,120.08,32.8534,39.9408,12.58,29.5,3,0.6,0.58
2025-07-14T22:16:11.340,-0.76,-0.68,0.37,79.85,32.8709,39.9436,12.08,21.8,4,0.99,0.37
2025-07-14T22:16:12.341,0.73,0.11,0.57,6.54,32.8614,39.9171,12.01,15.4,5,0.39,0.36
2025-07-14T22:16:13.342,-0.09,0.92,0.58,68.29,32.893,39.906,11.61,23.8,4,0.66,0.74
2025-07-14T22:16:14.344,-0.95,0.3,0.61,54.21,32.8809,39.9005,12.31,19.6,2,0.76,0.36
2025-07-14T22:16:15.343,-0.72,-0.27,0.81,325.56,32.8726,39.9389,11.65,17.4,2,0.84,0.64
2025-07-14T22:16:16.345,-0.52,0.08,-0.29,51.91,32.854,39.9273,12.29,23.4,3,0.08,0.76
2025-07-14T22:16:17.346,-0.86,0.57,1,50.13,32.8795,39.9448,11.56,29.3,5,0.31,0.49
2025-07-14T22:16:18.347,0.28,0.64,0.76,352.65,32.8726,39.9035,12.15,19.9,4,0.43,0.37
2025-07-14T22:16:19.349,0.81,0.42,-0.1,350.27,32.8553,39.9092,12.56,22.7,5,0.15,0.43
2025-07-14T22:16:20.351,0.84,0.39,0.38,290.02,32.8883,39.9441,12.55,26.5,5,0.57,0.27
2025-07-14T22:16:21.351,0.21,-0.57,-0.65,349.65,32.8857,39.9369,11.75,15.7,1,0.44,0.28
2025-07-14T22:16:22.352,0.42,-0.1,-0.76,333.76,32.8502,39.9064,12.77,28.4,5,0.08,0.33
2025-07-14T22:16:23.353,0.6,0.12,0.22,233.06,32.8803,39.9355,12.76,29.5,5,0.08,0.76
2025-07-14T22:16:24.353,-0.28,-0.17,-0.81,68.87,32.9,39.9343,12.23,22.9,1,0.27,0.16
2025-07-14T22:16:25.355,-0.16,0.35,-1,40.36,32.8716,39.9006,12.48,24.2,5,0.37,0.95
2025-07-14T22:16:26.356,-0.68,1,-0.1,44.35,32.8554,39.9234,11.73,22.5,2,0.99,0.98
2025-07-14T22:16:27.359,0.81,0.94,-0.79,337.89,32.8876,39.906,12.2,21.3,1,0.07,0.72
2025-07-14T22:16:28.359,0.2,-0.26,-0.33,182.81,32.8799,39.9211,11.92,19.6,1,0.99,0.5
2025-07-14T22:16:29.358,-0.86,0.7,0.28,185.94,32.8747,39.9401,12.11,26.8,2,0.44,0.28
2025-07-14T22:16:30.359,0.46,0.47,-0.68,194.99,32.8715,39.9011,11.63,25.6,1,0.9,0.92
2025-07-14T22:16:31.361,-0.06,-0.36,-0.63,252.83,32.8736,39.9488,12.47,23.1,5,0.56,0.09
2025-07-14T22:16:32.363,0.4,-0.61,-0.77,221.52,32.8998,39.9462,12.69,25.5,5,0.54,0.05
2025-07-14T22:16:33.363,-0.16,-0.38,0.74,250.66,32.8769,39.91,12.07,18,5,0.83,0.65
2025-07-14T22:16:34.364,-0.09,-0.56,0.4,60.89,32.8654,39.9448,12.27,27,4,0.43,0.05
2025-07-14T22:16:35.364,0.19,0.72,-0.97,34.48,32.8527,39.9331,12.78,27.7,1,0.1,0.1
2025-07-14T22:16:36.366,0.42,0.44,0.83,277.69,32.8732,39.9137,12.42,29.7,1,0.59,0.57
2025-07-14T22:16:37.367,0.29,-0.19,-0.3,233.71,32.8575,39.9253,12.14,23.4,5,0.47,0.82
2025-07-14T22:16:38.367,0.73,0.48,-0.42,0.94,32.8732,39.9007,12.17,19.5,5,0.36,0.34
2025-07-14T22:16:39.370,-0.64,0.75,0.41,262.02,32.8803,39.921,11.96,28,1,0.69,0.66
2025-07-14T22:16:40.371,0.28,0.53,-0.4,286.36,32.8981,39.9034,12.05,28.3,3,0.22,0.25
2025-07-14T22:16:41.372,-0.18,-0.03,-0.41,136.09,32.8928,39.9169,12.05,29.3,1,0.15,0.8
2025-07-14T22:16:42.374,-0.56,0.61,0.71,206.84,32.8794,39.9191,12.44,29.2,2,1,0.15
2025-07-14T22:16:43.375,0.99,-0.44,0.99,49.43,32.8519,39.9164,12.1,15.5,1,0.83,0.81
2025-07-14T22:16:44.377,0.17,-0.11,-1,315.16,32.8769,39.94,12.67,24.2,3,0.86,0.66
2025-07-14T22:16:45.376,-0.88,0.91,0.97,65.91,32.8838,39.9157,12.1,25.6,3,0.18,0.3
2025-07-14T22:16:46.378,0.79,-0.79,0.47,149.27,32.8799,39.9122,11.74,17.1,4,0.3,0.56
2025-07-14T22:16:47.383,0.72,0.19,-0.72,299.73,32.8704,39.925,12.52,15.3,5,0.04,0.7
2025-07-14T22:16:48.379,-0.67,-0.16,0.74,258.11,32.8719,39.9049,12.37,22.1,2,0.64,0.89
2025-07-14T22:16:49.380,0.3,0.28,0.8,229.9,32.8513,39.9202,12.1,24.6,5,0.3,0.97
2025-07-14T22:16:50.379,-0.08,0.36,-0.81,231.37,32.875,39.937,11.97,23.3,4,0.85,0.39
2025-07-14T22:16:51.382,-0.04,-0.9,-0.91,337.8,32.8508,39.9167,11.8,15.7,5,0.92,1
2025-07-14T22:16:52.384,0.38,-0.48,0.79,338.89,32.8902,39.9058,12.37,27.1,1,0.23,0.2
2025-07-14T22:16:53.384,-0.91,0.94,-0.92,261,32.8748,39.9056,12.25,18.6,5,0.16,0.21
2025-07-14T22:16:54.387,-0.36,-0.14,-0.54,354.16,32.8883,39.9292,12.36,20.8,5,0.97,0.07
2025-07-14T22:16:55.385,0.14,0.5,-0.38,11.94,32.8864,39.9224,11.63,26.6,3,0.93,0.95
2025-07-14T22:16:56.387,0.38,0.36,-0.18,83.42,32.8704,39.9128,12.78,15.4,4,0.26,0.84
2025-07-14T22:16:57.390,-0.1,-0.65,-0.03,123.66,32.8537,39.9492,11.9,23,3,0.81,0.75
2025-07-14T22:16:58.388,-0.58,-0.29,-0.66,8.37,32.8732,39.9045,12.73,19.7,1,0.83,0.99
2025-07-14T22:16:59.391,-0.81,-0.73,-0.12,317.49,32.8799,39.9173,12.52,20.9,1,0.38,0.6
2025-07-14T22:17:00.394,-0.16,0.06,0.85,191.55,32.8847,39.9306,11.67,27.1,1,0.24,0.94
2025-07-14T22:17:01.392,0.36,-0.56,0.4,85.2,32.8975,39.9371,11.95,19.5,5,0.13,0.62
2025-07-14T22:17:02.395,-0.79,0.44,0.15,6.79,32.8583,39.9155,12.05,28.9,2,0.73,0.05
2025-07-14T22:17:03.394,-0.52,-0.62,0.46,45.19,32.8977,39.9115,12.19,28,4,0.39,0.21
2025-07-14T22:17:04.397,0.69,-0.01,-0.87,229.74,32.87,39.9401,12.46,22.3,1,0.49,0.4
2025-07-14T22:17:05.397,-0.9,-0.95,0.01,72.95,32.8554,39.9263,11.63,22.5,1,0.89,0.4
2025-07-14T22:17:06.397,0.82,0.94,-0.27,261.72,32.8649,39.9473,12.63,23.2,2,0.03,0.86
2025-07-14T22:17:07.401,0.85,-0.57,0.44,281.8,32.8551,39.9286,12.6,24.9,2,0.7,1
2025-07-14T22:17:08.402,-0.7,0.97,-0.29,92.23,32.8683,39.9446,11.68,19.4,4,0.12,0.89
2025-07-14T22:17:09.403,0.12,-0.74,0.22,260.7,32.8813,39.9201,11.84,17.2,3,0.11,0.4
2025-07-14T22:17:10.403,0.27,-0.85,0.83,93.04,32.8838,39.9084,11.85,21.4,4,0.89,0.15
2025-07-14T22:17:11.404,-0.54,0.6,-0.26,212.79,32.8891,39.9308,11.51,29.4,2,0.2,0.75
2025-07-14T22:17:12.406,0.64,-0.43,-0.71,203.31,32.8712,39.9056,11.63,28.3,5,0.03,0.34
2025-07-14T22:17:13.407,0.64,0.66,-0.83,358.24,32.8631,39.906,12.08,20.4,4,0.72,0.55
2025-07-14T22:17:14.408,-0.84,-0.18,-0.57,161.08,32.8611,39.9119,11.82,22.6,4,0.57,0.84
2025-07-14T22:17:15.408,-0.72,-0.13,-0.06,179.76,32.879,39.9216,12.49,28.5,5,0.56,0.65
2025-07-14T22:17:16.407,0.41,-0.55,0.84,282.87,32.8701,39.9227,12.77,19.8,5,0.33,0.37
2025-07-14T22:17:17.413,0.05,0.65,0.9,214.93,32.8884,39.9416,12.04,29.7,5,0.75,0.97
2025-07-14T22:17:18.411,-0.18,-0.06,0.82,121.79,32.8687,39.9383,11.56,29.5,1,0.17,0.16
2025-07-14T22:17:19.412,-0.32,-0.15,-0.08,215.87,32.8923,39.9088,11.82,19.5,5,0.74,0.02
2025-07-14T22:17:20.413,0.52,0.53,0.98,11.75,32.8774,39.9236,12.18,29.6,3,0.56,0.45
2025-07-14T22:17:21.413,0.6,-0.37,-0.61,278.38,32.8913,39.9353,12.43,18.2,2,0.57,0.02
2025-07-14T22:17:22.416,-0.22,-0.54,0.17,49.01,32.8563,39.9175,11.6,26.5,3,0.51,0.54
2025-07-14T22:17:23.416,-0.33,0.12,-0.54,186.7,32.8552,39.9168,11.62,28.1,3,0.56,0.79
2025-07-14T22:17:24.420,-0.81,-0.09,0.94,321.18,32.8928,39.9088,12.28,21.7,5,0.78,0.57
2025-07-14T22:17:25.419,0.45,0.28,0.82,233.9,32.853,39.9313,12.28,28,2,0.23,0.05
2025-07-14T22:17:26.421,-0.81,-0.41,-0.81,164.28,32.8662,39.9417,11.68,22.5,3,0.56,0.2
2025-07-14T22:17:27.423,-0.8,-0.8,-0.83,104.94,32.8929,39.9356,12.12,26.1,2,0.69,0.34
2025-07-14T22:17:28.422,-0.77,0.95,-0.34,226.8,32.8921,39.9239,11.79,22.8,2,0.14,0.86
2025-07-14T22:17:29.424,-0.03,0.08,0.71,141.39,32.8761,39.924,11.6,25.9,3,0.91,0.17
2025-07-14T22:17:30.425,-0.9,-0.39,0.79,12.05,32.8521,39.9273,11.91,22.2,1,0.84,0.97
2025-07-14T22:17:31.426,0.79,0.49,0.22,345.02,32.8666,39.9233,11.81,27.4,1,0.69,0.72
2025-07-14T22:17:32.429,-0.45,-0.25,-0.34,175.61,32.8902,39.9202,12.14,16.7,4,0.08,0.26
2025-07-14T22:17:33.428,0.73,-0.73,-0.95,123.41,32.8579,39.9192,12.4,21.7,3,0.61,0.52
2025-07-14T22:17:34.429,-0.33,-0.86,0.05,77.53,32.8545,39.9161,12.41,15.1,5,0.9,0.78
2025-07-14T22:17:35.430,0.87,-0.67,-0.74,112.63,32.8874,39.9154,11.82,23.6,1,0.44,0.81
2025-07-14T22:17:36.430,0.15,0.05,-0.87,326.69,32.8908,39.9019,12.24,28.9,3,0.01,0.33
2025-07-14T22:17:37.434,0.81,0.99,0.33,314.31,32.8883,39.9346,12.74,20.7,1,0.2,0.11
2025-07-14T22:17:38.432,0.08,-0.76,-0.78,83.67,32.8974,39.9074,11.54,18.3,5,0.15,0.89
2025-07-14T22:17:39.435,-0.04,0.82,-0.28,351.53,32.8824,39.917,12.22,21.2,5,0.96,0.13
2025-07-14T22:17:40.434,0.53,0.08,0.99,237.84,32.8657,39.9146,12.45,29.1,3,0.27,0.47
2025-07-14T22:17:41.437,-0.9,0.81,0.08,182.63,32.8928,39.9112,12.78,24.6,3,0.87,0.12
2025-07-14T22:17:42.436,0.23,-0.63,-0.02,270.5,32.859,39.9186,12.06,20.3,5,0.59,0.88
2025-07-14T22:17:43.437,0.25,-0.9,0.94,127.12,32.8812,39.9365,12.01,16.4,4,0.73,0.06
2025-07-14T22:17:44.438,0.02,-0.59,-0.45,108.71,32.8885,39.9344,12.4,26.6,5,0.04,0.73
2025-07-14T22:17:45.441,0.44,-0.56,0.51,293.65,32.8504,39.9147,11.97,23.2,3,0.66,0.98
2025-07-14T22:17:46.440,-0.84,-0.51,-0.97,231.53,32.8896,39.942,11.53,28.3,4,0.93,0.87
2025-07-14T22:17:47.445,-0.35,0.53,0.01,4.89,32.8854,39.9334,12.36,29.2,4,0.09,0.11
2025-07-14T22:17:48.443,-0.94,0.99,-0.43,344.13,32.8906,39.919,11.52,29,4,0.3,0.8
2025-07-14T22:17:49.443,0.07,-0.71,-0.71,164.93,32.8525,39.95,12.39,19.5,1,0.53,0.22
2025-07-14T22:17:50.445,0.31,-0.08,0.26,322.65,32.8595,39.9414,12.56,16.4,3,0.61,0.25
2025-07-14T22:17:51.446,0.91,-0.63,-0.78,238.02,32.8595,39.9339,11.78,19.9,2,0.9,0.59
2025-07-14T22:17:52.453,0.83,0.76,-0.76,132.52,32.8579,39.9304,11.78,25.6,1,0.29,0.44
2025-07-14T22:17:53.448,-0.8,0.01,-0.97,92.55,32.8785,39.9352,11.87,19.5,5,0.29,0.93
2025-07-14T22:17:54.449,0.3,0.25,0.33,208.57,32.8929,39.9211,12.76,17,1,0.29,0.02
2025-07-14T22:17:55.449,-0.51,0.94,-0.3,66.87,32.8647,39.9442,12.77,28.3,4,0.46,0.54
2025-07-14T22:17:56.451,-0.11,-0.82,-0.24,91.73,32.897,39.9031,11.82,15.1,5,0.1,0.63
2025-07-14T22:17:57.452,0.04,0.15,0.45,132.63,32.8998,39.9124,12.71,21.8,5,0.58,0.04
2025-07-14T22:17:58.451,-0.27,-0.57,0.87,276.3,32.8602,39.926,12.52,24.9,4,0,0.86
2025-07-14T22:17:59.454,0.28,-0.17,0.4,52.04,32.8592,39.9064,11.68,25.2,1,0.08,0.82
2025-07-14T22:18:00.454,0.63,0.27,-0.67,41.07,32.8862,39.9485,12.25,23.2,5,0.48,0.98
2025-07-14T22:18:01.456,0.62,-0.28,0.56,102.7,32.885,39.9082,11.99,18.9,4,0.88,0.89
2025-07-14T22:18:02.458,-0.36,0.25,-0.01,346.22,32.8591,39.9404,12.06,16.8,4,0.76,0.79
2025-07-14T22:18:03.457,0.97,-0.19,-0.74,112.23,32.8543,39.9101,11.9,24.5,3,0.38,0.33
2025-07-14T22:18:04.458,0.7,-0.51,-0.97,151.2,32.8711,39.9276,12.5,27,5,0.81,0.93
2025-07-14T22:18:05.459,0.52,-0.91,0.56,254.23,32.8713,39.9143,12.46,25,1,0.53,0.15
2025-07-14T22:18:06.460,0.46,0.9,0.87,160.45,32.8664,39.9016,11.54,18.9,3,0.83,0.1
2025-07-14T22:18:07.463,-0.55,0.55,-0.5,63.83,32.8842,39.9032,12.37,15.9,4,0.56,0.48
2025-07-14T22:18:08.468,0.09,-0.21,-0.69,163.3,32.885,39.9052,12.38,19.6,5,0.12,0.39
2025-07-14T22:18:09.465,-0.57,0.59,0.21,345.01,32.8928,39.929,12.43,28.3,5,0.82,0.4
2025-07-14T22:18:10.466,0.52,0.71,-0.04,59.25,32.8652,39.9487,12.73,25.3,3,0.17,0.4
2025-07-14T22:18:11.465,-0.25,0.42,0.18,130.38,32.8988,39.9364,11.96,17.4,1,0.64,0.11
2025-07-14T22:18:12.468,-0.85,-0.39,0.21,8.91,32.8893,39.9389,12.35,24.1,3,0.87,0.54
2025-07-14T22:18:13.467,0.41,-0.33,-0.67,150.38,32.8839,39.9103,12.69,21.8,2,0.54,0.18
2025-07-14T22:18:14.469,0.35,-0.25,-0.12,315.17,32.8902,39.9334,12.39,19.9,5,0.07,0.77
2025-07-14T22:18:15.469,0.13,-0.98,0.51,99.02,32.869,39.9404,11.98,19,1,0.08,0.78
2025-07-14T22:18:16.470,0.92,-0.99,-0.66,274.15,32.8598,39.9106,11.82,21.9,4,0.72,0.67
2025-07-14T22:18:17.474,0.95,-0.3,0.69,139.6,32.853,39.9238,11.53,16.7,3,0.49,0.33
2025-07-14T22:18:18.472,-0.8,-1,-0.95,119.33,32.8733,39.9488,12.57,22.2,5,0.71,0.19
2025-07-14T22:18:19.472,-0.66,-0.42,-0.7,159.1,32.8891,39.9392,11.75,28.2,4,0.63,0.57
2025-07-14T22:18:20.475,0.22,0.59,0.29,93.25,32.8676,39.9281,11.8,20.1,5,0.55,0.53
2025-07-14T22:18:21.476,-0.25,0.62,0.51,35.66,32.8569,39.9306,12.12,24.8,4,0.39,0.23
2025-07-14T22:18:22.480,-0.22,0.82,0.53,77.16,32.854,39.9183,11.96,20.1,5,0.59,0.65
2025-07-14T22:18:23.478,-0.93,0.25,-0.58,231.13,32.8986,39.9171,12.3,16.5,1,0.39,0.4
2025-07-14T22:18:24.480,0.99,0.31,-0.66,198.78,32.8922,39.9425,11.87,16.8,5,0.8,0.8
2025-07-14T22:18:25.479,0.82,-0.91,-0.12,63.04,32.8964,39.9123,12.55,23.8,4,0.45,0.94
2025-07-14T22:18:26.481,-0.67,-0.78,0.73,243.81,32.8964,39.9019,11.89,28.1,3,0.79,0.68
2025-07-14T22:18:27.483,0.07,0.52,-0.54,25.83,32.8924,39.9107,12,20.9,1,0.11,0.37
2025-07-14T22:18:28.486,0.38,-0.92,-0.8,353.8,32.8503,39.9352,11.7,23.8,3,0.49,0.66
2025-07-14T22:18:29.488,-0.76,0.36,-0.87,107.33,32.854,39.9183,12.27,25.9,4,0.38,0.1
2025-07-14T22:18:30.484,0.53,-0.25,0.47,110.97,32.8769,39.9137,12.1,19.5,1,0.56,0.18
2025-07-14T22:18:31.487,0.8,-0.17,0.25,65.17,32.8623,39.9135,12.69,20.6,5,0.16,0.27
2025-07-14T22:18:32.488,0.83,-0.88,0.14,353.45,32.8831,39.9413,11.99,20.9,2,0.23,0.42
2025-07-14T22:18:33.487,0.38,-0.84,-0.73,144.71,32.8726,39.9113,12.08,29.1,3,0.74,0.65
2025-07-14T22:18:34.489,-0.8,0.51,-0.51,314.83,32.8985,39.9149,12.52,29.3,2,0.42,0.95
2025-07-14T22:18:35.491,0.74,-0.25,-0.83,288.15,32.8816,39.9144,12.71,26.4,3,0.63,0.35
2025-07-14T22:18:36.493,0.48,0.35,-0.29,10.35,32.8873,39.9326,12.41,26.2,3,0.67,0.41
2025-07-14T22:18:37.494,-0.69,0.37,-0.55,324.71,32.8773,39.9182,11.96,27.6,1,0.73,0.19
2025-07-14T22:18:38.494,0.84,-0.47,0.35,47.55,32.8922,39.9303,12.31,23.2,5,0.04,0.84
2025-07-14T22:18:39.494,-0.09,-0.08,-0.06,23.81,32.8941,39.9277,12.42,26.2,5,0.84,0.91
2025-07-14T22:18:40.497,-0.47,-0.68,-0.26,150.09,32.8851,39.9199,12.45,21.2,4,0.98,0.35
2025-07-14T22:18:41.497,0.54,0.8,-0.37,19.05,32.8591,39.9234,12.01,29.9,1,0.12,0.34
2025-07-14T22:18:42.499,0.68,0.58,-0.85,135.18,32.872,39.9013,12.11,15.8,1,0.94,0.79
2025-07-14T22:18:43.498,-0.69,0.26,-0.45,6.14,32.8548,39.9473,11.53,29.2,4,0.02,0.27
2025-07-14T22:18:44.499,-0.77,0.64,0.13,308.5,32.8862,39.9291,12.28,26.7,2,0.41,0.27
2025-07-14T22:18:45.508,0.23,0.26,0.42,277.66,32.8948,39.9086,11.58,21.9,2,0.85,0.55
2025-07-14T22:18:46.501,-0.43,-0.6,-0.64,318.81,32.8922,39.9168,11.78,19.7,4,0.48,0.9
2025-07-14T22:18:47.505,0.4,-0.3,-0.47,68.85,32.8861,39.9355,12.61,28.1,3,0.66,0.53
2025-07-14T22:18:48.503,-0.05,0.37,-0.29,204.68,32.8969,39.9018,11.83,15.5,3,0.12,0.86
2025-07-14T22:18:49.504,-0.85,0.77,-0.33,101.83,32.8805,39.9409,12.46,29.7,5,0.07,0.15
2025-07-14T22:18:50.506,-0.41,0.69,-0.79,246.05,32.8887,39.9396,12.68,18.7,5,0.01,0.49
2025-07-14T22:18:51.506,0.28,0.88,0.23,280.8,32.8941,39.9016,11.76,24.1,4,0.13,0.93
2025-07-14T22:18:52.509,0.18,-0.86,0.22,353.73,32.8981,39.9477,12.33,27.5,5,0.52,0.99
2025-07-14T22:18:53.507,0.47,0.7,0.93,153.58,32.866,39.9324,12.65,17.2,3,0.98,0.59
2025-07-14T22:18:54.508,0.14,0.2,0.57,241.98,32.8996,39.9262,12.33,26.9,2,0.34,0.1
2025-07-14T22:18:55.509,0.43,0.53,-0.54,134.96,32.8711,39.9023,12.34,22.9,4,0.73,0.41
2025-07-14T22:18:56.509,-0.43,-0.8,-0.72,81.72,32.8949,39.9286,12.33,16.9,5,0.48,0.07
2025-07-14T22:18:57.514,0.76,0.52,0.21,216.15,32.8553,39.9275,11.6,20.2,5,0.36,0.52
2025-07-14T22:18:58.523,0.76,-0.71,0.64,85.39,32.8728,39.9117,12.59,20.2,3,0.33,0.69
2025-07-14T22:18:59.512,-0.22,0.12,0.77,72.41,32.8625,39.9155,12.56,16.2,3,0.46,0.5
2025-07-14T22:19:00.514,-0.69,0.2,-0.78,308,32.8734,39.9401,11.74,21.1,3,0.46,0.44
2025-07-14T22:19:01.516,-0.59,0.93,-0.68,83.93,32.8661,39.9469,12.11,19.1,5,0.54,0.48
2025-07-14T22:19:02.522,0.12,0.2,0.24,94.84,32.8838,39.9024,11.63,17.1,5,0.53,0.5
2025-07-14T22:19:03.517,-1,0.71,0.3,119.34,32.8737,39.9309,12.01,23.2,3,0.48,0.84
2025-07-14T22:19:04.520,-0.01,-0.58,0.71,332.85,32.8639,39.9303,12.23,15.1,3,0.8,0.08
2025-07-14T22:19:05.521,-0.36,-0.63,0.9,103.08,32.8743,39.9198,11.76,29.5,4,0.76,0.1
2025-07-14T22:19:06.520,0.64,-0.42,0.78,304.63,32.8838,39.9136,12.03,17.7,4,0.3,0.09
2025-07-14T22:19:07.524,-0.22,0.23,0.6,31.59,32.8938,39.9488,11.71,18.4,2,0.41,0.75
2025-07-14T22:19:08.523,0.8,-0.57,0.47,63.12,32.8915,39.934,11.78,26.4,2,0.05,0.07
2025-07-14T22:19:09.525,-0.78,-0.71,0.7,18.53,32.8672,39.9164,12.59,22.1,1,0.07,0.17
2025-07-14T22:19:10.525,0.45,0.96,-0.8,26.42,32.876,39.9096,12.43,25.7,4,0.3,0.96
2025-07-14T22:19:11.525,0.02,-0.47,-0.9,333.84,32.897,39.9081,12.61,28.7,2,0.91,0.18
2025-07-14T22:19:12.529,0.06,-0.66,-0.24,25.43,32.8756,39.9184,12.23,23,4,0.23,0.07
2025-07-14T22:19:13.528,0.69,-0.89,0.82,299.71,32.8548,39.9039,12.55,22.5,4,0.17,0.6
2025-07-14T22:19:14.530,-0.48,0.61,-0.36,46.85,32.8907,39.9285,11.99,21.1,1,0.44,0.49
2025-07-14T22:19:15.529,0.13,-0.82,-0.7,329.32,32.8518,39.9434,12.16,23.2,1,0.37,0.08
2025-07-14T22:19:16.531,-0.8,0.98,-0.37,16.11,32.8883,39.9395,12.77,17.2,5,0.21,0.33
2025-07-14T22:19:17.536,0.24,0.35,-0.2,31.51,32.8764,39.9015,11.62,17.4,1,0.5,0.58
2025-07-14T22:19:18.534,-0.44,0.37,0.09,327.58,32.875,39.9165,12.45,25.3,2,0.24,0.11
2025-07-14T22:19:19.536,-0.61,-0.25,-0.03,10.2,32.8623,39.9125,11.71,28,1,0.75,0.01
2025-07-14T22:19:20.537,-0.43,-0.66,-0.84,102.85,32.8663,39.9122,11.95,18.8,5,0.25,0.03
2025-07-14T22:19:21.537,-0.76,-0.92,-0.63,27.28,32.8911,39.9217,12.68,19.4,3,0.53,0.46
2025-07-14T22:19:22.539,-0.89,-0.43,0.76,162,32.8923,39.9296,12.11,20,1,0.15,0.21
2025-07-14T22:19:23.539,-0.93,-0.21,0.06,164.93,32.8867,39.9436,12.49,16.9,1,0.42,0.57
2025-07-14T22:19:24.541,0.53,0.6,-0.63,175.01,32.8673,39.9421,11.56,23.8,3,0.52,0.77
2025-07-14T22:19:25.541,-0.96,-0.03,0.69,88.46,32.8996,39.9196,12.25,21.9,4,0.85,0.73
2025-07-14T22:19:26.545,-0.25,0.69,-0.38,117.95,32.8564,39.9191,11.62,22.3,5,0.93,0.43
2025-07-14T22:19:27.543,-0.69,-0.08,0.55,190.98,32.8974,39.9122,12.7,20,5,0.47,0.07
2025-07-14T22:19:28.546,0.27,0.87,-0.74,220.03,32.8995,39.9122,12.23,22.2,1,0.7,0.35
2025-07-14T22:19:29.545,-0.53,-0.85,-0.62,316.2,32.8937,39.9057,11.6,17.4,1,0.28,0.48
2025-07-14T22:19:30.546,-0.86,-0.69,-0.9,233.9,32.8764,39.9152,11.52,29.1,5,0.13,0.6
2025-07-14T22:19:31.546,-0.12,0.1,0.03,312.96,32.8588,39.9171,11.53,22.3,2,0.35,0.65
2025-07-14T22:19:32.547,0.65,0.18,0.63,77.11,32.8676,39.9353,11.56,20.6,3,0.66,0.67
2025-07-14T22:19:33.548,-0.73,0.67,-0.06,8.5,32.857,39.9432,12.34,16.5,3,0.07,0.62
2025-07-14T22:19:34.550,-0.53,0.55,-0.4,164.56,32.891,39.9407,11.68,19.1,5,0.05,0.98
2025-07-14T22:19:35.551,0.38,-0.35,-0.27,236.62,32.8815,39.9167,11.56,23.4,4,0.98,0.67
2025-07-14T22:19:36.553,-0.13,-0.07,0.46,219.89,32.8692,39.9069,12.02,19.3,4,0.44,0.06
2025-07-14T22:19:37.574,-0.59,-0.15,0.36,253.4,32.8985,39.9149,12.24,27.9,3,0.43,0.44
2025-07-14T22:19:38.575,0.86,-0.45,0.62,64.99,32.857,39.9436,11.97,22.8,2,0.75,0.66
2025-07-14T22:19:39.562,0.09,0.88,-0.85,165.12,32.8727,39.9166,11.71,28.2,4,0.59,0.85
2025-07-14T22:19:40.563,-0.85,-0.55,0.99,117.23,32.8634,39.905,12.57,17.7,5,0.73,0.69
2025-07-14T22:19:41.554,-0.15,-0.14,0.53,117.55,32.8661,39.93,11.64,28.9,1,0.87,0.63
2025-07-14T22:19:42.573,0.87,-0.48,-0.45,194.59,32.8596,39.9376,12.21,15.1,3,0.14,0.71
2025-07-14T22:19:43.556,0.72,0.75,0.42,317.82,32.866,39.9322,12.39,20.9,3,0.52,0.64
2025-07-14T22:19:44.560,0.66,0.41,-0.92,171.43,32.8527,39.9423,11.67,19.5,4,0.99,0.85
2025-07-14T22:19:45.559,0.91,-0.14,-0.03,345.47,32.8939,39.9294,11.75,26.3,5,0.82,0.96
2025-07-14T22:19:46.561,-0.97,-0.93,0.91,164.2,32.8928,39.9412,11.53,19.4,4,0.9,0.66
2025-07-14T22:19:47.561,-0.94,-0.95,-0.84,148.31,32.8801,39.9029,12.54,15.7,4,0.41,0.97
2025-07-14T22:19:48.563,-0.59,0.28,-0.31,246.85,32.8742,39.939,12.11,27.3,2,0.24,0.87
2025-07-14T22:19:49.562,0.69,-0.67,0.09,287.04,32.8869,39.9409,11.71,28.7,5,0.88,0.99
2025-07-14T22:19:50.566,0.77,-0.21,0.94,302.85,32.8789,39.9262,11.74,18.9,2,0.44,0.05
2025-07-14T22:19:51.565,0.1,-0.43,0.02,80.75,32.8804,39.9214,11.64,17.2,2,0.92,0.2
2025-07-14T22:19:52.569,-0.48,0.66,0.11,11.36,32.8544,39.9221,12.42,18.8,1,0.33,0.21
2025-07-14T22:19:53.568,-0.16,-0.45,0.94,91.07,32.8757,39.9028,12.43,21.6,4,0.7,0.75
2025-07-14T22:19:54.571,0.64,-0.65,0.33,347.16,32.8907,39.9016,11.84,16.2,4,0.55,0.55
2025-07-14T22:19:55.570,-0.28,-0.62,-0.19,245.49,32.8966,39.9452,12.26,28.4,3,0.25,0.22
2025-07-14T22:19:56.573,-0.63,-0.35,0.38,237.58,32.8903,39.9076,12.73,26,2,0.78,0.09
2025-07-14T22:19:57.572,-0.86,-0.1,0.02,74.48,32.8555,39.9299,12.75,21.9,2,0.28,0.38
2025-07-14T22:19:58.576,0.2,0.23,-0.32,208,32.858,39.9396,12.03,27.6,5,0,0.15
2025-07-14T22:19:59.576,-0.97,0.41,0.24,15.45,32.8923,39.932,11.61,25.3,3,0.11,0.71
2025-07-14T22:20:00.575,-0.46,0.12,-0.96,321.03,32.8991,39.9311,11.87,28.3,4,0.92,0.32
2025-07-14T22:20:01.577,0.23,-0.24,0.2,97.42,32.8968,39.9109,12.34,22.7,2,0.53,0.24
2025-07-14T22:20:02.578,0.04,-0.3,0.04,82.99,32.8814,39.9146,11.81,25.4,4,0.14,0.79
2025-07-14T22:20:03.581,-0.95,-1,0.37,146.48,32.8726,39.9045,11.53,21,5,0.81,0.75
2025-07-14T22:20:04.581,0.32,0.04,0.64,89.18,32.8507,39.9464,11.79,15.6,1,0.82,0.82
2025-07-14T22:20:05.582,0.67,0.48,-0.9,266.77,32.8867,39.9306,12.6,18.4,2,0.09,0.56
2025-07-14T22:20:06.584,0.44,0.14,-0.63,165.23,32.8874,39.9453,11.66,29.1,4,0.19,0.65
2025-07-14T22:20:07.586,0.14,0.23,-0.31,178,32.8885,39.9248,11.65,18.2,1,0.77,0.81
2025-07-14T22:20:08.587,-0.5,-0.73,-0.78,19.03,32.861,39.9267,11.78,27.6,4,0.72,0.38
2025-07-14T22:20:09.588,0.2,-0.17,-0.55,248.65,32.8717,39.9013,11.8,28.8,2,0.89,0.54
2025-07-14T22:20:10.590,-0.49,-0.98,-0.44,131.44,32.8819,39.9434,12.39,22.5,5,0.6,0.13
2025-07-14T22:20:11.591,0.18,-0.86,0.99,229.73,32.8844,39.9348,11.57,18.7,4,0.91,0.81
2025-07-14T22:20:12.590,-0.1,-0.75,0.41,175.07,32.8929,39.9169,12.33,18,5,0.3,0.82
2025-07-14T22:20:13.592,-0.51,-0.34,0.62,330.34,32.891,39.9351,12.31,22.4,4,0.68,0.41
2025-07-14T22:20:14.594,-0.62,0.68,-0.1,51.38,32.8979,39.9155,12.47,20.5,5,0.7,0.82
2025-07-14T22:20:15.595,0.68,0.99,0.99,143.81,32.8863,39.9452,12.46,28.4,5,0.75,0.73
2025-07-14T22:20:16.596,-0.42,0.08,0.76,56.33,32.881,39.9341,12.15,19.5,2,0.49,0.49
2025-07-14T22:20:17.597,0.6,0.5,0.31,225.78,32.8949,39.9474,11.72,26.4,1,0.79,0.16
2025-07-14T22:20:18.598,-0.04,0.6,-0.78,149.18,32.8785,39.903,11.89,19,3,0.39,0.52
2025-07-14T22:20:19.598,-0.94,0.67,-0.77,59.71,32.8734,39.9314,11.82,17.9,5,0.45,0.49
2025-07-14T22:20:20.601,0.3,-0.61,0.97,86.67,32.8945,39.9334,11.98,15,2,0.04,0.49
2025-07-14T22:20:21.602,-0.71,0.96,0.73,334.1,32.8649,39.9211,11.56,24.7,2,0.28,0.68
2025-07-14T22:20:22.605,-0.05,0.43,0.67,4.96,32.8798,39.9238,11.89,23.7,1,0.91,0.04
2025-07-14T22:20:23.603,-0.33,-0.11,0.87,240.91,32.8662,39.9392,11.79,20.5,5,0.52,0.13
2025-07-14T22:20:24.604,0.59,-0.19,-0.24,34.48,32.8574,39.9105,11.7,23.8,1,0.34,0.03
2025-07-14T22:20:25.606,0.45,-0.59,0.35,52.17,32.8585,39.9161,11.58,17.6,4,0.89,0.49
2025-07-14T22:20:26.606,-0.45,-0.35,0.92,51.84,32.8639,39.9032,12.3,27,3,0.52,0.02
2025-07-14T22:20:27.608,0.06,-0.19,0.79,211.8,32.8742,39.9478,12.65,18.2,5,0.77,0.06
2025-07-14T22:20:28.607,0.1,0.74,-0.82,119.46,32.8687,39.9412,12.13,28.6,2,0.57,0.45
2025-07-14T22:20:29.609,-0.4,-0.57,0.84,280.43,32.8688,39.9455,12.72,22.2,4,0.84,0.44
2025-07-14T22:20:30.611,0.36,0.67,0.7,45.7,32.894,39.9459,11.88,17.3,2,0.49,0.35
2025-07-14T22:20:31.611,0.87,0.71,0.87,148.26,32.8502,39.9471,11.85,16.5,3,0.74,0.36
2025-07-14T22:20:32.612,0.12,0.38,0.18,283.98,32.8528,39.9132,12.67,15,4,0.31,0.12
2025-07-14T22:20:33.612,-0.29,-0.71,0.87,220.66,32.8591,39.9108,12.67,20.8,2,0.32,0.16
2025-07-14T22:20:34.615,0.08,-0.2,0.89,159.93,32.8639,39.9389,12.04,29.1,3,0.89,0.5
2025-07-14T22:20:35.617,0.25,0.42,-0.3,211.77,32.8912,39.9203,11.9,29.5,2,0.48,0.66
2025-07-14T22:20:36.617,-0.14,-0.61,0.8,148.86,32.8668,39.9484,11.58,24.7,1,0.96,0.58
2025-07-14T22:20:37.618,0.86,-0.15,0.92,349.87,32.8703,39.9226,11.77,26.8,5,0.9,0.4
2025-07-14T22:20:38.619,0.95,-0.34,-0.15,122.27,32.8596,39.9041,11.95,20.3,1,0.29,0.55
2025-07-14T22:20:39.621,0.98,-0.93,0.35,307.95,32.8737,39.9285,11.81,18.4,3,0.87,0.43
2025-07-14T22:20:40.621,0.66,-0.84,-0.33,111.7,32.8584,39.9229,12.73,26.2,4,0.67,0.42
2025-07-14T22:20:41.623,-0.15,-0.43,-0.66,95.24,32.854,39.9313,11.62,16.1,1,0.86,0.05
2025-07-14T22:20:42.625,0.76,-0.37,0.99,322.55,32.8809,39.9227,12.41,19.2,3,0.35,0.23
2025-07-14T22:20:43.627,-0.51,0.5,0.96,118.19,32.8932,39.9336,12.45,28,4,0.52,0.87
2025-07-14T22:20:44.627,0.14,0.53,0.09,268.16,32.8894,39.9083,11.98,17.1,2,0.61,0.87
2025-07-14T22:20:45.628,-0.19,-0.76,-0.5,269.07,32.8925,39.9229,11.62,17.6,3,0.72,0.49
2025-07-14T22:20:46.629,-0.16,0.05,0.67,129.63,32.8883,39.9452,11.64,20.5,5,0.43,0.25
2025-07-14T22:20:47.630,-0.08,-0.21,-0.9,19.1,32.8813,39.9021,12.2,27.1,3,0.41,0.3
2025-07-14T22:20:48.633,0.82,0.26,0.55,54.13,32.8778,39.9492,12.38,29.4,4,0.42,0.42
2025-07-14T22:20:49.632,-0.04,0.9,-0.2,57.95,32.8717,39.9478,12.78,27.2,2,0.55,0.54
2025-07-14T22:20:50.633,0.58,-0.09,0.57,229.82,32.8579,39.9226,11.56,20.5,1,0.63,0.37
2025-07-14T22:20:51.633,0.87,0.02,-0.59,249.62,32.8842,39.9463,12.53,25.6,5,0.55,0.52
2025-07-14T22:20:52.635,0.05,0.12,0.2,15.67,32.8919,39.9218,12.11,29.8,5,0.29,0.68
2025-07-14T22:20:53.635,0.26,-0.56,-0.17,224.79,32.871,39.909,11.82,15.6,2,0.52,0.96
2025-07-14T22:20:54.637,0.5,0.79,0.43,296.17,32.863,39.9136,11.5,25.3,3,0.2,0.81
2025-07-14T22:20:55.638,0.02,-1,0.08,349.52,32.8817,39.9116,12.77,19.2,2,0.71,0.36
2025-07-14T22:20:56.639,0.64,0.38,0.17,43.67,32.8645,39.9305,11.56,23.2,2,0.79,0.9
2025-07-14T22:20:57.639,-0.4,0.23,0.29,329.33,32.8668,39.9305,11.81,28.8,5,0.2,0.53
2025-07-14T22:20:58.641,-0.55,0.16,0.14,47.9,32.8905,39.903,12.09,25.9,5,0.45,0.96
2025-07-14T22:20:59.641,-0.77,0.7,0.41,208.77,32.8809,39.9134,12.3,21.1,5,0.78,0.2
2025-07-14T22:21:00.644,-0.46,-0.43,-0.59,347.1,32.8583,39.9296,12.21,26,3,0.75,0.03
2025-07-14T22:21:01.646,-0.46,-0.09,0.11,160.38,32.861,39.9191,11.52,28.6,1,0.27,0.4
2025-07-14T22:21:02.646,0.76,0.05,0.57,33.06,32.893,39.9177,12,19.7,4,0.7,0.12
2025-07-14T22:21:03.646,-0.2,-0.77,-0.07,268.21,32.8988,39.9013,12.65,27,2,0.64,0.02
2025-07-14T22:21:04.648,0.62,0.75,-0.27,241.32,32.8559,39.9182,12.04,22.6,4,0.46,0.97
2025-07-14T22:21:05.650,-0.88,-0.73,-0.33,303.31,32.8946,39.9153,11.62,25.2,5,0.83,0.71
2025-07-14T22:21:06.652,-0.45,-0.2,-0.24,114.83,32.8762,39.9174,12.08,26.9,5,0.83,0.45
2025-07-14T22:21:07.652,0.75,0.98,-1,276.5,32.8945,39.9295,11.59,21.5,5,0.98,0.34
2025-07-14T22:21:08.654,0.62,0.19,-0.98,216.48,32.8841,39.9415,12.73,29.8,1,0.45,0.36
2025-07-14T22:21:09.655,0.24,0.94,-0.67,32.37,32.874,39.9083,12.52,17.7,4,0.96,0.88
2025-07-14T22:21:10.657,-0.14,0.1,-0.47,188.1,32.8815,39.9368,12.66,25.3,4,0.33,0.49
2025-07-14T22:21:11.656,0.9,0.26,-0.07,353.64,32.8844,39.9099,12.31,16.9,1,0.69,0.48
2025-07-14T22:21:12.658,0.07,-0.21,0.25,344.08,32.8732,39.922,12.13,26.1,3,0.57,0.21
2025-07-14T22:21:13.660,-0.65,-0.97,0.96,224.77,32.878,39.9383,11.52,23.5,3,0.2,0.16
2025-07-14T22:21:14.659,-0.18,-0.1,0.06,41.99,32.8638,39.9162,12.31,19.3,5,0.48,0.76
2025-07-14T22:21:15.662,-0.57,0.55,0.92,7.85,32.85,39.9104,12.47,26.7,4,0.87,0.63
2025-07-14T22:21:16.661,-0.03,0.23,0.83,297.4,32.89,39.9255,12.29,18.7,1,0.57,0.68
2025-07-14T22:21:17.664,0.15,-0.71,0.43,282.99,32.8643,39.9332,11.86,23.5,5,0.61,0.05
2025-07-14T22:21:18.664,-0.72,-0.26,-0.97,297.19,32.8572,39.921,12.08,24.5,5,0.34,0.17
2025-07-14T22:21:19.665,-0.32,0.43,0.79,348.17,32.8941,39.9069,11.71,29.5,5,0.73,0.88
2025-07-14T22:21:20.667,0.83,0.02,0.86,54.06,32.856,39.9077,11.59,19,4,0.73,0.59
2025-07-14T22:21:21.667,0.44,-0.51,0.48,51.86,32.893,39.9434,11.54,27.9,3,0.5,0.69
2025-07-14T22:21:22.668,0.58,-0.85,0.82,40.83,32.8758,39.9175,12.19,19.4,2,0.82,1
2025-07-14T22:21:23.671,0.83,-0.39,-0.67,121.86,32.8856,39.9427,12.53,24.3,3,0.21,0.7
2025-07-14T22:21:24.672,-0.85,-0.3,-0.23,190.8,32.8986,39.9283,11.55,22,5,0.55,0.25
2025-07-14T22:21:25.673,0.41,-0.18,-0.45,83.91,32.8727,39.9154,11.7,25.6,3,0.39,0.14
2025-07-14T22:21:26.673,-0.97,-0.23,-0.55,8.68,32.8593,39.9077,12.05,19.1,4,0.21,0.14
2025-07-14T22:21:27.675,0.52,0.88,-0.04,110.99,32.8962,39.9316,12.47,26.9,3,0.16,0.37
2025-07-14T22:21:28.675,0.09,-0.31,0.42,45.93,32.8695,39.9023,11.61,19.8,1,0.68,0.39
2025-07-14T22:21:29.676,0.34,0.46,-0.28,217.36,32.8923,39.9238,12.65,23.7,5,0.93,0.75
2025-07-14T22:21:30.677,0.88,-0.35,-0.35,263.8,32.8642,39.9047,11.93,21.1,1,0.26,0.49
2025-07-14T22:21:31.679,-0.34,-0.07,0.45,246.95,32.8907,39.9122,12.12,17.4,5,0.16,0.94
2025-07-14T22:21:32.682,0.67,-0.64,-0.25,69.94,32.8643,39.902,12.68,21.2,1,0.29,0.15
2025-07-14T22:21:33.679,-0.61,0.6,-0.15,5.87,32.8933,39.931,11.51,19.8,4,0.44,0.12
2025-07-14T22:21:34.681,-0.23,0.47,-0.59,4.18,32.862,39.9001,12.72,22,2,0.63,0.24
2025-07-14T22:21:35.684,0.55,0.47,-0.84,351.33,32.8694,39.9177,12.76,21.7,1,0.52,0.97
2025-07-14T22:21:36.684,0.03,0.41,-0.7,63.65,32.8504,39.9376,12.15,29,3,0.37,0.42
2025-07-14T22:21:37.683,0.67,0.98,0.03,1.56,32.8891,39.9351,12.32,25.3,3,0.04,0.67
2025-07-14T22:21:38.685,-0.2,-0.01,-0.28,96.09,32.8818,39.9183,11.75,20.3,1,0.89,0.22
2025-07-14T22:21:39.685,0.56,0.02,-0.49,147.39,32.8846,39.9064,12.14,20.6,2,0.33,0.06
2025-07-14T22:21:40.687,0.27,-0.18,0.58,260.22,32.8697,39.9324,11.92,20.8,3,0.33,0.29
2025-07-14T22:21:41.689,0.12,-0.47,-0.88,49.28,32.8579,39.9465,12.07,22.3,5,0.69,0.48
2025-07-14T22:21:42.691,0.97,0.08,0.73,0.34,32.8736,39.933,11.89,28.9,1,0.18,0.66
2025-07-14T22:21:43.690,-0.78,-0.03,0.61,120.8,32.8633,39.9104,12.34,27.3,4,0.42,0.55
2025-07-14T22:21:44.691,-0.82,0.5,0.49,302.7,32.8785,39.9389,12.7,21.1,3,0.72,0.33
2025-07-14T22:21:45.693,0.42,0.54,-0.07,351.34,32.874,39.9408,12.39,25.5,2,0.63,0.6
2025-07-14T22:21:46.693,0.15,0.52,0.08,15.23,32.8573,39.921,12.11,28,4,0.34,0.78
2025-07-14T22:21:47.696,-0.87,0.88,0.44,324.13,32.8838,39.9412,12.48,24.4,2,0.87,0.47
2025-07-14T22:21:48.697,0.56,0.17,-0.36,49.94,32.8792,39.9192,11.7,21.8,3,0.86,0.31
2025-07-14T22:21:49.701,-0.76,-0.88,-0.38,114.78,32.8636,39.9233,12.27,20.2,5,0.61,0.78
2025-07-14T22:21:50.700,-0.77,0.43,-0.63,27.92,32.8666,39.9202,12.3,16.3,4,0.93,0.24
2025-07-14T22:21:51.704,0.46,-0.66,0.04,105.23,32.8821,39.9155,12.58,25.1,3,0.61,0.17
2025-07-14T22:21:52.704,0.71,-0.73,0.25,35.55,32.8798,39.9169,11.95,28,4,0.61,0.22
2025-07-14T22:21:53.704,-0.07,0.44,-0.01,329.98,32.8662,39.9441,12.22,28.1,4,0.79,0.1
2025-07-14T22:21:54.705,-0.86,-0.54,-0.48,318.28,32.8835,39.9466,12.53,23.3,3,0.95,0.76
2025-07-14T22:21:55.706,-0.05,0.85,-0.86,316.06,32.8525,39.9009,11.71,27.2,5,0.11,0.9
2025-07-14T22:21:56.705,-0.85,0.15,-0.66,76.25,32.8592,39.931,11.62,29,4,0.22,0.53
2025-07-14T22:21:57.707,-0.07,-0.81,-0.65,7.45,32.8951,39.9449,11.76,28.2,1,0.15,0.14
2025-07-14T22:21:58.708,0.18,-0.67,0.56,221.5,32.8782,39.9319,12.74,16.8,4,0.86,0.42
2025-07-14T22:21:59.710,-0.44,0.77,-0.06,207.87,32.8519,39.911,12.43,23.6,5,0.66,0.22
2025-07-14T22:22:00.710,-0.91,0.05,0.89,342.92,32.8887,39.9117,11.91,25.1,4,0.13,0.29
2025-07-14T22:22:01.710,-0.07,0.2,0.58,162.65,32.8522,39.913,12.36,27.6,5,0.19,0.08
2025-07-14T22:22:02.711,0.05,0.11,-0.57,41.11,32.8835,39.9097,11.74,28.8,2,0.47,0.58
2025-07-14T22:22:03.711,0.15,-0.76,0.04,18.31,32.8503,39.9234,11.89,17.1,1,0.36,0.38
2025-07-14T22:22:04.713,0.85,0.9,-0.47,198.68,32.8615,39.9274,11.83,23.4,4,0.61,0.45
2025-07-14T22:22:05.714,0.46,0.07,0.76,335.7,32.8597,39.9432,12.13,28.9,2,0.63,0.22
2025-07-14T22:22:06.715,-0.35,0.58,0.79,45.73,32.897,39.9193,11.95,28.9,1,0.47,0.54
2025-07-14T22:22:07.718,-0.03,-0.21,-0.64,353.05,32.8879,39.9173,11.64,20.2,3,0.48,0.98
2025-07-14T22:22:08.716,-0.34,-0.53,-0.3,115.43,32.8678,39.9011,12.32,23.6,5,0.87,0.95
2025-07-14T22:22:09.718,-0.19,0.25,0.79,245.6,32.8861,39.9357,12.79,17.7,3,0.94,0.87
2025-07-14T22:22:10.718,-0.18,0.57,0.46,250.68,32.8673,39.9378,11.53,16.2,3,0.5,0.06
2025-07-14T22:22:11.726,0.35,-0.58,0.24,164.77,32.8987,39.9494,11.77,15.3,1,0.61,0.21
2025-07-14T22:22:12.722,0.9,-1,0.5,27.3,32.8995,39.9434,12.59,25.3,5,0.48,0.24
2025-07-14T22:22:13.731,0.13,-0.17,0.06,233.45,32.8911,39.9365,12.45,19.1,1,0.83,0.9
2025-07-14T22:22:14.725,-0.65,0.38,0.19,77.32,32.8835,39.944,12.54,16.2,4,0.53,0.27
2025-07-14T22:22:15.725,0.91,0.46,0.6,116.4,32.8945,39.9228,12.03,24.1,1,0.42,0.23
2025-07-14T22:22:16.727,-0.38,0.88,0.74,337.4,32.8863,39.9463,12.66,22.5,1,0.38,0.38
2025-07-14T22:22:17.727,-0.29,0.54,-0.63,103.72,32.8983,39.921,12.34,18.9,2,0.82,0.83
2025-07-14T22:22:18.728,-0.66,0.89,-0.92,283.11,32.8907,39.9122,12.05,20.3,1,0.37,0.28
2025-07-14T22:22:19.728,0.29,-0.12,0.66,183.48,32.8557,39.9193,11.99,15.8,4,0.46,0.68
2025-07-14T22:22:20.729,0.79,0.55,-0.62,125.5,32.8874,39.9371,12.56,16.9,4,0.97,0.02
2025-07-14T22:22:21.731,-0.1,0.96,0.58,206.03,32.8635,39.9052,12.34,27.6,4,0.7,0.73
2025-07-14T22:22:22.731,-0.91,-0.51,0.91,161.64,32.8946,39.943,11.98,25.6,4,0.15,0.45
2025-07-14T22:22:23.732,-0.31,-0.68,-0.55,241.84,32.8546,39.9247,12.05,22,1,0.96,0.07
2025-07-14T22:22:24.733,-0.29,0.2,-0.54,340.31,32.8745,39.9326,12.57,18.9,4,0.17,0.97
2025-07-14T22:22:25.734,0.22,-0.22,0.59,258.32,32.8549,39.9271,11.68,27.2,4,0.48,0.32
2025-07-14T22:22:26.735,-0.79,-0.41,0.6,51.05,32.8531,39.9202,12.45,16.9,1,0.53,0.81
2025-07-14T22:22:27.736,-0.75,-0.71,-0.71,223.59,32.8646,39.9425,12.46,22.3,2,0.67,0.8
2025-07-14T22:22:28.738,-0.51,0.59,-0.56,63.3,32.8846,39.9285,11.84,18.1,5,0.45,0.28
2025-07-14T22:22:29.739,-0.06,-0.68,-0.22,260.89,32.8728,39.9355,12.5,18.2,3,0.51,0.89
2025-07-14T22:22:30.741,0.47,0.18,0.47,359.09,32.8998,39.9365,11.89,19.7,5,0.51,0.31
2025-07-14T22:22:31.740,0.4,0.21,0.32,119.45,32.8792,39.9069,11.88,21.2,1,0.4,0.52
2025-07-14T22:22:32.744,-0.37,-0.03,0.83,60.97,32.8532,39.9155,12.76,18.7,4,0.7,0.93
2025-07-14T22:22:33.745,-0.67,-0.47,0.34,130.19,32.8888,39.9008,11.98,16.6,2,0.1,0.95
2025-07-14T22:22:34.749,0.49,0.89,-0.68,258.06,32.8681,39.9049,12.27,16.2,1,0.15,0.59
2025-07-14T22:22:35.749,-0.4,-0.25,-0.05,343.19,32.8755,39.9005,12.05,18.4,3,0.8,0.16
2025-07-14T22:22:36.747,-0.43,0.97,0.94,97.6,32.8753,39.9021,12.76,23.7,3,0.11,0.79
2025-07-14T22:22:37.747,-0.67,0.32,-0.86,305.23,32.8951,39.9295,12.04,27.3,2,0.25,0.97
2025-07-14T22:22:38.749,0.89,0.04,0.42,164.25,32.8748,39.9105,11.78,15.2,5,0.26,0.24
2025-07-14T22:22:39.751,0.91,0.74,0.67,128.58,32.8839,39.9309,12.11,18.9,3,0.6,0.01
2025-07-14T22:22:40.753,-0.51,-0.92,0.82,21.81,32.8583,39.9479,11.66,24.4,3,0.18,0.05
2025-07-14T22:22:41.753,0.85,0.77,-0.03,175.98,32.883,39.917,12.56,17,4,0.45,0.4
2025-07-14T22:22:42.755,-0.35,-0.43,0.49,88.85,32.8769,39.9341,11.77,29.4,2,0.87,0.34
2025-07-14T22:22:43.755,0.61,-0.08,0.38,169.37,32.8767,39.933,11.82,19.8,3,0.23,0.3
2025-07-14T22:22:44.755,0.89,0.18,0.59,269.95,32.8501,39.9002,11.88,28,2,0.18,0.21
2025-07-14T22:22:45.758,-0.91,0.46,-0.35,275.45,32.8836,39.9161,11.95,15.1,2,0.2,0.3
2025-07-14T22:22:46.758,-0.58,0.74,0.82,207.4,32.8645,39.9148,11.77,18.4,2,0.97,0.97
2025-07-14T22:22:47.762,0.57,0.5,0.85,54.59,32.8968,39.9418,12.71,18,3,0.55,0.06
2025-07-14T22:22:48.760,-0.13,0.11,-0.69,71.65,32.8642,39.9176,12.27,25.8,5,0.18,0.5
2025-07-14T22:22:49.761,-0.65,-0.97,-0.26,82.79,32.852,39.9357,12.72,20.3,4,0.57,0.87
2025-07-14T22:22:50.762,0.54,0.17,0.31,257.57,32.8815,39.9159,11.56,29.5,5,0.65,0.82
2025-07-14T22:22:51.761,0.07,-0.8,-0.4,189.16,32.8509,39.9461,12.7,28.1,5,0.95,0.44
2025-07-14T22:22:52.764,-0.15,0.15,0.57,346.37,32.8889,39.9491,12.29,29.4,4,0.27,0.93
2025-07-14T22:22:53.765,0.4,0.13,0.36,75.72,32.8642,39.9422,12.2,21.6,3,0.88,0.92
2025-07-14T22:22:54.766,0.67,-0.35,-0.27,29.98,32.8768,39.923,11.62,22,1,0.73,0.16
2025-07-14T22:22:55.768,0.16,-0.24,-0.84,262.18,32.8728,39.9029,12.38,17.2,4,0.95,0.14
2025-07-14T22:22:56.767,-0.34,-0.78,0.95,160.09,32.8651,39.9194,12.38,27.6,3,0.17,0.52
2025-07-14T22:22:57.769,0.94,-0.88,-0.72,147.26,32.8747,39.926,12.14,25.6,3,0.09,0.08
2025-07-14T22:22:58.768,-0.29,0.1,0.36,191.69,32.8591,39.9031,12.61,19,3,0.83,0.7
2025-07-14T22:22:59.770,-0.51,-0.01,-0.77,269.94,32.8908,39.9413,12.13,19.6,2,0.18,0.77
2025-07-14T22:23:00.774,0.25,-0.54,0.83,103.72,32.8814,39.9337,11.69,28.6,4,0.4,0.71
2025-07-14T22:23:01.775,-0.84,0.46,0.25,15.5,32.883,39.9075,12.64,28,5,0.62,0.47
2025-07-14T22:23:02.775,-0.55,0.65,0.74,335.03,32.8914,39.9455,11.86,26.3,3,0.51,0.78
2025-07-14T22:23:03.777,0.36,0.18,0.46,67.35,32.8836,39.9265,12.68,15.6,5,0.61,0.04
2025-07-14T22:23:04.775,0.23,-0.84,-0.41,61.1,32.8858,39.9142,11.99,24,2,0.37,0.4
2025-07-14T22:23:05.778,-0.37,-0.7,0.85,116.08,32.8888,39.9263,11.54,29.5,2,0.69,0.16
2025-07-14T22:23:06.778,-0.04,-0.8,0.43,336.96,32.8606,39.91,11.53,24.9,5,0.2,0.16
2025-07-14T22:23:07.779,0.96,-0.45,-0.5,70.81,32.8733,39.9324,12,16.2,1,0.78,0.29
2025-07-14T22:23:08.780,0.98,-0.03,0.17,2.76,32.8828,39.9301,11.83,18.7,5,0.32,0.16
2025-07-14T22:23:09.781,0.21,0.16,-0.35,264.94,32.8973,39.9352,11.55,29.2,3,0.82,0.76
2025-07-14T22:23:10.781,0.89,0.51,-0.5,212.96,32.8543,39.9202,12.12,27.6,3,0.1,0.47
2025-07-14T22:23:11.781,-0.98,-0.98,0.9,139.57,32.8541,39.9491,12.09,26.8,4,0.83,0.22
2025-07-14T22:23:12.783,-0.26,-0.52,0.76,171.95,32.8937,39.929,12.27,15.3,1,0.24,0.42
2025-07-14T22:23:13.783,-0.32,0.86,0.13,11.3,32.8865,39.9196,11.89,20.4,5,0.78,0.75
2025-07-14T22:23:14.787,0.5,0.95,0.45,141.88,32.8573,39.9462,11.85,21.6,5,0.19,0.16
2025-07-14T22:23:15.788,-0.88,0.46,-0.75,259.82,32.8721,39.9391,11.99,29.1,1,0.6,0.36
2025-07-14T22:23:16.788,0.9,0.86,-0.02,235.29,32.8508,39.936,11.96,27,4,0.01,0.97
2025-07-14T22:23:17.788,-0.93,0.25,-0.95,341.54,32.8792,39.9067,11.88,15.3,3,0.77,0.37
2025-07-14T22:23:18.789,-0.68,-0.64,-0.58,132.37,32.8885,39.9083,12.51,29.8,4,0.73,0.08
2025-07-14T22:23:19.790,-0.61,0.89,-0.9,237.04,32.8677,39.924,11.91,23.3,1,0.7,0.76
2025-07-14T22:23:20.791,0.28,-0.47,-0.94,101.02,32.8693,39.9079,11.99,17.3,4,0.77,0.23
2025-07-14T22:23:21.792,-0.64,-0.01,-0.12,352.15,32.8958,39.9364,12.17,29.8,4,0.83,0.42
2025-07-14T22:23:22.795,0.8,0.71,0.73,326.68,32.8628,39.9395,12.17,25.6,1,0.83,0.93
2025-07-14T22:23:23.793,-0.6,0.38,-0.63,260.29,32.8558,39.9102,11.51,27.1,3,0.91,0.68
2025-07-14T22:23:24.795,-0.38,-0.08,-0.81,131.28,32.8589,39.9041,12.09,24.7,1,0.17,0.93
2025-07-14T22:23:25.796,0.14,-0.27,-0.08,208.61,32.8756,39.9387,11.85,19.4,1,0.09,0.98
2025-07-14T22:23:26.796,0.16,0.48,0.74,6.67,32.8661,39.9081,12.13,28.6,2,0.49,0.35
2025-07-14T22:23:27.795,-0.01,0.87,0.61,123.64,32.8821,39.9301,12.52,26.2,1,0.95,0.57
2025-07-14T22:23:28.797,0.79,-0.73,-0.47,146.68,32.8752,39.9437,12.71,25.8,4,0.61,0.19
2025-07-14T22:23:29.798,-0.22,-0.42,-0.93,140.92,32.8898,39.932,12.62,25.6,5,0.31,0.82
2025-07-14T22:23:30.798,0.43,0.65,0.86,125.72,32.8992,39.9097,12.55,15.3,1,0.55,0.83
2025-07-14T22:23:31.800,0.72,-0.49,0.92,93.12,32.861,39.9475,12.08,25.5,2,0.99,0.95
2025-07-14T22:23:32.800,0.31,0.29,0.45,353.65,32.8774,39.9361,12.51,16.3,5,0.82,0.89
2025-07-14T22:23:33.802,0.39,0.83,0.45,31.73,32.8854,39.909,12.38,20.1,5,0.92,0.39
2025-07-14T22:23:34.804,-0.07,0.14,-0.17,277.53,32.8605,39.9103,11.74,29,3,0.62,0.53
2025-07-14T22:23:35.803,-0.12,0.53,0.7,53.37,32.8945,39.946,11.97,23.6,2,0.12,0.43
2025-07-14T22:23:36.805,0.5,-0.36,0.01,321.87,32.867,39.9265,11.59,19.2,4,0.93,0.66
2025-07-14T22:23:37.805,-0.1,0.52,-0.19,196.61,32.868,39.9374,12.17,15.2,3,0.08,0.94
2025-07-14T22:23:38.807,0.18,0.52,0.75,290.29,32.874,39.93,12.65,18.5,3,0.26,0.55
2025-07-14T22:23:39.807,0.03,0.76,-0.43,109.74,32.8826,39.9193,11.85,29.6,5,0.5,0.71
2025-07-14T22:23:40.810,0.33,0.76,0.5,322.09,32.8806,39.9154,12.69,17.3,2,0.46,0.58
2025-07-14T22:23:41.809,0.73,-0.09,-0.16,255.65,32.8684,39.9353,12.24,29.4,3,0.69,0.41
2025-07-14T22:23:42.809,-0.14,-0.14,-0.86,38.72,32.8694,39.9488,12.69,28.8,4,0.19,0.54
2025-07-14T22:23:43.811,0.97,0.98,-0.72,321.96,32.8703,39.9304,12.19,25.3,1,0.91,0.98
2025-07-14T22:23:44.812,0.05,-0.12,0.79,58.12,32.86,39.9103,11.51,23.9,3,0.8,0.13
2025-07-14T22:23:45.813,0.79,-0.68,0.52,218.58,32.8919,39.9206,11.87,20.5,2,0.43,0.93
2025-07-14T22:23:46.814,-0.93,-0.54,0.66,337.02,32.8675,39.9077,11.62,24,1,0.1,0.51
2025-07-14T22:23:47.815,0.71,-0.22,0.76,9.57,32.8521,39.9149,12.09,16.5,5,0.14,0.57
2025-07-14T22:23:48.815,-0.99,-0.76,-0.46,294.13,32.8641,39.945,12.12,17.2,2,0.76,0.32
2025-07-14T22:23:49.816,0.14,-0.07,0.46,104.79,32.8665,39.9347,12.19,19.7,1,0.43,0.06
2025-07-14T22:23:50.818,0.69,0.03,-0.95,32.89,32.8759,39.9415,11.72,29.2,5,0.62,0.7
2025-07-14T22:23:51.819,0.09,-0.73,-0.02,2.96,32.8756,39.9444,11.99,23.5,4,0.52,0.15
2025-07-14T22:23:52.819,-0.19,0.23,0.24,325.19,32.8809,39.9173,12,26.8,5,0.52,0.91
2025-07-14T22:23:53.822,-0.11,0.02,-0.29,271.02,32.8561,39.9412,12,22.4,4,0.98,0.54
2025-07-14T22:23:54.822,0.33,0.76,-0.07,87.09,32.8897,39.9422,12,24,4,0.23,0.6
2025-07-14T22:23:55.824,0.36,0.28,-0.03,171.32,32.8686,39.9196,12.4,21.7,4,0.09,0.22
2025-07-14T22:23:56.825,0.34,-0.24,0.16,133.61,32.8611,39.9199,11.87,16.7,2,0.87,0.65
2025-07-14T22:23:57.825,0.73,-0.35,0.82,96.89,32.8754,39.9332,11.64,15.4,4,0.06,0.41
2025-07-14T22:23:58.826,0.92,0.68,-0.3,221.46,32.8799,39.9085,12.12,17.5,2,0.95,0.21
2025-07-14T22:23:59.827,-0.22,-0.15,0.86,85.52,32.8808,39.9359,12.6,19.8,2,0.74,0.94
2025-07-14T22:24:00.831,0.83,-0.4,0.14,0.46,32.8635,39.9449,12.34,28.6,4,0.55,0.34
2025-07-14T22:24:01.831,0.38,0.24,-0.11,184.54,32.8897,39.9216,12.75,25.9,4,0.84,0.52
2025-07-14T22:24:02.830,0.12,0.86,-0.17,257.68,32.8943,39.9304,12.8,28.4,3,0.61,0.29
2025-07-14T22:24:03.831,0.41,-0.56,0.01,341.83,32.8903,39.9061,11.69,24.7,3,0.69,0.2
2025-07-14T22:24:04.834,-0.55,0.31,-0.56,39.74,32.861,39.9148,12.56,29.3,5,0.29,0.57
2025-07-14T22:24:05.833,0.74,-0.65,0.96,283.49,32.8827,39.9238,12.36,15.5,3,0.43,0.9
2025-07-14T22:24:06.833,0.48,-0.6,0.39,205.27,32.8702,39.9399,12.18,24.5,1,0.43,0.39
2025-07-14T22:24:07.834,-0.41,0.82,0.2,207.77,32.8537,39.9341,12.11,19.9,5,0.54,0.5
2025-07-14T22:24:08.835,-0.68,0.39,0.49,54.88,32.878,39.9221,11.67,29.5,5,0.34,0.52
2025-07-14T22:24:09.837,0.98,0.82,0.18,79.26,32.8557,39.9313,11.61,24.5,2,0.15,0.8
2025-07-14T22:24:10.836,0.77,-0.18,0.97,61.4,32.8917,39.9478,12.34,18.9,1,0.9,0.37
2025-07-14T22:24:11.837,-0.42,-0.34,0.21,32.4,32.8784,39.9248,11.6,20.2,3,0.53,0.57
2025-07-14T22:24:12.840,0.89,-0.52,0.79,217.48,32.8874,39.9315,11.53,22.8,4,0.89,0.11
2025-07-14T22:24:13.840,0.41,-0.53,0.33,103.95,32.8524,39.9481,12.35,16.1,4,0.49,0.05
2025-07-14T22:24:14.842,-0.78,0,-0.92,125.53,32.8769,39.9077,12.46,19,3,0.96,0.79
2025-07-14T22:24:15.841,0.1,-0.81,-0.61,28.17,32.8948,39.9295,11.5,21.2,3,0.18,0.07
2025-07-14T22:24:16.845,-0.56,0.98,0.78,180.14,32.8905,39.9127,12.69,29.7,4,0.58,0.89
2025-07-14T22:24:17.844,-0.06,-0.65,0.97,274.67,32.8911,39.9111,12.41,17.8,3,0.58,0.49
2025-07-14T22:24:18.844,0.99,0.76,0.2,94.16,32.8654,39.916,12.66,17.3,3,0.09,0.62
2025-07-14T22:24:19.845,0.62,-0.49,0.69,281.79,32.8658,39.9419,11.87,24,1,0.88,0.45
2025-07-14T22:24:20.845,-0.27,-0.3,-0.2,188.98,32.899,39.9234,11.68,17.7,4,0.03,0.38
2025-07-14T22:24:21.846,-0.36,-0.34,-0.69,19.92,32.8639,39.9334,12.66,15.1,5,0.78,0.68
2025-07-14T22:24:22.848,0.79,-0.01,0.75,156.08,32.8809,39.9436,12.54,27.1,4,0.89,0.11
2025-07-14T22:24:23.850,-0.27,-0.05,0.14,71.87,32.8582,39.9156,12,17,5,0.07,0.46
2025-07-14T22:24:24.852,0.71,-0.8,0.47,126.1,32.877,39.9418,12.24,28.8,4,0.5,0.11
2025-07-14T22:24:25.851,0.06,0.69,-0.57,134.77,32.8826,39.9445,12.65,25.6,1,0.69,0.63
2025-07-14T22:24:26.852,-0.31,-0.86,0.96,167.33,32.852,39.9259,12.71,27.2,2,0.94,0.82
2025-07-14T22:24:27.853,0.04,0.64,-0.67,63.68,32.8782,39.9362,11.92,16.9,1,0,0.87
2025-07-14T22:24:28.853,-0.16,0.99,0.59,356.85,32.864,39.9021,12.14,20.9,1,0.46,0.21
2025-07-14T22:24:29.856,0.21,0.33,-0.78,253.65,32.8717,39.9036,12.46,17.1,2,0.52,0.02
2025-07-14T22:24:30.857,-0.99,0.53,0.61,22.91,32.872,39.9209,11.98,20.9,2,0.32,0.58
2025-07-14T22:24:31.857,0.55,-0.85,0.09,64.69,32.8861,39.9255,12.15,29.1,1,0.56,0.47
2025-07-14T22:24:32.860,-0.77,-0.76,0.78,67.89,32.8602,39.9276,11.51,16.2,2,0.1,0.48
2025-07-14T22:24:33.860,0.37,0.72,0.3,342,32.8981,39.9393,12.62,28.1,1,0.96,0.4
2025-07-14T22:24:34.860,0.67,-0.2,-0.33,74.66,32.8854,39.9292,12.21,20.1,2,0.31,0.8
2025-07-14T22:24:35.861,0.41,0.29,0.05,40.35,32.8856,39.9439,12.62,20.9,2,0.23,0.53
2025-07-14T22:24:36.862,0.67,0.19,0,54.18,32.8534,39.9229,11.54,26.9,1,0.94,0.17
2025-07-14T22:24:37.862,0.93,0.32,-0.73,151.14,32.8682,39.9131,12.23,23.4,1,0.99,0.13
2025-07-14T22:24:38.864,-0.77,0.3,0.99,333.28,32.8583,39.9435,12.79,28.7,1,0.16,0.77
2025-07-14T22:24:39.867,0.87,-0.06,-0.95,23.77,32.8642,39.9001,12.19,22.7,3,0.13,0.79
2025-07-14T22:24:40.867,0.43,-0.3,-0.17,268.33,32.8606,39.91,11.51,27.5,2,0.05,0.24
2025-07-14T22:24:41.866,-0.28,0.02,0.56,39.62,32.8879,39.9262,12.71,21.8,5,0.93,0.54
2025-07-14T22:24:42.869,0.91,-0.81,-0.19,64.46,32.868,39.9154,12.3,17.4,4,0.23,0.01
2025-07-14T22:24:43.869,-0.2,-0.98,0.83,319.27,32.8635,39.9308,11.77,28.8,1,0.47,0.29
2025-07-14T22:24:44.870,0.32,0.09,-0.56,95.68,32.8721,39.9047,12.34,29.4,3,0.56,0.17
2025-07-14T22:24:45.871,-0.36,-0.08,0.52,164.9,32.8599,39.931,12.29,25.6,5,0.42,0.88
2025-07-14T22:24:46.872,-0.43,-0.14,-0.28,200.28,32.8506,39.9099,12.28,17.7,3,0.55,0.26
2025-07-14T22:24:47.872,0.16,-0.61,0.17,39.08,32.8532,39.9161,12.19,17,2,0.62,0.22
2025-07-14T22:24:48.873,0.44,0.31,-0.88,177.43,32.884,39.9442,12.18,26.9,3,0.7,1
2025-07-14T22:24:49.875,-0.06,-0.91,0.77,27.85,32.8975,39.9136,11.59,26.1,4,0.63,0.8
2025-07-14T22:24:50.875,0.41,-0.17,0.83,43.68,32.8638,39.9011,11.83,15.2,4,0.46,0.93
2025-07-14T22:24:51.876,-0.67,-0.96,0.78,0.59,32.8717,39.917,11.63,23.6,5,0.6,0.02
2025-07-14T22:24:52.876,0.8,-0.04,0.71,48.59,32.8631,39.9407,12.58,20.8,4,0.88,0.48
2025-07-14T22:24:53.879,0.92,0.98,-0.65,166.67,32.8846,39.9351,12.26,18,4,0.17,0.54
2025-07-14T22:24:54.879,-0.59,0.51,-0.67,81.16,32.8809,39.9123,12.19,29.9,4,0.88,0.23
2025-07-14T22:24:55.881,0.42,0.26,-0.9,160.37,32.8707,39.9171,12.59,15.9,4,0,0.15
2025-07-14T22:24:56.882,-0.52,-0.38,0.25,297,32.8962,39.9422,11.68,15.5,4,0.07,0.69
2025-07-14T22:24:57.881,-0.03,0.98,-0.33,338.9,32.8726,39.92,12.73,18.6,1,0.26,0.47
2025-07-14T22:24:58.882,0.54,-0.15,-0.47,253.52,32.8549,39.9434,11.59,25.1,3,0.12,0.27
2025-07-14T22:24:59.885,-0.22,0.63,0.94,13.79,32.8864,39.9497,12.3,15.8,2,0.26,0.08
2025-07-14T22:25:00.886,-0.26,-0.25,0.8,181.46,32.8655,39.9266,12.76,25.1,2,0.95,0.89
2025-07-14T22:25:01.890,-0.09,-0.07,-0.02,14.21,32.8764,39.9209,12.49,23.2,1,0.37,0.18
2025-07-14T22:25:02.887,0.9,0.61,-0.18,129.92,32.9,39.9359,12.08,28.3,2,0.41,0.22
2025-07-14T22:25:03.890,-0.78,-0.52,0.93,229.49,32.8776,39.9467,12.32,23.3,3,0.95,0.34
2025-07-14T22:25:04.888,-0.64,0.11,-0.58,72.13,32.8943,39.9054,12.35,23.7,4,0.74,0.67
2025-07-14T22:25:05.894,0.1,-0.36,-0.76,317.02,32.8802,39.94,12.07,21.1,1,0.76,0.47
2025-07-14T22:25:06.891,-0.74,0.21,-0.47,308.45,32.8878,39.9476,11.71,19.8,4,0.27,0.07
2025-07-14T22:25:07.893,0.33,0.78,0.09,176.48,32.8714,39.9248,11.68,28.4,3,0.57,0.06
2025-07-14T22:25:08.903,0.74,-0.12,-0.46,300.33,32.8834,39.9345,12.14,16.3,5,0.65,0.22
2025-07-14T22:25:09.894,0.97,0.98,-0.32,133.2,32.8619,39.9316,12.65,20.9,1,0.36,0.06
2025-07-14T22:25:10.894,-0.08,0.9,-0.85,2.26,32.8931,39.9453,11.64,21.6,1,0.87,0.51
2025-07-14T22:25:11.897,-0.71,-0.12,-0.46,287.01,32.8615,39.9112,11.92,21.3,2,0.39,0.83
2025-07-14T22:25:12.897,-0.65,-0.34,0.88,0.28,32.865,39.9007,11.95,22.2,1,0.71,0.69
2025-07-14T22:25:13.901,0.84,-0.97,0.56,173.48,32.8812,39.9215,11.51,18.7,4,0.34,0.72
2025-07-14T22:25:14.901,0.99,-0.24,-0.44,201.77,32.892,39.936,12.62,29.6,3,0.74,0.89
2025-07-14T22:25:15.901,0.64,-0.42,-0.18,39.9,32.894,39.9349,12.03,28.7,3,0.46,0.22
2025-07-14T22:25:16.901,0.6,-0.4,-0.02,100.46,32.8932,39.9115,12.09,29,5,0.87,0.36
2025-07-14T22:25:17.903,-0.98,0.92,-0.45,339.82,32.8697,39.9426,11.98,25.3,4,0.23,0.13
2025-07-14T22:25:18.902,-0.6,-0.13,0.96,144.35,32.8516,39.9387,12.56,22.6,5,0.51,0.34
2025-07-14T22:25:19.904,0.09,-0.88,0,189.13,32.8893,39.9146,12.72,29.5,4,0.05,0.93
2025-07-14T22:25:20.904,-0.09,0.1,0.14,303,32.8867,39.9418,12.73,28.1,3,0.68,0.22
2025-07-14T22:25:21.905,0.21,0.43,0.41,109.28,32.8804,39.9213,11.58,25.5,5,0.57,0.78
2025-07-14T22:25:22.907,-0.05,-0.26,0.89,335.66,32.8651,39.9441,12.46,19,2,0.86,0.98
2025-07-14T22:25:23.909,-0.43,-0.33,0.77,234.79,32.8725,39.9165,12.73,27.1,2,0.9,0.44
2025-07-14T22:25:24.910,-0.03,0.55,-0.97,129.73,32.898,39.9251,11.74,17.5,4,0.8,0.26
2025-07-14T22:25:25.909,-0.22,0.53,-0.96,273.31,32.8563,39.9204,11.57,18.1,5,0.32,0.77
2025-07-14T22:25:26.912,-0.64,-0.73,-0.34,321.65,32.8888,39.9348,12.34,21,4,0.81,0.62
2025-07-14T22:25:27.912,0.47,0.43,-0.51,123.68,32.8664,39.9278,12.37,23.4,3,0.88,0.81
2025-07-14T22:25:28.913,0.37,0.89,-0.37,12.25,32.8906,39.9262,12.65,25.3,3,0.58,0.47
2025-07-14T22:25:29.914,0.56,-0.21,-0.32,93.69,32.8686,39.901,12.47,25.2,2,0.24,0.08
2025-07-14T22:25:30.915,0.64,0.76,0.85,180.15,32.897,39.9344,11.93,26.2,3,0.19,0.37
2025-07-14T22:25:31.917,0.88,0.09,-0.27,190.43,32.8816,39.9063,12.16,16.8,2,0.55,0.93
2025-07-14T22:25:32.917,-0.97,0.08,-0.74,179.42,32.8593,39.9009,11.91,28.6,4,0.4,0.57
2025-07-14T22:25:33.917,0.65,0.59,0.47,324.62,32.8674,39.927,12.61,26.4,1,0.91,0.38
2025-07-14T22:25:34.918,-0.6,0.92,-0.06,218.65,32.8583,39.9375,12.02,25,1,0.76,0.48
2025-07-14T22:25:35.919,0.86,0.94,-0.83,49.3,32.8666,39.9367,12.01,22.1,2,0.92,0.27
2025-07-14T22:25:36.920,-0.01,0.95,-0.86,260.49,32.8617,39.9364,11.67,27.6,5,0.68,0.05
2025-07-14T22:25:37.921,-0.36,-0.03,-0.43,21.81,32.8543,39.9148,12.47,15.6,1,0.41,0.11
2025-07-14T22:25:38.922,0.66,0.74,-0.24,145,32.8687,39.9247,11.82,15.7,4,0.41,0.88
2025-07-14T22:25:39.923,0.38,-0.25,-0.84,78.41,32.8745,39.9278,11.96,15.8,2,0.95,0.23
2025-07-14T22:25:40.924,0.18,0.13,0.8,251.31,32.8862,39.9094,12.51,29,3,0.05,0.51
2025-07-14T22:25:41.925,0.64,-0.74,0.61,190.68,32.8931,39.9025,12.18,17.7,1,0.4,0.64
2025-07-14T22:25:42.925,-0.4,-0.26,0.32,183.91,32.8587,39.9247,12.71,28.7,3,0.56,0.7
2025-07-14T22:25:43.927,-0.49,-0.43,-0.64,208.65,32.8507,39.9007,12.23,26.9,4,0.97,0.56
2025-07-14T22:25:44.926,-0.25,0.2,-0.93,52.63,32.8744,39.9465,11.64,29.9,2,0.48,0.63
2025-07-14T22:25:45.930,0.44,-0.67,-0.81,341.02,32.8903,39.948,11.81,25.2,1,0.97,0.51
2025-07-14T22:25:46.929,-0.67,-0.42,0.16,229.29,32.8642,39.9011,12.07,26.1,3,0.2,0.78
2025-07-14T22:25:47.930,0.95,0.89,-0.53,351.69,32.8672,39.9058,11.79,22.8,2,0.65,0.27
2025-07-14T22:25:48.932,0.84,-0.39,-0.33,191.52,32.8755,39.9018,11.9,21.3,3,0.01,0.68
2025-07-14T22:25:49.932,-0.94,0.46,-0.54,141.64,32.8595,39.9067,11.99,20.7,4,0.76,0.16
2025-07-14T22:25:50.933,0.03,-0.84,-0.11,308.21,32.8847,39.9245,11.54,18.9,1,0.24,0.47
2025-07-14T22:25:51.936,-0.37,0.65,-0.39,309.25,32.8985,39.906,12.46,20.8,5,0.37,0.54
2025-07-14T22:25:52.937,-0.3,0.75,-0.86,336.01,32.8807,39.9381,12.72,19.5,5,0.79,0.15
2025-07-14T22:25:53.938,-0.28,-0.27,-0.25,17.15,32.8637,39.9132,11.64,17.6,3,0.78,0.34
2025-07-14T22:25:54.938,0.46,0.28,-0.58,324.36,32.8646,39.9041,12.48,21.7,4,0.38,0.73
2025-07-14T22:25:55.938,0.3,0.8,-0.37,70.34,32.8687,39.9497,12.38,17.8,5,0.18,0.36
2025-07-14T22:25:56.940,-0.21,-0.69,-0.33,24.42,32.8605,39.9298,11.66,26.4,4,0.36,0.13
2025-07-14T22:25:57.943,-0.58,-0.32,-0.46,335.96,32.8973,39.94,12.68,25.4,4,0.95,0.96
2025-07-14T22:25:58.942,0.84,-0.04,-0.66,288.9,32.8554,39.9487,12.47,18.1,1,0.46,0.22
2025-07-14T22:25:59.945,-0.3,-0.55,0.91,8.47,32.871,39.923,12.43,22.6,5,0.86,0.58
2025-07-14T22:26:00.943,0.25,0.49,0.97,34.31,32.8921,39.9451,12.22,28.5,1,0.92,0.66
2025-07-14T22:26:01.945,0.29,0.65,-0.09,183.85,32.8809,39.9001,11.8,17.6,5,0.42,0.36
2025-07-14T22:26:02.946,-0.16,-0.8,-0.46,328.61,32.898,39.9464,12.66,27.6,4,0.1,0.48
2025-07-14T22:26:03.947,0.23,0.36,0.36,262.78,32.8757,39.9012,12.35,19.9,3,0.31,0.68
2025-07-14T22:26:04.948,-0.66,-0.78,-0.81,250.03,32.88,39.9245,12.79,23.8,4,0.67,0.53
2025-07-14T22:26:05.949,0.57,0.86,0.85,355.42,32.8904,39.9277,12.69,25.3,3,0.1,0.74
2025-07-14T22:26:06.949,-0.11,0.6,0.76,173.46,32.8798,39.905,11.7,19.2,3,0.62,0.73
2025-07-14T22:26:07.949,-0.23,-0.72,0.49,349.34,32.8986,39.9063,12.75,25,1,0.79,0.15
2025-07-14T22:26:08.951,-0.24,-0.55,-0.29,174.65,32.8654,39.9287,12.25,15.4,3,0.05,0.2
2025-07-14T22:26:09.951,-0.66,-0.4,-0.32,9.41,32.8887,39.9398,11.66,22.3,2,0.66,0.18
2025-07-14T22:26:10.955,-0.86,-0.8,0.55,322.77,32.8664,39.902,11.95,29.6,1,0.74,0.68
2025-07-14T22:26:11.954,-0.32,-0.87,0.56,26.09,32.8771,39.9366,12.65,18.9,1,0.37,0.43
2025-07-14T22:26:12.955,0.18,-0.01,-0.27,334.69,32.8677,39.9484,12.57,21.2,5,0.77,0.84
2025-07-14T22:26:13.957,0.18,0.61,0.22,224.26,32.8576,39.9403,12.61,28,1,0.85,0.17
2025-07-14T22:26:14.959,0.79,0.08,0.35,301.51,32.8896,39.9352,12.06,26.8,4,0.4,0.61
2025-07-14T22:26:15.961,0.73,-0.84,0.73,156.69,32.8815,39.943,12.66,15.8,1,0.23,0.99
2025-07-14T22:26:16.960,0.22,0.52,-0.45,273.49,32.8759,39.9375,12.31,17.1,3,0.07,0.22
2025-07-14T22:26:17.961,0.57,0.31,0.59,309.63,32.8673,39.9219,12.65,28.1,3,0.69,0.5
2025-07-14T22:26:18.962,0.09,0.54,-0.05,80.57,32.8681,39.9493,12.26,15.7,2,0.01,0.46
2025-07-14T22:26:19.963,0.32,-0.63,0.42,167.6,32.8938,39.914,12.04,24.7,3,0.46,0.53
2025-07-14T22:26:20.965,-0.29,-0.5,0.14,197.43,32.8864,39.9323,11.57,19,1,0.68,0.36
2025-07-14T22:26:21.967,0.66,0.25,0.05,255.67,32.8609,39.9035,11.66,18.3,3,0.7,0.76
2025-07-14T22:26:22.967,0.98,0.84,-0.98,105.67,32.8591,39.9192,12.42,17,4,0.59,0.16
2025-07-14T22:26:23.968,-0.91,-0.88,-0.74,6.13,32.8612,39.926,12.49,22.4,3,0.79,0.44
2025-07-14T22:26:24.969,-0.74,-0.48,-0.93,159.47,32.8779,39.9252,11.8,23,1,0.47,0.54
2025-07-14T22:26:25.969,-0.68,-0.27,0.08,328.12,32.8672,39.913,12.72,18.8,2,0.92,0.12
2025-07-14T22:26:26.970,0.8,0.58,-0.03,40.5,32.8848,39.9026,11.89,17.2,1,0.06,0.98
2025-07-14T22:26:27.972,0.38,-0.48,0.47,53.85,32.8557,39.9143,12.52,25.5,3,0.78,0.4
2025-07-14T22:26:28.974,-0.89,-0.29,-0.01,143.71,32.878,39.9004,12.73,22,5,0.48,0.11
2025-07-14T22:26:29.974,0.35,-0.7,0.46,207.94,32.8807,39.9235,12.32,24.6,1,0.98,0.17
2025-07-14T22:26:30.976,0.39,-0.82,-0.6,94.32,32.8997,39.9393,12.27,27.7,3,0.19,0.84
2025-07-14T22:26:31.988,-0.99,-0.73,0.71,121.86,32.8731,39.9252,11.63,24.7,2,0.25,0.05
2025-07-14T22:26:32.977,0.75,-0.28,0.01,226.31,32.8902,39.9132,11.52,29.6,2,0.77,0.07
2025-07-14T22:26:33.977,0.04,-0.18,-0.77,3.23,32.8502,39.9076,11.64,28.5,4,0.88,0.44
2025-07-14T22:26:34.978,0.23,0.43,-0.9,280.2,32.8993,39.905,11.6,28.5,5,0.6,0.34
2025-07-14T22:26:35.995,-0.48,0.13,0.17,192.62,32.8837,39.9259,12.15,18.9,4,0.56,0.05
2025-07-14T22:26:36.980,0.17,-0.74,-0.47,320.3,32.8774,39.9275,11.99,17.6,1,0.65,0.63
2025-07-14T22:26:37.980,0.18,0.15,0.74,135.63,32.8797,39.9444,12.72,16,3,0.39,0.29
2025-07-14T22:26:38.979,0.45,-0.57,-0.9,154.46,32.8924,39.9209,11.71,20.4,3,0.31,0.97
2025-07-14T22:26:39.980,-0.74,0.23,-0.65,102.01,32.868,39.9324,12.38,26.2,3,0.05,0.39
2025-07-14T22:26:40.981,0.56,0.16,0.24,53.5,32.8552,39.9129,12.61,24.7,5,0.2,0.02
2025-07-14T22:26:41.982,-0.01,-0.83,-0.06,134.69,32.8535,39.9396,12.61,24.9,3,1,0.46
2025-07-14T22:26:42.983,0.77,-0.92,0.77,181.22,32.8718,39.9303,12.71,20.5,2,0.67,0.78
2025-07-14T22:26:43.985,-0.49,-0.15,-0.38,162.76,32.8743,39.9127,12.07,17.8,2,0.7,0.47
2025-07-14T22:26:44.987,-0.79,-0.57,-0.67,292,32.8643,39.9145,12.31,25.4,1,0.98,0.55
2025-07-14T22:26:45.987,0.14,0.73,0.06,58.15,32.8882,39.9163,12.54,22.6,3,0.77,0.96
2025-07-14T22:26:46.986,-0.81,0.95,-0.65,146.74,32.8937,39.9065,12.38,23.3,2,0.1,0.7
2025-07-14T22:26:47.987,-0.66,0.37,-0.76,302.61,32.8641,39.9129,11.65,28.1,2,0.81,0.03
2025-07-14T22:26:48.987,-0.97,-0.88,-0.06,23.69,32.868,39.9421,11.58,22.6,2,0.04,0.75
2025-07-14T22:26:49.989,-0.34,0.84,-0.28,227.4,32.869,39.9313,12.47,23.7,1,0.75,0.61
2025-07-14T22:26:50.990,0.33,0.52,-0.79,312.31,32.8671,39.9169,12.56,23.2,1,0.81,0.56
2025-07-14T22:26:51.989,0.55,0.96,0.52,148.12,32.8955,39.9197,12.42,17.4,1,0.4,0.77
2025-07-14T22:26:52.990,0.49,0.07,-0.4,269.18,32.8624,39.941,12.13,18.4,5,0.31,0.53
2025-07-14T22:26:53.992,-0.05,-0.35,0.93,29.21,32.8824,39.9422,12.48,24.8,1,0.15,0.26
2025-07-14T22:26:54.992,0.46,0.58,0.41,314.66,32.8578,39.9364,11.9,25.5,4,0.47,0.29
2025-07-14T22:26:55.992,-0.08,0.08,-0.3,254.55,32.8936,39.9128,12.07,26.7,1,0.08,0.56
2025-07-14T22:26:56.993,-0.57,-0.94,0.63,114.56,32.8655,39.94,11.79,17.2,3,0.26,0.32
2025-07-14T22:26:57.994,-0.9,-0.01,0.46,149.9,32.8923,39.9103,11.82,21.2,3,0.6,0.85
2025-07-14T22:26:58.996,0.43,0.12,-0.28,186.21,32.8904,39.9372,12.6,28.4,3,0.91,0.26
2025-07-14T22:27:00.003,-0.36,-0.25,0.21,109.6,32.8806,39.9434,11.55,26.3,2,0.72,0.38
2025-07-14T22:27:00.997,-0.81,0.52,-0.73,274.91,32.8631,39.9011,11.77,16.9,3,0.91,0.22
2025-07-14T22:27:01.999,0.2,0.19,-1,287.77,32.8606,39.9076,12.43,26.2,2,0.76,0.14
2025-07-14T22:27:02.999,0.69,-0.34,0.72,78.47,32.8726,39.9335,12.6,16.2,4,0.93,0.3
2025-07-14T22:27:04.000,-0.08,0.95,0.86,168.81,32.8735,39.9096,12.71,30,2,0.7,0.01
2025-07-14T22:27:04.999,-0.35,0.34,0.51,300,32.8609,39.9208,11.99,26.5,1,0.28,0.25
2025-07-14T22:27:06.000,-0.88,0.11,0.43,204.78,32.8615,39.9009,12.67,20.6,3,1,0.5
2025-07-14T22:27:07.002,-0.49,0.83,-0.47,174.27,32.8558,39.9331,11.51,27.2,4,0.64,0.15
2025-07-14T22:27:08.002,0.53,0.24,0.81,225.38,32.8778,39.9193,12.26,25.6,2,0.86,0.73
2025-07-14T22:27:09.004,0.42,-0.91,-0.43,76.93,32.8716,39.9337,12.73,27.8,4,0.86,0.4
2025-07-14T22:27:10.004,0.7,-0.35,-0.27,249.15,32.8743,39.9482,11.7,16.7,2,0.1,0.01
2025-07-14T22:27:11.005,-0.91,0.7,0.4,155.79,32.8587,39.9141,12.37,17.5,4,0.59,0.22
2025-07-14T22:27:12.007,0.16,-0.71,0.39,198.73,32.8647,39.9312,11.91,28.9,5,0.24,0.63
2025-07-14T22:27:13.008,0.6,0.55,-0.45,298.61,32.8983,39.9329,12.22,20.4,2,0.35,0.96
2025-07-14T22:27:14.008,0.01,0.59,-0.67,334.4,32.8591,39.9239,12.6,17.8,4,0.68,0.02
2025-07-14T22:27:15.013,-0.31,0.76,-0.47,276.64,32.8903,39.9184,11.6,17.5,3,0.91,0.45
2025-07-14T22:27:16.009,0.93,-0.13,0.18,327.62,32.8503,39.9228,12.48,28.3,2,0.97,0.51
2025-07-14T22:27:17.013,0.72,0.97,-0.19,17.3,32.8701,39.927,12.77,19.4,4,0.2,0.56
2025-07-14T22:27:18.013,0.82,-0.57,-0.3,238.7,32.88,39.934,12.71,26.5,2,0.54,0.22
2025-07-14T22:27:19.015,-0.29,-0.28,0.25,36.9,32.8807,39.9038,11.99,17.5,3,0.46,0.24
2025-07-14T22:27:20.014,0.79,0.5,0.92,142.52,32.8544,39.944,12.72,20.7,5,0.4,0.87
2025-07-14T22:27:21.015,0.11,0.51,0.73,80.46,32.85,39.9246,12.22,28.9,2,0.7,0.97
2025-07-14T22:27:22.017,-0.63,-0.04,-0.31,327.8,32.8817,39.9255,12.29,15.9,3,0.86,0.41
2025-07-14T22:27:23.018,0.96,0.95,0.54,276.04,32.8888,39.9213,12.64,18.7,4,0.02,0.61
2025-07-14T22:27:24.018,0.45,0.86,-0.35,25.73,32.8759,39.9287,12.24,21.6,2,0.99,0.41
2025-07-14T22:27:25.017,-0.62,0.49,0.45,2.71,32.89,39.9244,12.4,20.2,4,0.81,0.48
2025-07-14T22:27:26.021,-0.91,0.97,-0.1,2.41,32.8791,39.9458,12.56,15.8,4,0.01,0.69
2025-07-14T22:27:27.023,-0.48,-0.49,-0.88,284.7,32.8623,39.915,12.16,16.2,1,0.07,0.85
2025-07-14T22:27:28.023,-0.96,0.25,0.24,209.2,32.8989,39.919,11.57,21.9,4,0.33,0.92
2025-07-14T22:27:29.023,-0.17,0.1,0.81,313.95,32.8713,39.9249,11.83,15.5,4,0.38,0.08
2025-07-14T22:27:30.023,0.52,0.02,-0.65,174.21,32.8866,39.9169,11.6,15.1,4,0.99,0.49
2025-07-14T22:27:31.023,0.83,-0.39,0.75,226.14,32.8967,39.9333,11.95,20.9,5,0.48,0.17
2025-07-14T22:27:32.025,0.46,0.28,0.21,131.56,32.8519,39.9392,12.28,17.6,2,0.94,0.44
2025-07-14T22:27:33.026,0.09,0.23,0.88,344.56,32.8861,39.9249,12.31,26.3,1,0.27,0.3
2025-07-14T22:27:34.027,0.18,0.3,0,219.26,32.8937,39.9266,11.8,20.9,3,0.51,0.79
2025-07-14T22:27:35.028,0.46,-0.75,-0.51,353.09,32.8652,39.9101,11.72,26.2,3,0.63,0.58
2025-07-14T22:27:36.028,-0.81,-0.79,0.3,165.33,32.8582,39.9362,11.75,18.2,4,0.69,0.14
2025-07-14T22:27:37.030,-0.58,0.85,0.94,290.95,32.8513,39.9137,12.44,18.6,2,0.07,0.17
2025-07-14T22:27:38.030,0.9,0.66,0.7,19.43,32.865,39.9357,12.5,23.9,4,0.36,0.8
2025-07-14T22:27:39.030,-0.09,0.48,-0.54,70.66,32.889,39.9335,11.75,27.1,5,0.5,0.08
2025-07-14T22:27:40.031,0.82,0.05,0.8,326.81,32.8742,39.9376,12.52,21.7,3,0.13,0.58
2025-07-14T22:27:41.031,-0.74,0.24,0.52,224.49,32.8843,39.9069,12.15,25.7,1,0.82,0.12
2025-07-14T22:27:42.034,0.75,0.5,0.49,283.62,32.8732,39.9069,11.64,15.7,1,0.27,0.84
2025-07-14T22:27:43.034,0.1,0.82,0.31,87.64,32.8807,39.9451,12.25,24,1,0.75,0.39
2025-07-14T22:27:44.036,0.24,0.54,-0.77,344.9,32.8648,39.9482,11.89,25.8,1,0.9,0.13
2025-07-14T22:27:45.037,0.79,0.49,0.67,219.98,32.8545,39.9477,12.78,17.9,1,0.13,0.73
2025-07-14T22:27:46.040,-0.13,0.92,0.58,288.82,32.862,39.9204,12.54,15,3,0.84,0.49
2025-07-14T22:27:47.038,-0.9,-0.53,-0.86,184.74,32.8778,39.9287,11.72,23.2,1,0.37,0.73
2025-07-14T22:27:48.041,-0.2,-0.18,-0.91,80.97,32.8612,39.9201,12.7,18.2,5,0.59,0.85
2025-07-14T22:27:49.044,-0.86,0.84,0.22,303.76,32.8533,39.94,12.58,19.1,5,0.53,0.26
2025-07-14T22:27:50.042,0.72,-0.82,0.36,20.08,32.8984,39.9191,11.92,19.7,5,0.36,0.36
2025-07-14T22:27:51.042,0.17,0.09,-0.55,286.87,32.8698,39.9111,12.76,25.2,2,0.27,0.59
2025-07-14T22:27:52.044,0.3,-0.24,-0.17,318.24,32.8645,39.9056,12.68,15.7,2,0.56,0.46
2025-07-14T22:27:53.044,-0.59,0.98,0.95,192.52,32.8812,39.906,12.28,17.1,4,0.69,0.06
2025-07-14T22:27:54.046,-0.27,-0.16,-0.46,349.49,32.861,39.9054,12.31,20.5,2,0.62,0.56
2025-07-14T22:27:55.044,-0.97,-0.39,0.87,43.76,32.889,39.9182,11.67,26.8,3,0.05,0.27
2025-07-14T22:27:56.046,0.85,0.86,0.79,91.28,32.8719,39.9459,11.93,26.3,5,0.81,0.26
2025-07-14T22:27:57.047,-0.08,0.97,-1,290.86,32.8918,39.9465,12.5,20.5,5,0.4,0.78
2025-07-14T22:27:58.047,0.21,-0.22,0.4,77.14,32.8815,39.9043,12.68,16.5,2,0.04,0.39
2025-07-14T22:27:59.050,-0.36,0.65,-0.86,36.16,32.863,39.9374,12.14,25.3,5,0,1
2025-07-14T22:28:00.055,-0.34,-0.97,0.71,169.57,32.8567,39.9316,11.86,29.1,2,0.29,0.61
2025-07-14T22:28:01.053,-0.63,0.65,-0.07,276.69,32.8886,39.9477,12.37,15.7,3,0.34,0.97
2025-07-14T22:28:02.052,-0.98,0.03,0.15,220.64,32.8552,39.9294,12.79,21.9,1,0.94,0.95
2025-07-14T22:28:03.052,-0.82,-0.88,0.68,281.96,32.8854,39.9288,12.74,15.9,4,0.63,0.33
2025-07-14T22:28:04.052,-0.79,0.12,-0.63,221.13,32.8747,39.915,12.45,23,4,0.48,0.81
2025-07-14T22:28:05.055,0.76,-0.52,0.74,282.59,32.8661,39.9227,12.09,18.5,4,0.07,0.27
2025-07-14T22:28:06.055,-0.56,-0.32,0.41,295.98,32.882,39.9112,12.05,21.1,1,0.21,0.09
2025-07-14T22:28:07.057,0.07,0.37,0.42,206.61,32.8533,39.9168,11.82,15.8,3,0.91,0.92
2025-07-14T22:28:08.056,0.53,-0.5,0.24,106.71,32.852,39.9381,12.24,23,1,0.26,0.25
2025-07-14T22:28:09.062,0.24,-0.27,0.78,60.14,32.886,39.9061,11.54,26.5,2,0.23,0.45
2025-07-14T22:28:10.059,-0.75,-0.04,0.55,231.49,32.8777,39.9356,11.85,23.7,4,0.3,0.74
2025-07-14T22:28:11.061,-0.16,-0.64,0.44,20.89,32.8952,39.9405,11.65,25.4,1,0.57,0.17
2025-07-14T22:28:12.062,0.65,0.8,-0.86,312.16,32.8979,39.9348,12.49,20.7,5,0.88,0.69
2025-07-14T22:28:13.063,0.2,0.09,-0.74,280.47,32.8798,39.9245,12.38,26.7,1,0.98,0.51
2025-07-14T22:28:14.063,-0.95,-0.43,-0.67,308.56,32.8729,39.9092,11.87,16.8,4,0.27,0.69
2025-07-14T22:28:15.065,-0.25,0.93,-0.02,317.54,32.856,39.9044,12.01,21.8,3,0.09,0.21
2025-07-14T22:28:16.064,0.86,0.18,-0.36,287.18,32.8976,39.9302,11.71,24.5,3,0.2,0.68
2025-07-14T22:28:17.066,0.72,-0.09,-0.73,153.44,32.8604,39.9115,12.57,17.5,3,0.15,0.74
2025-07-14T22:28:18.066,-0.55,0.86,-0.02,214.45,32.8661,39.9075,12.33,25.6,4,0.81,0.08
2025-07-14T22:28:19.072,0.54,-0.51,0.24,279.1,32.8645,39.9313,12.28,25.3,3,0.47,0.41
2025-07-14T22:28:20.071,-0.54,-0.62,-0.24,355.5,32.8664,39.9374,11.71,26.4,1,0.97,0.88
2025-07-14T22:28:21.071,-0.03,-0.75,0.32,116.16,32.8862,39.9467,12.67,21,3,0.93,0.76
2025-07-14T22:28:22.072,0.25,0.57,0.61,131.83,32.8684,39.908,12.16,29.6,4,0.49,0.23
2025-07-14T22:28:23.073,0,0.92,-0.95,336.12,32.8657,39.9251,11.69,15.6,2,0.39,0.06
2025-07-14T22:28:24.074,0.42,-0.53,-0.68,321.92,32.8946,39.9362,11.88,18.4,2,0.68,0.11
2025-07-14T22:28:25.077,-0.55,0.98,-0.05,154.03,32.864,39.9187,12.69,28,4,0.49,0.36
2025-07-14T22:28:26.076,-0.28,-0.21,0.05,105.42,32.8854,39.9245,11.66,17.7,4,0.59,0.46
2025-07-14T22:28:27.076,0.48,-0.85,0.02,225.31,32.8557,39.9338,11.72,22.1,2,0.69,0.13
2025-07-14T22:28:28.078,-0.52,0.96,0.64,69.07,32.8759,39.9314,11.81,26.4,1,0.08,0.23
2025-07-14T22:28:29.079,-0.95,-0.05,-0.57,324.46,32.8641,39.9066,11.97,19.5,4,0.47,0.02
2025-07-14T22:28:30.085,-0.36,-0.97,-0.76,20.13,32.8745,39.9393,11.98,19.4,1,0.89,0.24
2025-07-14T22:28:31.083,0.19,0.4,-0.56,201.83,32.8534,39.9371,12.47,15.2,4,0.24,0.98
2025-07-14T22:28:32.084,0.29,0.99,0.32,32.62,32.8625,39.9208,12.12,27.7,4,0.64,0.93
2025-07-14T22:28:33.084,0.86,0.63,-0.2,129.73,32.8581,39.9396,11.62,21.5,5,0.17,0.58
2025-07-14T22:28:34.088,-0.37,-0.69,0.52,277.75,32.8612,39.9394,12.23,19.5,5,0.88,0.62
2025-07-14T22:28:35.097,-0.6,0.29,0.35,190.29,32.8546,39.9156,12.25,16,2,0.62,0.02
2025-07-14T22:28:37.259,-0.79,0.84,0.79,31.11,32.8529,39.9001,12.34,15.3,5,0.62,0.06
2025-07-14T22:28:37.326,-0.23,-0.32,0.85,67.58,32.8974,39.914,12.41,25.4,4,0.74,0.16
