timestamp,pitch,roll,yaw,heading,longitude,latitude,voltage,temperature,questNo,setPoint,currentSpeed
2025-07-15T20:21:44.827,0.84,-0.34,0,-0.98,0.16,182.7,32.8811,39.9153,0,20,1
2025-07-15T20:21:44.836,-0.35,0.6,0.56,218.67,32.8619,39.9097,12.14,27.1,2,0.39,0.99
2025-07-15T20:21:45.849,0.63,-0.02,-0.15,114.47,32.8982,39.9404,12,17.8,5,0.01,0.06
2025-07-15T20:21:46.847,-0.45,0,0.57,103.28,32.86,39.9289,11.77,23.9,3,0.46,0.5
2025-07-15T20:21:47.853,-0.62,-0.27,0.73,136.63,32.894,39.9446,11.85,18.7,2,0.66,0.51
2025-07-15T20:21:48.861,-0.83,-0.52,-0.36,125.94,32.8867,39.9363,12.62,15.2,4,0.03,0.56
2025-07-15T20:21:49.871,0.97,0.19,-0.21,172.52,32.8714,39.9077,11.79,18.6,5,0.45,0.42
2025-07-15T20:21:50.879,0.3,0.99,-0.2,176.9,32.8942,39.91,11.9,19.8,1,0.03,0.23
2025-07-15T20:21:51.889,-0.72,-0.75,-0.49,155.98,32.8775,39.9433,12.19,27.3,3,0.61,0.21
2025-07-15T20:21:52.899,-0.59,-0.76,0.44,200.83,32.8611,39.9316,11.94,27,4,0.4,0.57
2025-07-15T20:21:53.905,0.26,0.98,-0.48,33.51,32.8933,39.9324,11.98,22.3,4,0.65,0.94
2025-07-15T20:21:54.915,0.22,-0.46,0.46,150.17,32.8715,39.9381,12.32,18.7,1,0.09,0.59
2025-07-15T20:21:55.922,-0.15,-0.36,0.08,302.68,32.8618,39.9273,12.34,16.6,2,0.59,0.54
2025-07-15T20:21:56.931,-0.03,-0.7,0.51,84.3,32.8856,39.9458,12.66,26.5,4,0.1,0.9
2025-07-15T20:21:57.938,0.11,0.65,-0.02,43.87,32.8616,39.946,12.45,26.7,3,0.24,0.4
2025-07-15T20:21:58.950,0.02,0.77,0.74,250.9,32.855,39.9174,12.22,25.9,2,0.54,0.29
2025-07-15T20:21:59.958,0.85,0.76,-0.21,338.2,32.8863,39.9229,12.45,23.4,2,0.48,0.81
2025-07-15T20:22:00.966,-0.14,-0.06,0.64,330.51,32.8931,39.9192,11.87,17.8,5,0.04,0.49
2025-07-15T20:22:01.991,0.82,-0.6,-0.4,148.36,32.8983,39.9003,12.15,26.4,1,0.13,0.47
2025-07-15T20:22:02.985,-0.99,-0.48,-0.75,185.95,32.889,39.9065,12.23,21.9,4,0.16,0.37
2025-07-15T20:22:04.002,-0.54,-0.89,-0.7,303.57,32.8699,39.9057,12.06,15.4,4,0.95,0.32
2025-07-15T20:22:05.021,0.92,-0.33,-0.65,176.28,32.8594,39.9187,11.78,15.4,1,0.44,0.07
2025-07-15T20:22:06.041,-0.92,0.56,-0.12,71.01,32.8955,39.9244,12.42,15,2,0.51,0.84
2025-07-15T20:22:07.055,0.39,0.64,0.08,178.29,32.8546,39.948,12.18,29,4,0.27,0.35
2025-07-15T20:22:08.069,0.87,0.88,0.34,355.12,32.8826,39.9434,12.16,29.3,1,0.66,0.61
2025-07-15T20:22:09.083,-0.72,-0.16,0.98,7.01,32.8993,39.9312,11.82,30,2,0.89,0.22
2025-07-15T20:22:10.099,-0.58,-0.44,0.61,256.88,32.8741,39.943,11.77,20.7,5,0.97,0.9
2025-07-15T20:22:11.116,-0.27,-0.69,-0.78,256.67,32.8955,39.9002,12.29,24.2,5,0.32,0.99
2025-07-15T20:22:12.128,-0.84,0.79,-0.92,29.54,32.8858,39.9095,12.74,29.2,4,0.7,0.28
2025-07-15T20:22:13.144,0.89,0.28,0.9,164.12,32.8775,39.9105,12.2,20.2,2,0.93,0.1
2025-07-15T20:22:14.158,0.25,0.64,-0.91,224.49,32.8982,39.9055,12.47,24.6,5,0.19,0.42
2025-07-15T20:22:15.171,-0.93,-0.46,-0.07,20.74,32.8544,39.9218,12.74,27.6,1,0.48,0.19
2025-07-15T20:22:16.185,0.18,0.78,-0.33,123.14,32.8554,39.9019,11.76,19.1,4,0.05,0.66
2025-07-15T20:22:17.200,0.1,-0.28,-0.54,350.51,32.8613,39.9007,12.65,30,4,0.57,0.98
2025-07-15T20:22:18.214,-0.98,0.01,-0.29,299.31,32.8983,39.9071,11.83,21.5,4,0.13,0.74
2025-07-15T20:22:19.231,-0.9,-0.02,-0.74,188.58,32.8936,39.9433,12.39,27.7,4,0.92,0.57
2025-07-15T20:22:20.246,-0.89,0.7,-0.36,261.91,32.8674,39.9206,11.91,19.9,4,0.62,0.67
2025-07-15T20:22:21.265,-0.87,-0.31,-0.1,35.74,32.8528,39.9325,11.53,21.3,2,0.85,0.92
2025-07-15T20:22:22.278,0.53,-0.86,-0.09,310.68,32.8736,39.9473,11.73,19.4,5,0.64,0.33
2025-07-15T20:22:23.296,0.49,-0.85,0.79,348.78,32.8975,39.9048,12.45,21.4,2,0.2,0.62
2025-07-15T20:22:24.311,0.21,0.83,0.38,161.43,32.8949,39.9401,11.6,22.3,5,0.49,0
2025-07-15T20:22:25.329,-0.48,-0.02,0.18,62.25,32.8791,39.9396,11.62,20.8,1,0.33,0.62
2025-07-15T20:22:26.341,0.09,0.97,0.99,293.91,32.8791,39.9018,12.34,29.9,4,0.53,0.57
2025-07-15T20:22:27.357,0.48,0.65,0.2,235.91,32.8599,39.9219,12.01,23.7,2,0.75,0.16
2025-07-15T20:22:28.370,0.93,-0.61,-0.16,278.04,32.8883,39.9124,11.67,25.2,2,0.87,0.18
2025-07-15T20:22:29.386,-0.76,-0.65,-0.46,169.6,32.8602,39.9224,12.63,20,4,0.59,0.92
2025-07-15T20:22:30.403,-0.38,-0.01,0.87,331.28,32.8553,39.9389,12.42,17.8,4,0.6,0.57
2025-07-15T20:22:31.420,-0.77,-0.32,0.47,191.88,32.8842,39.9074,11.97,24.1,2,0.67,0.99
2025-07-15T20:22:32.434,-0.76,0.56,-0.54,275.75,32.8503,39.9249,12.68,27.8,3,0.09,0.53
2025-07-15T20:22:33.447,-0.15,0.93,-0.47,164.54,32.8654,39.9414,12.37,16.8,5,0.86,0.33
2025-07-15T20:22:34.461,-0.75,-0.52,0.46,297.17,32.8991,39.9468,12.19,29.4,5,0.26,0.08
2025-07-15T20:22:35.471,-0.34,0.13,0.6,183.15,32.8615,39.929,12.58,27.9,3,0.48,0.4
2025-07-15T20:22:36.488,0.25,0.34,0.99,73.77,32.8752,39.9199,12.47,17.8,3,0.34,0.58
2025-07-15T20:22:37.506,-0.61,0.09,0.72,89.89,32.8915,39.9362,11.77,29.9,5,0.85,0.35
2025-07-15T20:22:38.519,-0.77,-0.75,0.34,146.5,32.8803,39.9429,12.67,16.8,4,0.07,0.96
2025-07-15T20:22:39.535,-0.94,-0.61,-0.37,218.6,32.8522,39.9033,12.39,16.1,3,0.58,0.28
2025-07-15T20:22:40.554,-0.42,-0.11,-0.43,310.03,32.887,39.9074,12.31,24.3,2,0.45,0.72
2025-07-15T20:22:41.570,-0.17,-0.39,0.99,148.33,32.8956,39.9346,12.04,20.2,1,0.89,0.22
2025-07-15T20:22:42.583,-0.99,-0.61,-0.59,125.18,32.8791,39.9098,11.63,16.5,4,0.58,0.19
2025-07-15T20:22:43.601,0.36,-0.57,0.35,45.95,32.8736,39.9111,11.76,27.8,3,0.87,0.7
2025-07-15T20:22:44.616,-0.8,0.67,-0.78,188.34,32.8972,39.9473,11.62,24.2,5,0.14,0.7
2025-07-15T20:22:45.633,0.11,0.9,0.21,236.13,32.8798,39.9058,12.09,24.5,3,0.39,0.95
2025-07-15T20:22:46.648,0.21,-0.53,-0.92,262.09,32.8624,39.9452,12.54,17,5,0.7,0.26
2025-07-15T20:22:47.664,0.36,-0.52,-0.26,81.96,32.8718,39.9324,11.58,15,5,0.32,0.91
2025-07-15T20:22:48.680,-0.46,0.37,0.31,263.96,32.8941,39.9345,12.03,25.6,4,0.22,0.1
2025-07-15T20:22:49.695,0.61,-0.63,0.24,65.86,32.876,39.9238,12.01,23.7,5,0.06,0.33
2025-07-15T20:22:50.712,-0.34,0.96,-0.81,185.42,32.8737,39.9053,11.99,19.6,2,0.16,0.64
2025-07-15T20:22:51.729,0.51,-0.7,-0.24,207.18,32.8607,39.914,12.11,23.8,1,0.05,0.31
2025-07-15T20:22:52.746,-0.46,0.3,-0.55,82.14,32.858,39.9103,12.21,22.3,1,0.36,0.95
2025-07-15T20:22:53.759,-0.56,-0.49,0.2,90.64,32.8743,39.9081,12.37,23.5,1,0.69,0.57
2025-07-15T20:22:54.773,0.91,-0.69,-0.29,358.94,32.8887,39.9249,11.73,18.4,1,0.33,0.44
2025-07-15T20:22:55.789,0.73,-0.53,0.41,239.74,32.8951,39.9038,12.67,22.2,5,0.99,0.09
2025-07-15T20:22:56.801,0.44,0.22,-0.05,213.86,32.8974,39.9091,12.23,27,5,0.25,0.39
2025-07-15T20:22:57.818,0.12,-0.65,-0.86,79.81,32.896,39.9073,11.9,18.3,3,0.09,0.94
2025-07-15T20:22:58.836,-0.23,0.86,0.31,250.3,32.8646,39.9445,12.55,25.8,2,0.87,0.64
2025-07-15T20:22:59.846,0.39,0.86,-0.3,331.42,32.8627,39.9268,11.99,18.1,1,0.05,0.13
2025-07-15T20:23:00.865,0.7,-0.21,-0.89,73.09,32.8873,39.9437,12.07,27.9,2,0.91,0.2
2025-07-15T20:23:01.881,-0.31,-0.7,0,10.71,32.8593,39.9182,12.7,26.3,4,0.45,0.21
2025-07-15T20:23:02.896,-0.46,-0.13,0.75,200.27,32.8948,39.9329,11.54,27.4,3,0.14,0.07
2025-07-15T20:23:03.913,-0.45,0.38,-0.02,50.11,32.8967,39.9376,12.05,21.2,4,0.76,0.81
2025-07-15T20:23:04.929,0.36,-0.56,-0.85,219.34,32.8621,39.9007,12.5,20.5,2,0.31,0.65
2025-07-15T20:23:05.945,-0.77,0.55,-0.45,33.95,32.8543,39.9492,12.14,15.3,3,0.98,0.93
2025-07-15T20:23:06.960,-0.95,-0.4,0.64,7.45,32.8878,39.9026,12.56,15.8,2,0.22,0.61
2025-07-15T20:23:07.973,0.61,-0.72,-0.17,227.15,32.8646,39.9413,12.28,28.3,5,0.05,0.33
2025-07-15T20:23:08.990,-0.4,-0.96,-0.5,225.02,32.8905,39.9252,12.41,28.7,2,0.17,0.59
2025-07-15T20:23:10.001,0.2,-0.72,-0.79,153.7,32.8622,39.9181,12.28,23.5,4,0.81,0.41
2025-07-15T20:23:11.018,0.14,0.69,0.46,329.9,32.8643,39.9424,11.89,22.8,1,0.86,0.8
2025-07-15T20:23:12.039,-0.99,0.56,-0.89,236.22,32.8698,39.9088,12.12,20.9,2,0.83,0.4
2025-07-15T20:23:13.053,0.84,0.16,0.99,237.8,32.8572,39.9274,12.6,29.4,2,0.54,0.03
2025-07-15T20:23:14.065,0.01,0.98,0.55,308.27,32.8528,39.9301,12.61,20.2,3,0.23,0.92
2025-07-15T20:23:15.079,-0.02,0.57,0.65,40.11,32.8545,39.9295,12.23,23.9,4,0.31,0.09
2025-07-15T20:23:16.099,-0.61,0.1,-0.01,66.34,32.8737,39.9493,12.31,15.2,1,0.22,0.73
2025-07-15T20:23:17.116,-0.91,-0.06,-0.71,268.54,32.869,39.9338,12.62,26.3,1,0.81,0.46
2025-07-15T20:23:18.128,0.43,0.14,-0.75,7.28,32.8593,39.9453,11.78,19.3,1,0.08,0.21
2025-07-15T20:23:19.148,0.83,0.25,0.2,148.39,32.8812,39.9343,12.7,26.4,1,0.25,0.72
2025-07-15T20:23:20.162,-0.9,-0.46,-0.19,287.94,32.8967,39.9429,12.19,15.3,4,0.39,0.1
2025-07-15T20:23:21.176,-0.81,-0.63,-0.19,158.96,32.8867,39.9154,11.83,21.8,3,0.6,0.86
2025-07-15T20:23:22.189,0.7,0.97,-0.29,210.98,32.8903,39.9132,11.77,23.1,2,0.35,0.61
2025-07-15T20:23:23.204,-0.08,0.57,0.69,124.54,32.8698,39.9072,12.72,27.3,2,0.2,0.94
2025-07-15T20:23:24.228,0.69,0.06,0.29,73.59,32.8771,39.926,12.77,25,1,0.84,0.18
2025-07-15T20:23:25.241,-0.34,-0.93,0.64,330.18,32.885,39.9366,12.19,29.6,3,0.99,0.53
2025-07-15T20:23:26.254,-0.72,0.96,0.13,129.85,32.8846,39.9057,12.55,28.6,5,0.59,0.07
2025-07-15T20:23:27.269,-0.02,-0.98,0.8,319.99,32.8775,39.9421,12.3,26.6,5,0.3,0.39
2025-07-15T20:23:28.287,-0.16,0.29,-0.83,314.19,32.8703,39.916,12.2,16.5,3,0.54,0.34
2025-07-15T20:23:29.300,0.34,-0.21,0.05,211.22,32.8697,39.9246,11.67,18.5,4,0.55,0.41
2025-07-15T20:23:30.317,-0.06,0.74,-0.09,128.41,32.8978,39.9268,12.57,26.2,4,0.71,0.84
2025-07-15T20:23:31.334,-0.84,0.44,-0.87,182.85,32.8883,39.92,11.84,26.7,1,0.21,0.59
2025-07-15T20:23:32.346,0.9,-0.81,0.91,293.31,32.8743,39.9035,12.6,19,2,0.64,0.05
2025-07-15T20:23:33.359,-0.36,0.1,0.12,298.82,32.8554,39.9422,12.28,21.1,1,0.51,0.89
2025-07-15T20:23:34.379,-0.5,-0.16,0.09,331.8,32.8757,39.928,12.25,21.8,3,0.01,0.78
2025-07-15T20:23:35.393,0.76,-0.37,-0.36,251.29,32.896,39.9159,11.97,29.9,5,0.34,0.07
2025-07-15T20:23:36.411,-0.37,-0.06,0.75,205.78,32.8721,39.9205,12.69,22.5,5,0.98,0.78
2025-07-15T20:23:37.421,0.32,-0.48,-0.84,216.33,32.8946,39.927,11.69,21.1,2,0.33,0.7
2025-07-15T20:23:38.434,0.88,0.86,0.57,166.05,32.8895,39.9025,12.45,21.8,2,0.71,0.14
2025-07-15T20:23:39.445,0.51,0.89,-0.61,295.97,32.8804,39.9048,12.14,24.6,2,0.08,0.78
2025-07-15T20:23:40.462,0.63,-0.2,-0.38,171.58,32.8743,39.9203,11.9,15.9,3,0.56,0.33
2025-07-15T20:23:41.473,-0.24,0.63,0.12,268.56,32.8852,39.9479,11.72,24.4,5,0.42,0.15
2025-07-15T20:23:42.490,0.7,-0.04,0.84,150.82,32.8741,39.9008,12.15,18.5,3,0.28,0.07
2025-07-15T20:23:43.507,0.46,0.14,-0.35,54.95,32.896,39.9343,11.71,15.8,4,0.55,0.49
2025-07-15T20:23:44.518,-0.92,0.72,-0.93,227.44,32.8892,39.9306,12.21,17.1,3,0.14,0.07
2025-07-15T20:23:45.537,-0.64,0.79,-0.78,288.38,32.8515,39.9111,12.33,25.9,4,0.47,0.87
2025-07-15T20:23:46.554,0.51,0.79,0.3,54.05,32.8927,39.926,11.8,26.6,3,0.93,0.59
2025-07-15T20:23:47.568,0.15,-0.61,0.59,174.09,32.8678,39.9376,12.68,21.8,2,0.41,0.54
2025-07-15T20:23:48.585,0.04,0.05,0.17,144.07,32.8556,39.9112,11.95,28.8,5,0.22,0.64
2025-07-15T20:23:49.600,0.18,0.43,0.55,49.18,32.8611,39.9477,11.65,17.1,1,0.4,0.28
2025-07-15T20:23:50.618,-0.02,0.69,-0.62,131.28,32.8651,39.9465,11.78,19,1,0.13,0.01
2025-07-15T20:23:51.631,0.23,-0.2,0.83,168.49,32.8708,39.9329,11.58,16.4,2,0.37,0.97
2025-07-15T20:23:52.648,0.87,0.26,0.9,233.62,32.8862,39.9056,11.59,18.2,1,0.89,0.82
2025-07-15T20:23:53.666,0.84,0.73,-0.2,19.1,32.8929,39.9192,12.72,21.3,3,0.56,0.03
2025-07-15T20:23:54.682,-0.22,-0.72,-0.56,292.21,32.8931,39.9422,12.13,27.9,1,0.35,0.5
2025-07-15T20:23:55.696,-0.64,0.74,0.84,355.57,32.8986,39.9154,11.52,21.1,4,0.44,0.62
2025-07-15T20:23:56.711,0.68,0.47,0.54,267.54,32.8948,39.9487,12.48,22.1,4,0.26,0.99
2025-07-15T20:23:57.721,0.71,-0.01,-0.69,99.17,32.8956,39.93,11.51,23.8,3,0.61,0.3
2025-07-15T20:23:58.744,-0.97,0.45,0.42,57.55,32.8992,39.9479,12.37,29.5,1,0.71,0.99
2025-07-15T20:23:59.755,-0.59,0.57,0.58,200.12,32.8846,39.9346,11.91,27.8,2,0.16,0.13
2025-07-15T20:24:00.771,-0.72,-0.91,-0.03,286.14,32.8609,39.9225,12.45,25.9,1,0.87,0.72
2025-07-15T20:24:01.788,-0.85,0.62,0.06,174.55,32.8588,39.9467,12.47,18.8,2,0.04,0.43
2025-07-15T20:24:02.801,-0.92,-0.66,-0.47,262.76,32.8807,39.9481,11.76,28.8,4,0.06,0.91
2025-07-15T20:24:03.820,-0.72,0.85,-0.01,252.29,32.8962,39.9259,12.32,19.2,3,0.44,0.53
2025-07-15T20:24:04.834,-0.11,0.22,-0.86,34.99,32.8991,39.9094,12.12,29.9,1,0.64,0.81
2025-07-15T20:24:05.850,-0.77,0.93,0.92,257.33,32.8583,39.9304,11.95,26.7,1,0.56,0.79
2025-07-15T20:24:06.862,0.74,0.11,-0.42,117.92,32.8971,39.9012,12.11,23.9,4,0.1,0.47
2025-07-15T20:24:07.875,-0.95,-0.76,-0.8,225.71,32.8989,39.9193,11.69,22.8,3,0.16,0.62
2025-07-15T20:24:08.894,-0.86,0.22,-0.14,99.49,32.8926,39.9259,12.42,24.3,2,0.59,0.5
2025-07-15T20:24:09.909,-0.53,0.97,0.97,70.08,32.884,39.9489,11.98,18,4,0.27,0.48
2025-07-15T20:24:10.920,0.67,-0.64,1,114.33,32.8747,39.9311,11.66,15.3,1,0.21,0.31
2025-07-15T20:24:11.938,-0.17,0.04,-0.17,238.17,32.8709,39.9277,11.85,20.1,2,0.29,0.79
2025-07-15T20:24:12.947,0.04,-0.31,-0.18,343.13,32.8915,39.9226,11.56,23.4,2,0.25,0
2025-07-15T20:24:13.967,0.07,0.79,0.83,154.77,32.8974,39.9099,12.51,29.9,3,0.55,0.26
2025-07-15T20:24:14.983,-0.74,0.4,0.22,13.67,32.8534,39.9273,12.13,25.3,3,0.83,0.48
2025-07-15T20:24:15.996,0.1,0.64,0.91,84.36,32.8841,39.9291,12,20.8,4,0.9,0.27
2025-07-15T20:24:17.021,0.41,-0.36,-0.61,80.79,32.8753,39.9247,11.99,23.5,1,0.6,0.49
2025-07-15T20:24:18.033,0.51,-0.1,0.41,320.4,32.8609,39.9422,12.49,15,4,0.69,0.22
2025-07-15T20:24:19.050,-0.31,0.97,0.12,151.37,32.8797,39.914,12.02,19.8,1,0.65,0.99
2025-07-15T20:24:20.069,-0.04,0.82,-0.23,306.82,32.8739,39.9188,12.4,16.1,2,0.08,0.35
2025-07-15T20:24:21.083,-0.12,-0.79,0.05,8.01,32.8854,39.9404,12.25,20.7,3,0.24,0.18
2025-07-15T20:24:22.093,-0.03,0.64,-0.87,301.1,32.8765,39.9338,11.8,27.5,2,0.66,0.21
2025-07-15T20:24:23.111,0.5,-0.03,-0.44,67.8,32.8958,39.9436,12.41,27,4,0.03,0.08
2025-07-15T20:24:24.123,0.69,0.27,-0.99,278.24,32.8821,39.9239,11.67,20.8,1,0.35,0.34
2025-07-15T20:24:25.144,0.39,-0.07,-0.36,329.59,32.8778,39.9008,12.41,26,5,0.78,0.64
2025-07-15T20:24:26.155,0.83,-0.52,0.46,54.42,32.8695,39.9023,12.13,18.1,4,0.47,0.51
2025-07-15T20:24:27.168,0.92,-1,-0.82,25.76,32.8785,39.93,12.03,24.3,5,0.48,0.55
2025-07-15T20:24:28.185,-0.43,0.14,0.01,63.21,32.8711,39.9194,12.21,15.7,3,0.99,0.92
2025-07-15T20:24:29.202,-0.73,-0.24,-0.75,17.79,32.8583,39.9274,12.06,28.4,1,0.4,0.34
2025-07-15T20:24:30.219,-0.69,-0.08,-0.7,186.11,32.8623,39.9318,12.07,24.3,5,0.23,0.36
2025-07-15T20:24:31.238,-0.41,-0.45,-0.22,142.44,32.8797,39.9401,12.58,26.4,5,0.13,0.98
2025-07-15T20:24:32.251,0.88,-0.03,-0.26,1.54,32.8925,39.9249,12.48,24.4,2,0,0.4
2025-07-15T20:24:33.266,-0.04,0.54,-0.16,206.04,32.8647,39.9176,12.09,25.8,5,0.08,0.7
2025-07-15T20:24:34.282,-0.76,-0.15,0.15,149.61,32.8531,39.9476,11.93,29.1,4,0.09,0.37
2025-07-15T20:24:35.302,-0.43,-0.37,0.73,182.47,32.8795,39.9299,12.28,25.9,1,0.47,0.73
2025-07-15T20:24:36.318,0.44,-0.35,0.63,321.06,32.8674,39.945,12.06,21,3,0.58,0.09
2025-07-15T20:24:37.334,0.77,-0.1,0.59,69.25,32.8994,39.9041,11.69,16.5,4,0.71,0.17
2025-07-15T20:24:38.348,0.98,0.03,0.17,53.54,32.8896,39.9378,11.97,29.1,4,0.96,0.53
2025-07-15T20:24:39.363,0.55,-0.69,-0.73,45.94,32.8681,39.9111,11.71,25.6,1,0.81,0.37
2025-07-15T20:24:40.378,-0.81,0.43,-0.17,358.53,32.8876,39.9178,12.42,23.7,3,0.54,0.82
2025-07-15T20:24:41.397,-0.69,0.98,-0.14,94.66,32.8813,39.9497,12.09,23.6,3,0.21,0.17
2025-07-15T20:24:42.416,-0.64,0.43,0.72,141.22,32.8717,39.9201,12.56,16.3,1,0.99,0.57
2025-07-15T20:24:43.433,0.34,0.01,-0.27,21.86,32.8955,39.9248,11.68,23.6,5,0.5,0
2025-07-15T20:24:44.449,-0.86,0.79,-0.69,164.09,32.8739,39.9395,12.11,29.7,5,0.98,0.77
2025-07-15T20:24:45.466,-0.3,0.4,0.31,95.58,32.8956,39.9418,12.01,28.5,4,0.39,0.33
2025-07-15T20:24:46.483,0.02,0.34,0.61,123.37,32.8983,39.9311,11.52,22.6,1,0.42,0.34
2025-07-15T20:24:47.496,0.81,0.48,0.15,251.21,32.8603,39.9392,11.61,20.3,5,0.89,0.81
2025-07-15T20:24:48.514,-0.9,-0.07,-0.55,159.73,32.8604,39.9349,12.37,16.4,1,0.49,0.26
2025-07-15T20:24:49.531,0.1,-0.23,0.21,10.15,32.856,39.9397,12.29,29,4,0.2,0.56
2025-07-15T20:24:50.542,-0.79,-0.88,0.95,14.25,32.8623,39.9152,12.76,26.5,1,0.88,0.79
2025-07-15T20:24:51.558,0.48,-0.23,0.28,137.83,32.8651,39.9047,12.14,26.5,3,0.05,0.11
2025-07-15T20:24:52.578,0.16,-0.93,-0.27,333.8,32.8535,39.9468,12.6,26.1,5,0.89,0.72
2025-07-15T20:24:53.597,0.06,0.73,0.27,192.74,32.895,39.9181,12.57,18.2,5,0.94,0.22
2025-07-15T20:24:54.613,-0.04,0.34,0.72,122.97,32.8729,39.9231,12.45,17.7,3,0.82,0.7
2025-07-15T20:24:55.627,-0.7,0.32,0.18,337.57,32.8871,39.9005,11.52,26.3,3,0.57,0.21
2025-07-15T20:24:56.641,0.88,-0.72,0.67,142.91,32.8924,39.9072,11.82,26.3,5,0.17,0.78
2025-07-15T20:24:57.654,0.24,0.51,-0.69,206.43,32.8726,39.9348,12.28,23.8,1,0.25,0.66
2025-07-15T20:24:58.671,0.42,0.94,0.99,176.64,32.8845,39.9326,11.5,19.7,2,0.2,0.34
2025-07-15T20:24:59.684,0.99,-0.74,-0.68,266.34,32.8642,39.9256,11.86,28.3,1,0.27,0.78
2025-07-15T20:25:00.696,0.64,0.74,-0.38,325.05,32.8721,39.9323,12.52,19.7,2,0.3,0.79
2025-07-15T20:25:01.718,0.43,0.65,0.07,147.51,32.8816,39.936,12.15,24.8,1,0.23,0.79
2025-07-15T20:25:02.733,-0.93,-0.11,0.69,152.95,32.8824,39.939,11.6,18.3,3,0.63,0.43
2025-07-15T20:25:03.753,0.1,0.56,-0.1,178.32,32.8507,39.9212,11.65,20.7,3,0.85,0.01
2025-07-15T20:25:04.769,-0.74,-0.69,0.88,110.79,32.8659,39.9423,12.28,22.5,3,0.53,0.98
2025-07-15T20:25:05.780,-0.79,0.28,-0.81,320.55,32.8656,39.9347,12.18,20.5,4,0.23,0.56
2025-07-15T20:25:06.794,-0.59,-0.14,0.84,235.58,32.8933,39.9168,12.74,23.4,1,0.02,0.38
2025-07-15T20:25:07.810,0.65,0.62,0.95,310.05,32.8917,39.9129,12.66,25.3,4,0.83,0.64
2025-07-15T20:25:08.827,0.48,0.97,-0.63,93.37,32.8962,39.9425,11.78,20.4,3,0.38,0.38
2025-07-15T20:25:09.842,-0.04,-0.19,-0.41,200.68,32.8724,39.9123,12.13,25.8,5,0.13,0.61
2025-07-15T20:25:10.861,-0.64,-0.44,0.74,116.97,32.8901,39.9071,11.58,15.8,1,0.09,0.71
2025-07-15T20:25:11.876,-0.58,-0.46,-0.14,90.81,32.8586,39.9447,11.84,28.4,5,0.68,0.81
2025-07-15T20:25:12.886,0,-0.98,-0.4,208.64,32.8503,39.9128,12.13,29.6,1,0.51,0.32
2025-07-15T20:25:13.902,0.97,0.73,-0.94,50.39,32.8882,39.9128,11.84,28,3,0.46,0.27
2025-07-15T20:25:14.921,-0.44,-0.8,0.83,323.92,32.8523,39.9237,12.01,29.7,3,0.07,0.33
2025-07-15T20:25:15.932,-0.85,0.23,0.74,17.86,32.8715,39.9195,12,17.2,4,0.81,0.05
2025-07-15T20:25:16.945,-0.05,-0.51,0.63,293.01,32.8959,39.9283,12.55,26.8,2,0.17,0.26
2025-07-15T20:25:17.961,-0.45,-0.85,0.35,142.56,32.878,39.9174,12.5,28.9,1,0.58,0.89
2025-07-15T20:25:18.980,0.79,0.48,-0.71,229.34,32.8501,39.9424,12.42,15.3,4,0.26,0.66
2025-07-15T20:25:19.995,0.62,0.36,0.86,346.74,32.8905,39.9344,12.21,22.4,5,0.54,0.79
2025-07-15T20:25:21.008,-0.83,0.69,-0.62,186.1,32.8538,39.9099,12.74,23.2,4,0.01,0.56
2025-07-15T20:25:22.028,0.44,-0.64,-0.28,212.78,32.8562,39.9402,11.74,17.5,5,0.32,0.43
2025-07-15T20:25:23.037,-0.44,-0.98,0.99,128.49,32.8908,39.9403,11.95,19.4,3,0.22,0.21
2025-07-15T20:25:24.057,-0.49,-0.05,0.85,244.42,32.8722,39.9026,11.52,27.1,3,0.47,0.85
2025-07-15T20:25:25.077,-0.76,-0.66,-0.18,298.56,32.8829,39.923,11.75,25.1,5,0.11,0.2
2025-07-15T20:25:26.093,0.31,0.74,0.42,207.51,32.8538,39.9277,12.49,25.5,2,0.73,0.84
2025-07-15T20:25:27.105,-0.71,-0.55,-0.22,135.89,32.8937,39.94,12.35,16.4,5,0.72,0.65
2025-07-15T20:25:28.119,-0.58,0.94,-0.42,358.47,32.8891,39.9449,12.06,26.1,4,0.31,0.32
2025-07-15T20:25:29.141,0.93,0.98,-0.3,351.79,32.8606,39.9299,12.22,17.3,3,0.93,0.91
2025-07-15T20:25:30.156,-0.21,0.66,-0.72,295.89,32.8901,39.9273,12.34,18,1,0.3,0.95
2025-07-15T20:25:31.174,-0.52,-0.36,0.2,178.85,32.8698,39.9078,12.55,15.3,3,0.39,0.86
2025-07-15T20:25:32.184,-0.76,-0.88,0.74,87.19,32.8888,39.9365,12.05,21.1,2,0.04,0.13
2025-07-15T20:25:33.199,-0.09,-0.15,0.82,256.9,32.8944,39.9314,11.75,21.6,5,0.21,0.48
2025-07-15T20:25:34.216,0.69,-0.03,-0.64,233.97,32.878,39.9318,11.99,16.5,5,0.77,0.64
2025-07-15T20:25:35.233,0.29,-0.62,0.24,2.28,32.8725,39.9442,12.74,23,3,0.68,0.7
2025-07-15T20:25:36.247,-0.14,-0.63,-0.89,85.32,32.8802,39.9442,12.13,23.7,4,0.35,0.78
2025-07-15T20:25:37.259,-0.05,0.76,0.83,258.73,32.8558,39.9338,12.01,16.2,2,0.33,0.66
2025-07-15T20:25:38.271,-0.22,0.16,-0.05,305.11,32.8558,39.9026,11.98,23.2,1,0.08,0.35
2025-07-15T20:25:39.289,0.04,-0.22,0.89,268.39,32.8975,39.9081,12.14,25.3,4,0.67,0
2025-07-15T20:25:40.307,0.05,-0.19,-0.99,88.99,32.8848,39.9395,12.07,15.7,4,0.87,0.39
2025-07-15T20:25:41.315,0.62,-0.76,0.88,215.8,32.8673,39.9437,11.56,17.2,4,0.22,0.65
2025-07-15T20:25:42.329,-0.04,-0.53,0.53,47.67,32.8786,39.9467,12.64,28.8,3,0.48,0.11
2025-07-15T20:25:43.351,-0.86,0.68,0.82,308.51,32.8538,39.9405,12.46,29.9,3,0.87,0.14
2025-07-15T20:25:44.365,-0.43,0.52,0.2,23.58,32.8769,39.935,11.94,23,1,0.46,0.92
2025-07-15T20:25:45.375,0.98,0.71,0.92,116.77,32.8739,39.9318,12.4,16,4,0.52,0.43
2025-07-15T20:25:46.396,0.06,0.49,-0.74,232.13,32.8586,39.9229,12.8,18.9,4,0.31,0.02
2025-07-15T20:25:47.415,0.1,0.72,-0.33,73.54,32.8704,39.9075,12.35,19.4,4,0.96,0.34
2025-07-15T20:25:48.427,-0.82,-0.37,-0.9,166.2,32.8828,39.9032,12.35,29.9,1,0.15,0.4
2025-07-15T20:25:49.444,-0.85,0,0.28,247.76,32.8995,39.9387,12.62,23.4,4,0.28,0.04
2025-07-15T20:25:50.457,0.74,0.27,-0.31,3.21,32.8623,39.9256,12.31,18.4,5,0.07,0.13
2025-07-15T20:25:51.473,0.42,-0.92,-0.98,4.82,32.8733,39.9407,12.4,24.9,2,0.57,0.07
2025-07-15T20:25:52.491,0.97,-0.23,0.51,18.54,32.8559,39.9436,12.41,15.1,2,0.88,0.59
2025-07-15T20:25:53.509,-0.01,1,-0.73,142.59,32.8897,39.9431,11.69,15,1,0.78,0.45
2025-07-15T20:25:54.529,-0.35,-0.87,-0.03,249.02,32.8761,39.925,11.6,27.6,2,0.27,0.86
2025-07-15T20:25:55.544,0.34,-0.61,0.67,336.52,32.8969,39.9205,12.07,27.9,4,0.45,0.43
2025-07-15T20:25:56.557,-0.45,-0.42,-0.03,212.39,32.8706,39.915,11.87,18.6,2,0.78,0.14
2025-07-15T20:25:57.570,-0.09,-0.06,0.49,121.39,32.8655,39.9468,11.76,26.9,3,0.57,0.69
2025-07-15T20:25:58.590,0.03,0.76,-0.31,119.63,32.8716,39.9219,12.74,27.2,4,0.18,0.42
2025-07-15T20:25:59.608,0.1,0.69,0.98,221.5,32.8786,39.9217,12.38,23.2,2,0.01,0.53
2025-07-15T20:26:00.627,0.89,-0.56,-0.94,113.33,32.8864,39.9046,11.75,18.1,3,0.16,0.69
2025-07-15T20:26:01.643,0.76,-0.53,-0.54,63.26,32.893,39.9074,12.13,20,2,0.91,0.07
2025-07-15T20:26:02.657,-0.71,-0.42,-0.9,99.93,32.8552,39.9253,11.99,15.5,1,0.87,0.39
2025-07-15T20:26:03.668,-0.6,-0.76,0.56,263.66,32.8531,39.9082,11.9,26.3,2,0.97,0.56
2025-07-15T20:26:04.681,0.66,-0.38,0.64,76.08,32.8756,39.9125,12.14,19.2,2,0.92,0.62
2025-07-15T20:26:05.698,0.1,0.1,0.28,4.56,32.8938,39.9036,12.67,16.9,4,0.56,0.13
2025-07-15T20:26:06.716,0.98,0.87,-0.55,275.9,32.8924,39.9496,11.6,25.1,4,0.9,0.29
2025-07-15T20:26:07.726,0.22,-0.75,0.44,156.66,32.8502,39.9362,12.01,17.9,4,0.99,0.88
2025-07-15T20:26:08.750,-0.4,-0.74,0.35,299.29,32.8759,39.9011,11.6,18.1,2,0.9,0.87
2025-07-15T20:26:09.759,-0.25,0.61,-0.3,90.38,32.8732,39.9436,12.01,25.3,1,0.62,0.66
2025-07-15T20:26:10.773,-0.15,0.75,-0.81,84.66,32.894,39.949,11.87,18.9,3,0.68,0.32
2025-07-15T20:26:11.790,0.35,-0.97,0.57,342.93,32.8624,39.95,11.6,29.9,3,0.23,0.29
2025-07-15T20:26:12.807,-0.66,-0.71,-0.09,184.22,32.8607,39.9294,12.52,27,4,0.62,0.78
2025-07-15T20:26:13.815,0.89,0.48,0.45,98.02,32.8869,39.9062,11.73,28.5,3,0.09,0.7
2025-07-15T20:26:14.834,-0.92,-0.37,-0.8,225.19,32.8719,39.9425,12.18,22.6,4,0.67,0.27
2025-07-15T20:26:15.849,-0.91,0.61,-0.37,97.52,32.8537,39.9394,12.43,15.6,3,0.15,0.16
2025-07-15T20:26:16.864,-0.36,-0.49,-0.31,184.69,32.8756,39.9378,11.98,21,4,0.83,0.91
2025-07-15T20:26:17.876,-0.94,-0.92,-0.76,85.58,32.8727,39.9184,12.62,26.1,2,0.8,0.11
2025-07-15T20:26:18.900,0.31,-0.52,0.42,303.44,32.8616,39.9072,11.96,23.4,4,0.9,0.05
2025-07-15T20:26:19.914,-0.43,0.69,0.25,317.53,32.8919,39.9112,12.47,24.7,3,0.34,0.75
2025-07-15T20:26:20.928,-0.73,0.78,0.86,226.91,32.8985,39.9007,12.13,18.5,1,0.23,0.97
2025-07-15T20:26:21.945,0.24,-0.95,-0.97,298.32,32.873,39.9104,11.9,21,4,0.33,0.25
2025-07-15T20:26:22.953,-0.62,-0.81,-0.48,55.91,32.8876,39.9099,12.3,26.5,5,0.07,0.17
2025-07-15T20:26:23.969,0.32,0.01,-0.11,300.2,32.8508,39.9062,12.16,16.5,3,0.19,0.56
2025-07-15T20:26:24.988,0.01,-0.9,0.41,107.07,32.8604,39.9184,12.53,27.7,5,0,0.12
2025-07-15T20:26:25.996,-0.28,0.25,-0.3,19.21,32.8696,39.948,11.65,18.6,1,0.76,0.95
2025-07-15T20:26:27.009,0.8,-0.92,0.52,12.57,32.8948,39.9289,12.4,26.4,4,0.71,0.43
2025-07-15T20:26:28.025,-0.58,0.35,0.76,225.87,32.8985,39.9013,12.44,23.2,3,0.87,0.24
2025-07-15T20:26:29.042,-0.28,0.25,0.81,280.17,32.8788,39.9134,12.61,28.7,5,0.79,0.08
2025-07-15T20:26:30.057,-0.5,0.54,-0.25,356.51,32.8579,39.9409,12.52,17.3,2,0.27,0.3
2025-07-15T20:26:31.071,0.89,0.55,-0.49,188.82,32.8713,39.9193,12.67,21.7,4,0.15,0.94
2025-07-15T20:26:32.086,-0.89,0.89,-0.05,228.8,32.8654,39.9295,11.71,22.3,1,0.52,0.93
2025-07-15T20:26:33.107,0.38,-0.24,0,137.3,32.8829,39.926,12.31,26.4,5,0.03,0.01
2025-07-15T20:26:34.116,-0.09,-0.96,-0.75,66.1,32.8572,39.9199,12.72,22.3,4,0.96,0.87
2025-07-15T20:26:35.148,-0.62,0.08,-0.04,201.78,32.8889,39.935,11.63,25.6,4,0.53,0.78
2025-07-15T20:26:36.162,0.16,0.19,0.05,273.38,32.8652,39.9272,12.63,25.5,1,0.46,0.12
2025-07-15T20:26:37.169,0.32,0.36,0.7,167.92,32.8733,39.9352,12.49,15.4,1,0.14,0.75
2025-07-15T20:26:38.189,-0.58,-0.6,-0.13,285.33,32.8789,39.9438,12.79,24.9,4,0.74,0.77
2025-07-15T20:26:39.203,-0.26,-0.44,0.42,209.74,32.8956,39.9494,11.52,15.4,3,0.24,0.89
2025-07-15T20:26:40.219,-0.11,0.55,-0.34,189.82,32.8879,39.9418,12.4,23.2,4,0.33,0.93
2025-07-15T20:26:41.237,-0.65,0.63,-0.34,215.67,32.8585,39.9236,12.34,27.6,1,0.56,0.08
2025-07-15T20:26:42.253,0.63,-0.89,0.43,136.67,32.878,39.9193,11.91,28.5,5,0.58,0.58
2025-07-15T20:26:43.269,-0.94,0.82,-0.71,109.98,32.8666,39.9073,12.76,15.9,4,0.5,0.87
2025-07-15T20:26:44.287,-0.43,-0.42,-0.12,289.04,32.8525,39.9254,12.72,25.2,1,0.15,0.23
2025-07-15T20:26:45.293,0.61,0.09,0.49,310.38,32.8531,39.9348,12.02,26.6,5,0.09,0.2
2025-07-15T20:26:46.308,-0.48,-0.22,-0.64,83.26,32.8919,39.9171,11.53,18.4,4,0.4,0.99
2025-07-15T20:26:47.327,-0.74,-0.41,-0.65,217.24,32.869,39.9209,12.17,27.1,3,0.42,0.99
2025-07-15T20:26:48.347,0.13,-0.97,-0.01,55.86,32.8851,39.9074,12,28.6,1,0.97,0.98
2025-07-15T20:26:49.355,0.74,0.27,-0.75,238.85,32.8956,39.9003,12.3,22.2,3,0.29,0.4
2025-07-15T20:26:50.369,-0.36,-0.78,0.32,323.53,32.8722,39.9424,12.25,28.8,5,0.32,0.54
2025-07-15T20:26:51.391,-0.53,0.13,0.87,244.44,32.8769,39.9447,12.12,22.6,3,0.76,0.17
2025-07-15T20:26:52.402,-0.77,0.41,-0.61,199.12,32.8793,39.9057,12.71,23.1,4,0.66,0.27
2025-07-15T20:26:53.411,0.22,0.38,-0.47,332.05,32.8736,39.9216,11.88,17.6,2,0.77,0.94
2025-07-15T20:26:54.432,-0.54,-0.75,0.03,207.66,32.8935,39.944,12.4,20.5,3,0.49,0.99
2025-07-15T20:26:55.449,-0.14,-0.89,-0.62,349.81,32.8982,39.9137,12.28,16.5,3,0.79,0.53
2025-07-15T20:26:56.460,-0.08,-0.58,0.87,30.11,32.8892,39.9249,12.21,16,2,0.16,0.88
2025-07-15T20:26:57.480,-0.39,-0.91,0.15,355.27,32.8944,39.9021,11.73,29.4,1,0.18,0.8
2025-07-15T20:26:58.497,0.3,-0.48,0.47,12.6,32.8954,39.9046,12.26,22.2,3,0.6,0.37
2025-07-15T20:26:59.513,-0.61,-0.34,0.44,67.79,32.8742,39.9492,12.18,27.2,4,0.04,0.32
2025-07-15T20:27:00.527,0.2,0.46,-0.62,312.57,32.8717,39.9261,11.83,24.5,1,0.45,0.49
2025-07-15T20:27:01.541,0.11,-0.51,-0.29,347.42,32.8707,39.9287,12.58,22.3,2,0.63,0.19
2025-07-15T20:27:02.556,-0.41,0.5,-0.3,38.2,32.8879,39.9273,12.17,23.7,3,0.43,0.42
2025-07-15T20:27:03.561,-0.49,-0.69,-0.44,255.85,32.8646,39.9198,11.63,18.8,5,0.53,0.09
2025-07-15T20:27:04.585,0.69,0.23,0.46,247.02,32.8784,39.9426,11.64,19.7,1,0.93,0.36
2025-07-15T20:27:05.592,-0.85,0.32,-0.45,164.83,32.8805,39.919,12.72,25.3,1,0.26,0.5
2025-07-15T20:27:06.612,0.61,-0.95,0.6,78.23,32.8575,39.9095,12.44,21.3,2,0.26,0.98
2025-07-15T20:27:07.629,0.5,-0.85,-0.51,318.55,32.8563,39.9342,12.44,17.3,4,0.88,0.84
2025-07-15T20:27:08.646,-0.68,-0.52,0.21,3.14,32.8904,39.9444,11.51,16.2,3,0.3,0.09
2025-07-15T20:27:09.666,0.36,0.1,-0.8,147.19,32.8977,39.9104,12.46,27,3,0.29,0.04
2025-07-15T20:27:10.681,-0.96,0.54,0.77,264.53,32.8939,39.9152,11.56,23.3,4,0.78,0.07
2025-07-15T20:27:11.694,0.98,0.56,-0.4,358.1,32.8526,39.9197,11.56,26.2,4,0.3,0.26
2025-07-15T20:27:12.706,0.42,0.14,-0.62,294.37,32.8599,39.9337,12.13,28,1,0.3,0.63
2025-07-15T20:27:13.721,0.12,0.16,0.33,254.35,32.8646,39.9004,11.77,22.1,4,0.8,0.68
2025-07-15T20:27:14.745,0.33,-0.1,-0.35,350.65,32.857,39.9182,11.67,22.2,4,0.7,0.47
2025-07-15T20:27:15.759,-0.51,0.28,-0.17,12.61,32.8604,39.9411,12.18,19.7,1,0.32,0.76
2025-07-15T20:27:16.775,0.53,-0.6,0.1,167.15,32.8834,39.9317,11.64,27,4,0.42,0.11
2025-07-15T20:27:17.782,-1,-0.89,-0.6,39.49,32.8605,39.9397,11.65,28.6,3,0.36,0.26
2025-07-15T20:27:18.801,-0.26,0.64,0.4,142.03,32.8604,39.9356,11.71,20.6,5,0.93,0.54
2025-07-15T20:27:19.815,-0.46,0.72,0.29,73.69,32.8598,39.9444,12.02,23.2,3,0.88,0.26
2025-07-15T20:27:20.834,-0.05,-0.52,-0.36,92.56,32.8621,39.9387,11.84,27.2,1,0.66,0.37
2025-07-15T20:27:21.841,-0.28,-0.04,-0.22,32.43,32.885,39.9007,12.37,28.6,1,0.3,0.17
2025-07-15T20:27:22.860,0.42,-0.92,0.05,191.12,32.8623,39.9308,12.54,18.5,4,0.18,0.11
2025-07-15T20:27:23.881,0.59,0.63,0.48,230.13,32.8838,39.9059,12.28,19.7,1,0.3,0.73
2025-07-15T20:27:24.896,-0.02,0.33,0.62,251.8,32.8857,39.9137,12.06,23.4,4,0.34,0.64
2025-07-15T20:27:25.909,0.97,-0.13,0.68,231.19,32.8698,39.9388,12.76,18,3,0.59,0.46
2025-07-15T20:27:26.926,0.57,0.63,-0.07,274.34,32.8932,39.9365,12.23,27.9,5,0.51,0.14
2025-07-15T20:27:27.941,-0.95,0.25,-0.04,351.87,32.8963,39.9158,11.98,16.9,3,0.64,0.68
2025-07-15T20:27:28.953,0.54,0.06,0.31,0.59,32.8602,39.9431,12.42,20.2,4,0.63,0.21
2025-07-15T20:27:29.967,0.15,-0.66,0.54,276.37,32.8509,39.9315,11.57,25.9,2,0.63,0.07
2025-07-15T20:27:30.989,0.64,-0.88,0.3,35.21,32.8989,39.9119,11.51,28.2,2,0.3,0.41
2025-07-15T20:27:32.003,-0.05,-0.66,0.49,42.43,32.8851,39.9027,12.15,25.9,1,0.35,0.75
2025-07-15T20:27:33.019,0.38,0.44,-0.47,245.79,32.8745,39.9352,11.6,22.4,3,0.31,0.73
2025-07-15T20:27:34.024,0.76,-0.56,-0.14,250.26,32.8557,39.9303,12.72,24,1,0.13,0.18
2025-07-15T20:27:35.048,-0.79,-0.12,-0.46,149.21,32.8638,39.9022,12.75,24.7,1,0.69,0.13
2025-07-15T20:27:36.056,0.02,0.38,0.63,303.64,32.8898,39.9185,12.39,29.2,4,0.88,0.95
2025-07-15T20:27:37.077,0.79,-0.76,-0.86,37.36,32.863,39.9086,12.2,26.5,3,0.31,0.13
2025-07-15T20:27:38.084,0.46,0.88,0.86,285.32,32.8989,39.937,12.49,24,2,0.8,0.24
2025-07-15T20:27:39.098,0.3,-0.86,0.54,104.6,32.8558,39.9076,11.62,29.2,2,0.9,0.96
2025-07-15T20:27:40.118,0.05,0.01,0.72,78.77,32.8893,39.94,12.67,24.5,2,0.6,0.09
2025-07-15T20:27:41.136,0.79,0.06,0.71,241.38,32.8818,39.9033,12.38,19.4,2,0.84,0.44
2025-07-15T20:27:42.146,0.64,0.57,0.73,80.41,32.8543,39.9169,11.94,24.7,1,0.69,0.81
2025-07-15T20:27:43.157,-0.76,-0.06,0.91,125.11,32.8641,39.9065,11.96,20.9,3,0.66,0.77
2025-07-15T20:27:44.164,-0.51,0.72,0.76,284.89,32.865,39.9095,12.05,24.2,1,0.62,0.23
2025-07-15T20:27:45.175,0.66,-0.05,-0.52,25.6,32.8676,39.9262,12.48,15.8,2,0.02,0.56
2025-07-15T20:27:46.178,0.85,0.32,0.16,167.78,32.8969,39.937,12.74,19.2,2,0.47,0.28
2025-07-15T20:27:47.189,0.7,-0.9,-0.82,182.77,32.8715,39.944,12.75,16.4,3,0.45,0.02
2025-07-15T20:27:48.204,-0.46,0.39,-0.72,283.28,32.8919,39.9176,12.16,24.1,3,0.7,0.69
2025-07-15T20:27:49.203,0.25,0.82,-0.14,116.7,32.8704,39.9364,12.25,26.9,2,0.58,0.07
2025-07-15T20:27:50.218,0.12,-0.07,-0.35,108.59,32.8586,39.9242,11.64,24.2,2,0.24,0.25
2025-07-15T20:27:51.227,0.4,-0.69,-0.32,134.08,32.8571,39.931,11.54,24.4,2,0.25,0.57
2025-07-15T20:27:52.235,-0.48,0.38,0.85,155.54,32.8739,39.9198,12.78,19.4,3,0.17,0.04
2025-07-15T20:27:53.242,-0.72,0.2,-0.73,31.6,32.8876,39.9075,11.75,17.4,3,0.92,0.03
2025-07-15T20:27:54.240,-0.68,0.67,-0.55,143.41,32.8666,39.9186,12.41,18.2,2,0.08,0.78
2025-07-15T20:27:55.259,-0.99,0.65,0.52,82.96,32.8763,39.9047,12.53,29.4,4,0.44,0.13
2025-07-15T20:27:56.266,0.33,0.94,0.12,231.84,32.8876,39.9362,12.4,20.7,5,0.7,0.25
2025-07-15T20:27:57.266,-0.4,0.69,0.81,142.82,32.8566,39.9072,12.42,24.2,1,0.36,0.52
2025-07-15T20:27:58.278,0.37,0.39,0.02,119.26,32.8991,39.9445,12.61,17.7,1,0.34,0.36
2025-07-15T20:27:59.287,-0.45,0.77,-0.81,176.1,32.8515,39.9279,12.08,20.7,3,0.88,0.63
2025-07-15T20:28:00.302,-0.27,-0.05,-0.34,19.63,32.8943,39.9323,12.29,24.9,3,0.09,0.67
2025-07-15T20:28:01.309,-0.15,-0.2,-0.99,129.14,32.8788,39.9129,12.5,24,3,0.4,0.03
2025-07-15T20:28:02.315,-0.57,-0.84,-0.58,297.57,32.8596,39.9468,12.31,29.2,2,0.04,0.71
2025-07-15T20:28:03.328,-0.91,-0.04,0.19,43.07,32.8754,39.9223,12.69,18.5,1,0.07,0.9
2025-07-15T20:28:04.337,0,0.96,-0.26,261.47,32.8641,39.9067,12.14,18.4,1,0.41,0.55
2025-07-15T20:28:05.342,0.05,0.48,-0.74,141.61,32.8543,39.9094,12.08,24.6,3,0.93,0.83
2025-07-15T20:28:06.357,0.87,0.43,-0.55,241.75,32.872,39.9369,11.89,24.6,3,0.74,0.83
2025-07-15T20:28:07.363,0.02,0.61,-0.76,189.86,32.891,39.9367,11.85,22.8,2,0.06,0.3
2025-07-15T20:28:08.374,0.05,-0.44,-0.04,289.71,32.8607,39.9203,12.06,19.2,1,0.06,0.86
2025-07-15T20:28:09.379,-0.4,0.12,0.75,273.09,32.8933,39.9131,12.48,21.8,5,0.38,0.4
2025-07-15T20:28:10.388,-0.28,-0.61,-0.95,166.4,32.8929,39.9259,12.52,22.4,2,0.83,0.52
2025-07-15T20:28:11.393,-0.19,0.31,-0.55,319,32.8523,39.949,11.72,23.9,5,0.61,0.15
2025-07-15T20:28:12.403,0.87,0.31,-0.29,262.39,32.897,39.9272,12.47,24.4,5,0.64,0.63
2025-07-15T20:28:13.408,0.83,0.36,0.17,169.42,32.875,39.9494,12.08,18.7,3,0.5,0.94
2025-07-15T20:28:14.410,-0.93,-0.62,0.21,90.14,32.8791,39.9075,11.69,28.8,4,0.83,0.05
2025-07-15T20:28:15.430,0.72,-0.42,0.62,179.94,32.8629,39.9352,12.12,28.8,3,0.9,0.56
2025-07-15T20:28:16.437,0.79,-0.97,-0.9,42.82,32.8658,39.9089,11.83,21.3,1,0.06,0.05
2025-07-15T20:28:17.439,0.04,0.66,-0.02,314.14,32.8918,39.9211,11.87,24.7,3,0.42,0.41
2025-07-15T20:28:18.460,-0.8,-0.34,0.8,88.48,32.8833,39.9441,12.47,19.8,3,0.18,0.17
2025-07-15T20:28:19.470,-0.86,-0.52,0.34,143.07,32.8863,39.9058,11.72,23.2,1,0.43,0.25
2025-07-15T20:28:20.484,0.09,-0.94,0.28,306.65,32.8651,39.9251,11.68,29.8,5,0.52,0.95
2025-07-15T20:28:21.505,0.65,0.26,0.52,70.42,32.8563,39.9088,12.59,21.6,3,0.38,0.71
2025-07-15T20:28:22.513,-0.37,0.09,-0.16,347.26,32.8861,39.9234,11.76,16,5,0.02,0.27
2025-07-15T20:28:23.539,-0.27,-0.38,-0.57,101.45,32.8524,39.9282,12.07,18.7,3,0.63,0.66
2025-07-15T20:28:24.552,0.38,-0.35,-0.81,113.88,32.8874,39.9472,12.4,23.6,2,0.58,0.18
2025-07-15T20:28:25.559,0.41,-0.8,-0.27,255.59,32.8793,39.9421,12.54,15.9,2,0.53,0.61
2025-07-15T20:28:26.577,-0.17,0.2,-0.48,129.38,32.8648,39.9216,12.56,19.8,5,0.93,0.84
2025-07-15T20:28:27.582,-0.03,0.02,-0.8,358.56,32.8898,39.9304,12.74,20.5,5,0.01,0.53
2025-07-15T20:28:28.596,0.82,0.45,0.83,293.39,32.856,39.9374,12.2,27,3,0.13,0.52
2025-07-15T20:28:29.602,-0.88,0.54,0.19,253.91,32.8606,39.926,12.7,28.5,5,0.13,0.55
2025-07-15T20:28:30.609,-0.12,-0.79,0.25,78.93,32.8669,39.9441,12.37,26.6,2,0.85,0.7
2025-07-15T20:28:31.622,0.39,-0.11,0.48,75.68,32.8588,39.9163,12.19,28.7,1,0.83,0.84
2025-07-15T20:28:32.630,0.77,0.16,0.66,128.99,32.8807,39.9359,11.7,17.3,2,0.07,0.23
2025-07-15T20:28:33.637,0.5,-0.67,0.71,4.35,32.8714,39.9326,12.6,21,5,0.67,0.95
2025-07-15T20:28:34.648,0.97,0.47,0.43,266.82,32.8769,39.9217,12.45,17.2,5,0.54,0.14
2025-07-15T20:28:35.660,0.31,-0.94,0.21,54.5,32.8985,39.9096,11.9,24.1,4,0.46,0.65
2025-07-15T20:28:36.663,0.1,0.34,-0.01,255.07,32.8956,39.9424,11.58,18.5,4,0.43,0.25
2025-07-15T20:28:37.670,0.78,-0.43,0.25,23.52,32.8562,39.9065,11.97,17.5,5,0.56,0.21
2025-07-15T20:28:38.680,0.32,0.33,0.98,135.78,32.853,39.9438,12,26.2,3,0.07,0.28
2025-07-15T20:28:39.686,0.45,-0.2,0.83,345.44,32.8511,39.9316,12.12,24.6,5,0.41,0.31
2025-07-15T20:28:40.694,-0.86,0.6,0.31,150.29,32.8606,39.9051,12.44,17.1,1,0.6,0.17
2025-07-15T20:28:41.704,-0.51,0.99,0.99,61.68,32.8986,39.9277,12.2,28,5,0.49,1
2025-07-15T20:28:42.710,0.89,0.91,0.25,69.51,32.8648,39.9355,11.59,29.2,3,0.69,0.1
2025-07-15T20:28:43.718,-0.8,0.32,-0.13,134.61,32.8602,39.9262,12.28,15.2,2,0.82,0.03
2025-07-15T20:28:44.726,-0.49,0.04,0.03,215.77,32.8679,39.9264,11.73,21.9,2,0.11,0.74
2025-07-15T20:28:45.735,-0.74,0.74,-0.74,150.88,32.8509,39.9162,12.68,22.4,3,0.43,0.08
2025-07-15T20:28:46.743,-0.8,0.94,1,272.92,32.8788,39.9028,11.92,22,1,0.02,0.42
2025-07-15T20:28:47.750,-0.33,-0.03,0.57,124.02,32.8863,39.9271,12.2,16,2,0.11,0.25
2025-07-15T20:28:48.759,0.1,-0.89,-0.13,31.8,32.8552,39.9153,11.85,16.2,3,0.41,0.67
2025-07-15T20:28:49.767,-0.39,-0.84,0.52,29.19,32.8682,39.9006,12.07,21.3,2,0.29,0.96
2025-07-15T20:28:50.776,0.17,-0.92,-0.93,153.58,32.8847,39.9338,12.48,24.4,2,0.38,0.02
2025-07-15T20:28:51.783,0.24,-0.32,0.17,307.66,32.8884,39.9492,11.67,15.8,4,0.07,0.27
2025-07-15T20:28:52.792,-0.27,-0.53,0.91,182.49,32.8584,39.9262,11.85,20.3,4,1,0.2
2025-07-15T20:28:53.821,-0.73,0.08,0.13,348.84,32.8512,39.9291,12.57,26.5,5,0.29,0.1
2025-07-15T20:28:54.826,0.47,0.16,0.7,187.24,32.8909,39.9329,12.02,20.8,2,0.16,0.56
2025-07-15T20:28:55.832,0.38,-0.49,-0.54,303.3,32.8893,39.9326,11.95,22.5,1,0.32,0.16
2025-07-15T20:28:56.845,-0.37,0.23,0.23,108.53,32.8501,39.9202,11.72,18.8,5,0.69,0.52
2025-07-15T20:28:57.853,0.02,0.09,0.21,309.54,32.8794,39.9358,12.28,22.8,3,0.33,0.32
2025-07-15T20:28:58.858,0.78,-0.8,0.35,299.29,32.8918,39.9301,12.48,16,2,0.2,0.52
2025-07-15T20:28:59.866,0.83,0.39,0.48,220.46,32.8694,39.9007,11.8,19.4,4,0.1,0.62
2025-07-15T20:29:00.876,-0.65,-0.33,0.85,135.39,32.8972,39.939,11.89,27.6,1,0.48,0.06
2025-07-15T20:29:01.886,0,0.43,-0.83,152.89,32.8794,39.914,11.56,29.8,1,0.11,0.06
2025-07-15T20:29:02.893,-0.43,0.16,-1,333.97,32.8949,39.9045,12.45,16.6,1,0.88,0.95
2025-07-15T20:29:03.896,0.66,-0.54,-0.96,49.22,32.8788,39.9267,12.46,18,3,0.99,0.02
2025-07-15T20:29:04.902,-0.65,0.33,-0.33,343.56,32.8858,39.9171,12.29,27,2,0.63,0.39
2025-07-15T20:29:05.910,-0.87,0.86,0.22,324.36,32.879,39.9241,12.42,18.1,5,0.96,0.95
2025-07-15T20:29:06.928,-0.79,0.35,0.82,220.19,32.8633,39.9029,12.15,18.4,3,0.12,0.97
2025-07-15T20:29:07.936,-0.13,-0.45,-0.82,26.53,32.8641,39.916,12.06,26.5,5,0.65,0.7
2025-07-15T20:29:08.941,-0.86,0.58,0.96,42.4,32.8838,39.9239,12.71,27.9,5,0.5,0.45
2025-07-15T20:29:09.951,0.05,-0.92,-0.79,127.72,32.8503,39.9463,12.69,16.3,3,0.9,0.16
2025-07-15T20:29:10.958,0.32,0.29,0.87,326.17,32.8896,39.9192,12.21,23.1,1,0.01,0.19
2025-07-15T20:29:11.975,-0.42,-0.49,-0.34,313.59,32.8907,39.9337,11.92,20.1,5,0.89,0.55
2025-07-15T20:29:12.985,-0.94,0.78,-0.36,2.3,32.8821,39.9006,11.92,24.1,4,0.71,0.66
2025-07-15T20:29:14.012,-0.76,0.35,0.09,25.59,32.8569,39.9129,11.71,19,1,0.69,0.16
2025-07-15T20:29:15.019,0.54,-0.8,-0.36,173.7,32.8761,39.9364,12.79,29.4,4,0.13,0.11
2025-07-15T20:29:16.027,-0.03,-0.69,-0.63,342.61,32.861,39.9357,12,29.1,4,0.88,0.55
2025-07-15T20:29:17.033,-0.18,0.3,-0.19,93.73,32.8857,39.9055,11.63,19.2,4,0.28,0.49
2025-07-15T20:29:18.042,0.07,0.34,-0.62,165.33,32.8539,39.9155,12.56,28.8,3,0.95,0.89
2025-07-15T20:29:19.051,0.31,-0.28,0.89,130.65,32.8937,39.9263,11.97,16.3,1,0.05,0.59
2025-07-15T20:29:20.058,0.65,0.3,-0.05,168.06,32.8686,39.9246,12.25,17.3,5,0.38,0.98
2025-07-15T20:29:21.070,0.07,0.07,0.45,147.32,32.8823,39.9476,11.64,20.2,3,0.64,0.61
2025-07-15T20:29:22.084,0.34,0.26,0.95,139.52,32.8605,39.9267,11.72,29.7,5,0.19,0.27
2025-07-15T20:29:23.093,-0.31,0.35,0.63,106.47,32.8741,39.9059,11.88,17,3,0.33,0.84
2025-07-15T20:29:24.100,-0.06,-0.85,-0.31,117.42,32.8967,39.9393,12.75,17.5,4,0.68,0.19
2025-07-15T20:29:25.114,-0.44,0.58,-0.18,45.44,32.8859,39.9461,12.44,22.9,3,0.13,0.73
2025-07-15T20:29:26.119,-0.48,0.16,-0.24,338.95,32.8501,39.9152,12.37,21.4,5,0.94,0.96
2025-07-15T20:29:27.128,-0.58,-0.23,0.61,141.02,32.8885,39.903,12.75,19.4,1,0.33,0.97
2025-07-15T20:29:28.138,0.53,0.42,-0.19,76.96,32.8521,39.9015,11.87,18.3,2,0.21,0.55
2025-07-15T20:29:29.148,0.92,0.1,-0.73,186.55,32.8765,39.9127,12.51,23.6,1,0.19,0.51
2025-07-15T20:29:30.157,-0.57,-0.38,-0.85,273.03,32.8505,39.9117,12.34,22.2,2,0.28,0.53
2025-07-15T20:29:31.167,-0.86,-0.76,0.24,55.52,32.8846,39.924,11.58,16.8,3,0.98,0.73
2025-07-15T20:29:32.177,-0.52,0.13,0.25,95.73,32.8513,39.9056,11.85,22.5,1,0.12,0.17
2025-07-15T20:29:33.186,-0.84,-0.17,0.2,185.27,32.8741,39.9147,11.92,23,1,0.31,0.92
2025-07-15T20:29:34.192,-0.32,-0.52,-0.73,226.06,32.8733,39.9233,11.81,22.2,1,0.28,0.41
2025-07-15T20:29:35.202,0.88,0.91,-0.6,263.01,32.8665,39.9391,12.07,16.5,4,0.22,0.7
2025-07-15T20:29:36.211,-0.9,0.94,0.33,266.94,32.8744,39.9135,11.79,22,3,0.78,0.26
2025-07-15T20:29:37.220,0.84,0.93,-0.09,228.55,32.8977,39.9124,11.96,26.1,5,0.25,0.22
2025-07-15T20:29:38.226,-0.49,-0.97,-0.56,136.25,32.8509,39.948,12.71,23.4,4,0.02,0.06
2025-07-15T20:29:39.235,-0.96,0.23,-0.52,147.62,32.8863,39.9042,11.87,23.8,3,0.76,0.02
2025-07-15T20:29:40.244,0.89,-0.04,0.33,92.82,32.8636,39.9265,11.78,30,4,0.9,0.97
2025-07-15T20:29:41.254,-0.85,-0.07,0.94,238.84,32.8543,39.915,12.69,19.5,2,0.94,0.02
2025-07-15T20:29:42.272,0.2,0.59,0.11,189.5,32.8585,39.949,12.44,20.6,2,1,0.02
2025-07-15T20:29:43.287,0.06,-0.55,-1,194.3,32.8588,39.9481,12.21,20.4,5,0.08,0.42
2025-07-15T20:29:44.301,0,0.26,-0.54,267.49,32.8939,39.9477,12.72,16.7,3,0.98,0.03
2025-07-15T20:29:45.319,0.28,-0.67,-0.21,323.29,32.8607,39.9378,12.36,25.6,1,0.27,0.83
2025-07-15T20:29:46.328,-0.88,-0.69,-0.94,145.62,32.8634,39.9139,12.04,19.3,2,0.98,0.66
2025-07-15T20:29:47.338,0.65,-0.7,0.57,248.77,32.8758,39.9339,12.35,24.6,3,0.91,0.33
2025-07-15T20:29:48.351,-0.34,-0.43,-0.17,133.45,32.8516,39.919,11.98,19.3,1,0.35,0.64
2025-07-15T20:29:49.366,-0.51,0.18,0.51,176.19,32.8837,39.942,12.78,18.7,3,0.49,0.53
2025-07-15T20:29:50.376,-0.46,-0.38,-0.4,182.29,32.8755,39.9276,11.67,27.3,4,0.07,0.09
2025-07-15T20:29:51.397,-0.38,0.02,-0.66,211.41,32.898,39.9123,12.11,26.1,1,0.58,0.05
2025-07-15T20:29:52.415,0.41,-0.76,-0.13,6.26,32.8563,39.9272,12,17,4,0.82,0.3
2025-07-15T20:29:53.465,0.96,0.1,-0.57,48.49,32.8993,39.9015,11.97,24.5,2,0.69,0.03
2025-07-15T20:29:54.483,-0.42,-0.54,0.78,227.55,32.8653,39.9468,11.89,16.5,1,0.17,0.92
2025-07-15T20:29:55.487,0.75,-0.16,-0.39,160.49,32.8773,39.9039,11.83,17.3,4,0.12,0.47
2025-07-15T20:29:56.515,0.8,0.85,-0.41,24.34,32.8552,39.9172,12.64,25.4,3,0.39,0.99
2025-07-15T20:29:57.512,0.74,-0.83,-0.03,119.06,32.8984,39.9135,12.78,20.1,5,0.99,0.06
2025-07-15T20:29:58.536,-0.97,0.06,0.93,111.54,32.8677,39.9266,12.58,21.2,1,0.31,0.56
2025-07-15T20:29:59.551,0.76,0.24,-0.58,22.65,32.8691,39.9451,11.94,23.7,1,0.85,0.31
2025-07-15T20:30:00.551,0.95,-0.48,0.03,207.36,32.8551,39.9127,12.3,22.2,3,0.87,0.88
2025-07-15T20:30:01.576,0.91,-0.05,-0.88,115.75,32.8712,39.9014,12.12,18.8,4,0.43,0.61
2025-07-15T20:30:02.587,0.05,-0.15,-0.65,31.16,32.8996,39.9286,12.01,19.4,3,0.58,0.44
2025-07-15T20:30:03.636,-0.4,0.89,0.28,51.4,32.8689,39.9497,12.68,17,2,0.92,0.99
2025-07-15T20:30:04.644,0.13,-0.4,0.94,305.52,32.8856,39.9343,11.66,17.9,3,0.17,0.79
2025-07-15T20:30:05.669,-0.64,0.77,0.51,247.49,32.8622,39.9432,12.78,26.7,3,0.31,0.66
2025-07-15T20:30:06.685,-0.54,-0.24,0.86,3.97,32.8778,39.9261,12.16,17.5,2,0.87,0.57
2025-07-15T20:30:07.699,-0.7,0.94,0.16,13.08,32.8723,39.9455,12.64,20.1,1,0.53,0.85
2025-07-15T20:30:08.706,0.19,0,-0.51,286.89,32.876,39.9233,12.16,22.6,3,0.31,0.21
2025-07-15T20:30:09.701,0.91,0.49,0.66,94.28,32.8814,39.9414,11.52,16.9,2,0.93,0.61
2025-07-15T20:30:10.726,-0.3,-0.95,0.95,264.58,32.8714,39.9344,12.54,22.5,3,0.05,0.45
2025-07-15T20:30:11.733,-0.4,0.35,-0.26,138.51,32.8824,39.9177,12.33,22.4,5,0.68,0.55
2025-07-15T20:30:12.747,-0.29,0.49,0.77,137.56,32.8743,39.931,12.27,18.1,4,0.11,0.41
2025-07-15T20:30:13.761,-0.44,-0.21,0.63,300.2,32.8682,39.9096,12.54,24.5,4,0.04,0.96
2025-07-15T20:30:14.777,-0.6,-0.73,-0.53,56.21,32.8579,39.9161,11.75,22.5,4,0.93,0.43
2025-07-15T20:30:15.789,0.23,-0.39,0.17,317.74,32.8538,39.9061,12.38,19.9,1,0.94,0.26
2025-07-15T20:30:16.811,0.09,0.27,-0.08,350.34,32.8606,39.9225,12.77,25.3,4,0.58,0.78
2025-07-15T20:30:17.827,0.63,-0.5,0.3,319.22,32.8552,39.9374,12.61,27.7,5,0.16,0.09
2025-07-15T20:30:18.842,0.51,0.44,0.72,36.3,32.8538,39.9474,11.65,15.8,3,0.54,0.4
2025-07-15T20:30:19.847,0.58,0.03,-0.34,120.14,32.8706,39.9171,11.81,25.8,2,0.45,0.13
2025-07-15T20:30:20.869,0.69,0.94,-0.56,96.47,32.8865,39.9444,11.83,20.1,2,0.78,0.88
2025-07-15T20:30:21.881,0.27,0.66,0.38,310.18,32.8592,39.9489,11.91,22.4,3,0.64,0.55
2025-07-15T20:30:22.902,-0.26,-0.77,0.06,97.65,32.8653,39.9327,12.13,16.4,4,0.09,0.53
2025-07-15T20:30:23.907,-0.97,0.22,-0.74,146.51,32.8843,39.9019,11.87,26.2,2,0.51,0.61
2025-07-15T20:30:24.927,0.89,-0.37,-0.41,63.6,32.8655,39.9484,12.34,21.8,2,0.94,0.42
2025-07-15T20:30:25.944,-0.93,-0.06,0.32,268.86,32.8912,39.9291,12.71,16.1,4,0.06,0.74
2025-07-15T20:30:26.954,0.3,-0.2,0.99,262.19,32.8807,39.9478,11.71,25.6,3,0.58,0.04
2025-07-15T20:30:27.975,0.87,-0.77,0,296.57,32.8624,39.9194,12.67,20.8,5,0.39,0.5
2025-07-15T20:30:28.990,-0.71,0.7,-0.82,331.5,32.8905,39.9239,12.18,19.5,3,0.1,0.82
2025-07-15T20:30:30.005,-0.69,-0.3,-0.61,319.09,32.8796,39.9299,12.25,23.9,2,0.31,0.18
2025-07-15T20:30:31.021,-0.66,0.61,-0.5,187.58,32.8816,39.9366,12.25,26.9,3,0.1,0.81
2025-07-15T20:30:32.027,-0.29,0.97,-0.34,2.44,32.8848,39.9424,12.74,16.1,4,0.33,0.27
2025-07-15T20:30:33.049,-0.57,-0.29,-0.95,193.49,32.8635,39.9112,11.9,22.1,5,0.77,0.7
2025-07-15T20:30:34.055,0.28,-0.18,-0.1,48.44,32.8973,39.9238,11.8,28.8,2,0.08,0.48
2025-07-15T20:30:35.080,0.48,0.55,0.96,288.48,32.8955,39.9075,11.93,23.2,1,0.55,0.31
2025-07-15T20:30:36.097,-0.02,0.82,0.39,111.56,32.8522,39.9038,12.4,29.9,1,0.64,0.96
2025-07-15T20:30:37.105,-0.89,-0.37,0.12,92.55,32.8718,39.9387,12.65,24.6,5,0.35,0.12
2025-07-15T20:30:38.119,-0.87,-0.72,-0.63,132.44,32.881,39.9057,11.87,18.4,1,0.56,0.55
2025-07-15T20:30:39.126,-0.92,-0.74,-0.25,151.77,32.896,39.9455,12.44,29.8,4,0.8,0.58
2025-07-15T20:30:40.148,-0.8,-0.79,0.86,274.26,32.861,39.9174,11.85,22.9,3,0.17,0.62
2025-07-15T20:30:41.163,-0.84,-0.17,-0.63,208.88,32.8732,39.9249,12.36,20.9,5,0.3,0.79
2025-07-15T20:30:42.168,0.86,0.44,0.61,189.27,32.8524,39.9471,12.14,20.9,1,0.41,0.77
2025-07-15T20:30:43.180,0.47,0.86,-0.96,152.92,32.885,39.9433,12.27,27,3,0.09,0.48
2025-07-15T20:30:44.206,0.51,-0.49,0.95,213,32.8557,39.9234,12.47,18.4,4,0.72,0.95
2025-07-15T20:30:45.218,-0.81,0.79,-0.42,61.58,32.8912,39.9367,12.45,23.2,1,0.07,0.54
2025-07-15T20:30:46.227,-0.64,0.33,-0.69,88.7,32.8888,39.95,11.79,24.7,5,0.56,0.5
2025-07-15T20:30:47.238,0.59,-0.61,0.31,74.95,32.8603,39.9275,12.38,25.4,1,0.94,0.51
2025-07-15T20:30:48.260,-0.87,-0.45,0.19,207.94,32.8895,39.945,11.69,19.5,2,0.01,0.76
2025-07-15T20:30:49.261,-0.6,0.08,-0.95,301.24,32.8749,39.922,11.78,21.5,1,0.07,0.44
2025-07-15T20:30:50.285,-0.38,0.3,-0.99,191.42,32.884,39.9025,11.66,23.6,4,0.34,0.17
2025-07-15T20:30:51.296,-0.33,0.61,0.79,100.11,32.8805,39.9347,12.75,17.1,3,0.39,0.96
2025-07-15T20:30:52.326,-0.43,0.93,0.68,42.95,32.8768,39.9202,12.18,25.6,4,0.3,0.6
2025-07-15T20:30:53.324,0.37,-0.96,-0.59,247.15,32.8644,39.9239,11.96,16.7,1,0.42,0.96
2025-07-15T20:30:54.352,0.94,-0.09,-0.89,183.01,32.8766,39.9228,12.07,23.8,4,0.65,0.21
2025-07-15T20:30:55.359,-0.48,-0.47,0.12,80.88,32.8787,39.9089,12.8,28.5,2,0.6,0.18
2025-07-15T20:30:56.367,0.7,0.07,0.69,60.88,32.8919,39.9061,12.46,29.6,3,0.56,0.14
2025-07-15T20:30:57.386,-0.66,0.43,0.77,299.09,32.8757,39.9063,12.7,17.9,3,0.36,0.49
2025-07-15T20:30:58.412,0.57,-0.9,0.4,200.39,32.8966,39.941,12.19,17.2,1,0.7,0.33
2025-07-15T20:30:59.426,0.16,-0.11,0.45,87.7,32.8779,39.9425,12.48,19.9,4,0.11,0.73
2025-07-15T20:31:00.434,-0.38,-0.47,-0.07,231.68,32.8816,39.9199,11.91,21.5,3,0.83,0.31
2025-07-15T20:31:01.444,0.68,-0.6,-0.29,202.69,32.8824,39.9121,11.56,21.5,1,0.66,0.29
2025-07-15T20:31:02.460,-0.15,0.58,0.56,340.11,32.8833,39.9389,11.8,16.2,2,0.47,0.64
2025-07-15T20:31:03.476,0.38,-0.18,0.33,143.73,32.8672,39.9049,12.28,24.3,3,0.09,0.03
2025-07-15T20:31:04.490,-0.27,0.08,0.76,108.82,32.8643,39.95,12.53,16.7,2,0.6,0.86
2025-07-15T20:31:05.511,0.84,0.49,0.79,250.46,32.8669,39.9146,12.24,18.2,5,0.78,0.56
2025-07-15T20:31:06.530,0.53,0.41,0.08,324.65,32.8667,39.92,12.01,20.2,3,0.59,0.67
2025-07-15T20:31:07.537,-0.99,-0.43,0.27,170.28,32.8874,39.918,12.41,15.1,3,0.22,0.48
2025-07-15T20:31:08.542,0.4,0.71,-0.19,61.03,32.8862,39.9297,12.46,24.1,3,0.82,0.23
2025-07-15T20:31:09.557,0.63,-0.45,-0.96,85.55,32.8819,39.9166,12.15,26.4,3,0.58,0.24
2025-07-15T20:31:10.577,-0.05,-0.67,0.94,135.86,32.8931,39.9022,12.13,27.6,4,0.54,0.01
2025-07-15T20:31:11.588,0.52,-0.6,0.23,288.5,32.8948,39.9274,12.7,16.2,5,0.87,0.24
2025-07-15T20:31:12.596,-0.24,-0.24,-0.26,76.92,32.8807,39.9111,12.76,28.3,3,0.15,0.29
2025-07-15T20:31:13.623,-0.4,0.18,0.61,135.24,32.8842,39.9275,12.39,16.9,4,0.39,0.08
2025-07-15T20:31:14.637,0.01,0.93,0.72,339.07,32.8838,39.9243,11.78,17.7,1,0.33,0.78
2025-07-15T20:31:15.650,0.52,-0.51,-0.19,332.28,32.852,39.9239,11.51,17.4,1,0.05,0.3
2025-07-15T20:31:16.664,0.2,-0.15,-0.97,308.16,32.8927,39.9387,11.98,19.3,5,0.11,0.83
2025-07-15T20:31:17.681,-0.52,0.1,0.8,16.6,32.8678,39.9261,12.38,20.5,1,0.88,0.27
2025-07-15T20:31:18.687,-0.57,0.44,-0.13,271.54,32.8666,39.942,12.1,28.3,1,0.1,0.25
2025-07-15T20:31:19.699,-0.15,-0.34,0.18,183.65,32.8725,39.9488,12.49,16.5,1,0.62,0.36
2025-07-15T20:31:20.726,0.02,-0.47,-0.36,22.7,32.8886,39.9042,11.82,23.9,2,0.06,0.17
2025-07-15T20:31:21.741,-0.73,-0.16,0.44,186.65,32.8889,39.9482,12,20.5,5,0.65,0.7
2025-07-15T20:31:22.754,-0.18,0.8,0.09,88.17,32.8677,39.9153,12.72,19.6,2,0.56,0.16
2025-07-15T20:31:23.775,-0.79,0,0.72,113.71,32.8935,39.9081,12.4,16.6,4,0.18,0.98
2025-07-15T20:31:24.797,0.33,0.42,0.34,317.75,32.889,39.9443,12.75,23.7,2,0.68,0.02
2025-07-15T20:31:25.798,-0.41,-0.14,-0.78,221.25,32.8913,39.9355,11.89,23.2,3,0.11,0.12
2025-07-15T20:31:26.819,0.83,-0.46,-0.65,172.85,32.8953,39.9245,12.14,25.7,1,0.7,0.49
2025-07-15T20:31:27.823,0.74,-0.29,-0.51,253.5,32.8535,39.9302,12.76,22.3,1,0.59,0.54
2025-07-15T20:31:28.847,0.66,0.7,-0.08,224.4,32.8962,39.904,12.1,28.6,5,0.1,0.18
2025-07-15T20:31:29.858,0.05,0.25,-1,271.06,32.8795,39.901,11.54,25.9,5,0.61,0.76
2025-07-15T20:31:30.866,0.15,0.9,-0.75,351.43,32.8972,39.9382,12.74,27.6,3,0.96,0.82
2025-07-15T20:31:31.890,0.39,-0.7,-0.99,279.04,32.8588,39.9305,11.69,20.6,1,0.16,0.74
2025-07-15T20:31:32.897,-0.56,0.15,0.5,258.71,32.8696,39.905,12.53,25.1,3,0.09,0.18
2025-07-15T20:31:33.909,0.53,0.18,-0.95,251.85,32.8604,39.9373,11.74,29.7,2,0.61,0.71
2025-07-15T20:31:34.932,-0.22,-0.44,0.64,312.55,32.8665,39.9241,12.5,20.3,4,0.89,0.71
2025-07-15T20:31:35.955,0.14,0.21,-0.06,256.77,32.8817,39.9011,12.41,21.4,2,0.64,0.28
2025-07-15T20:31:36.958,-0.62,0.39,0.35,140.58,32.888,39.9495,12.21,28.7,1,0.92,0.69
2025-07-15T20:31:37.980,0.05,0.27,-0.43,135.09,32.8892,39.9081,11.83,19,1,0.65,0.32
2025-07-15T20:31:38.988,0.52,0.13,0.43,228.31,32.8661,39.9022,11.97,21.3,5,0.04,0.61
2025-07-15T20:31:40.009,0.69,0.41,-0.49,139.51,32.8976,39.9018,11.78,24.9,4,0.43,0.35
2025-07-15T20:31:41.022,0.61,-0.62,0.34,228.69,32.8597,39.9445,11.92,28.9,4,0,0.72
2025-07-15T20:31:42.041,-0.29,-0.69,-0.74,191.18,32.8776,39.9196,11.57,22.4,4,0.18,0.47
2025-07-15T20:31:43.047,-0.52,-0.35,-0.45,31.55,32.893,39.9467,12.77,26,5,0.1,0.97
2025-07-15T20:31:44.067,0.72,0.8,-0.93,292.39,32.8766,39.9064,11.96,27.4,5,0.84,0.11
2025-07-15T20:31:45.082,-0.57,0.95,0,88.1,32.8831,39.9138,12.46,26.6,1,0.84,0.84
2025-07-15T20:31:46.092,-0.53,-0.79,-0.84,314.28,32.8711,39.9205,12.41,25.3,1,0.51,0.85
2025-07-15T20:31:47.110,1,-0.51,0.55,279.7,32.8657,39.904,11.65,15.7,3,0.32,0.02
2025-07-15T20:31:48.120,-0.34,0.12,0.77,141.19,32.8954,39.9039,12.63,20.4,1,0.43,0.02
2025-07-15T20:31:49.132,0.72,0.35,-0.21,248.63,32.8872,39.9422,12.07,21.7,3,0.84,0.27
2025-07-15T20:31:50.157,0.66,0.51,0.89,82.31,32.8537,39.9231,12,30,2,0,0.48
2025-07-15T20:31:51.160,0.3,-0.15,-0.02,219.02,32.894,39.9074,12.19,18.7,5,0.14,0.85
2025-07-15T20:31:52.173,-0.22,-0.54,0.31,22.18,32.8809,39.908,11.78,29.6,1,0.89,0.64
2025-07-15T20:31:53.195,0.42,0.53,0.47,109.63,32.8561,39.9397,12.3,18,2,0.31,0.4
2025-07-15T20:31:54.212,-0.2,0.94,0.7,260.99,32.8585,39.9292,12.49,18.4,5,0.41,0.79
2025-07-15T20:31:55.228,-0.7,-0.14,-0.87,41.94,32.8822,39.9143,12.75,24.7,1,0.64,0.04
2025-07-15T20:31:56.235,-0.72,-0.96,-0.18,2.44,32.877,39.937,12.29,26.6,4,0.17,0.94
2025-07-15T20:31:57.245,0.84,-0.59,-1,287.61,32.8562,39.9473,12.57,20.4,5,0.62,0.43
2025-07-15T20:31:58.266,-0.6,0.35,0.83,129,32.8907,39.9156,12.44,19.8,3,0.8,0.84
2025-07-15T20:31:59.281,0.93,0.09,-0.59,265.53,32.8587,39.9066,12.35,29.1,5,0.57,0.03
2025-07-15T20:32:00.296,0.2,0.65,-0.96,306.83,32.8971,39.9079,11.8,15.5,5,1,0.44
2025-07-15T20:32:01.310,-0.63,0.73,-0.88,107.29,32.8515,39.9406,12.5,17.2,2,0.3,0.99
2025-07-15T20:32:02.326,0.01,-0.47,0.55,159.48,32.8998,39.9454,12.14,18.1,2,0.35,0.69
2025-07-15T20:32:03.339,-0.3,-0.2,0.95,275.32,32.8793,39.9365,11.58,27,4,0.4,0.34
2025-07-15T20:32:04.346,0.71,0.93,-0.69,153.33,32.8572,39.9128,12.8,26,5,0.55,0.06
2025-07-15T20:32:05.360,0.18,-0.02,-0.01,236.38,32.8652,39.9033,11.89,20.1,4,0.06,0.44
2025-07-15T20:32:06.368,0.39,0.91,-0.98,9.11,32.8661,39.9076,11.98,20,2,0.58,0.85
2025-07-15T20:32:07.393,0.52,-0.61,0.54,117.71,32.8843,39.9349,12.09,27.8,4,0.66,0.93
2025-07-15T20:32:08.404,0.09,0.51,-0.03,288.37,32.8849,39.9291,12.79,17.4,5,0.17,0.49
2025-07-15T20:32:09.425,-0.23,-0.56,0.61,88,32.8577,39.9448,12,19.6,2,0.63,0.94
2025-07-15T20:32:10.435,0.15,0.36,-0.79,330.45,32.8635,39.9216,11.62,20.8,4,0.75,0.96
2025-07-15T20:32:11.444,0.82,0.09,0.64,25.95,32.8845,39.9063,12.39,15.3,1,0.9,0.84
2025-07-15T20:32:12.456,0.81,0.89,-0.37,15.49,32.8687,39.9148,11.54,16.7,4,0.38,0.71
2025-07-15T20:32:13.472,-0.56,0.49,0.46,59.32,32.861,39.9083,11.92,16.9,2,0.84,0.25
2025-07-15T20:32:14.487,-0.7,-0.9,0.16,318.12,32.8522,39.9082,12.75,29.4,4,0.95,0.32
2025-07-15T20:32:15.486,-0.14,0.59,0.51,294.05,32.8791,39.901,11.69,19.1,3,0.35,0.93
2025-07-15T20:32:16.511,0.36,-0.56,-0.21,188.11,32.853,39.9294,12.42,18.7,5,0.88,0.69
2025-07-15T20:32:17.528,-0.77,0.94,0.84,40.46,32.8506,39.9109,12.7,15.9,1,1,0.79
2025-07-15T20:32:18.539,-0.62,-0.1,0.43,289.43,32.8822,39.9383,12.19,22.4,1,0.9,0.75
2025-07-15T20:32:19.553,0.96,0.69,0.52,237.6,32.8654,39.9248,11.75,27.2,2,0.78,0.08
2025-07-15T20:32:20.567,0.46,0.56,0.77,132.02,32.8562,39.9449,12.18,20.5,5,0.1,0.74
2025-07-15T20:32:21.582,-0.72,0.6,1,132.96,32.8958,39.9261,12.75,19.3,4,0.82,0.31
2025-07-15T20:32:22.589,-0.83,-0.99,-0.66,353.98,32.8996,39.9358,11.54,24.8,3,0.17,0.67
2025-07-15T20:32:23.599,0.37,0.38,0.1,156,32.8546,39.9262,11.77,28.8,3,0.45,0.56
2025-07-15T20:32:24.628,-0.14,0.68,-0.48,66.41,32.863,39.9467,12.79,16.7,1,0.84,0.6
2025-07-15T20:32:25.638,-0.45,-0.1,-0.66,340.64,32.8766,39.932,11.51,16.7,4,0.1,0.36
2025-07-15T20:32:26.651,0.17,0.12,-0.83,7.11,32.8877,39.921,12.44,29.2,5,0.21,0.55
2025-07-15T20:32:27.660,-0.99,-0.39,-0.05,168.76,32.8946,39.9105,11.52,16.3,3,0.02,0.21
2025-07-15T20:32:28.680,0.03,-0.97,-0.5,279.8,32.868,39.9337,12.09,15.1,2,0.73,0.84
2025-07-15T20:32:29.686,-0.75,-0.59,-0.56,247,32.8777,39.9055,12.41,18.4,5,0.19,0.99
2025-07-15T20:32:30.708,-0.59,0.33,-0.07,304.53,32.862,39.9158,12.61,21.8,2,0.95,0.87
2025-07-15T20:32:31.722,-0.52,0.59,-0.14,337.92,32.8679,39.9148,11.56,24.6,2,0.41,0.45
2025-07-15T20:32:32.737,-0.88,0.44,0.69,229.47,32.8616,39.9493,11.76,20.1,4,0.56,0.6
2025-07-15T20:32:33.748,-0.1,0.16,-0.99,217.48,32.8841,39.9226,12.63,19.9,2,0.94,0.97
2025-07-15T20:32:34.765,-0.59,0.4,0.88,56.31,32.896,39.9285,11.9,20.9,4,0.24,0.87
2025-07-15T20:32:35.772,0.74,0.97,-0.66,52.71,32.8714,39.9144,11.57,19.4,1,0.83,0.92
2025-07-15T20:32:36.781,0.59,-0.55,-0.31,151.98,32.8712,39.9117,12.1,17.3,3,0.35,0.81
2025-07-15T20:32:37.807,0.91,-0.63,-0.3,110.71,32.866,39.928,12.35,22.1,4,0.39,0.49
2025-07-15T20:32:38.821,-0.05,0.24,-0.01,295.88,32.8728,39.9447,11.63,24.4,4,0.67,0.26
2025-07-15T20:32:39.832,-0.87,-0.1,0.21,55,32.8922,39.949,12.28,17.9,3,0.62,0.08
2025-07-15T20:32:40.848,-0.21,-0.5,0.46,208.35,32.8676,39.9462,11.62,18.7,1,0.37,0.01
2025-07-15T20:32:41.863,-0.69,-0.17,-0.86,339.52,32.8583,39.9107,12.7,28.1,3,0.32,0.35
2025-07-15T20:32:42.878,-0.78,0.01,0.71,278.47,32.8944,39.9399,12.4,29,3,0.2,0.67
2025-07-15T20:32:43.894,-0.56,-0.86,0.91,88.7,32.8884,39.9228,12.33,27.9,3,0.55,0.45
2025-07-15T20:32:44.906,-0.81,-0.63,0,174.98,32.8516,39.9179,12.12,29.4,3,0.95,0.96
2025-07-15T20:32:45.906,0.06,-0.13,0.96,301.34,32.8504,39.9225,12.27,22.9,3,0.99,0.38
2025-07-15T20:32:46.922,-0.93,0.12,0.6,206.93,32.8542,39.912,12.13,29.8,2,0.33,0.65
2025-07-15T20:32:47.942,-0.51,0.82,0.1,92.8,32.8722,39.9153,12.44,22.8,3,0.92,0.24
2025-07-15T20:32:48.964,-0.17,0.49,-0.06,127.98,32.8639,39.9198,11.66,23,4,0.34,0.55
2025-07-15T20:32:49.976,-0.7,-0.13,-0.36,350.71,32.8553,39.939,12.57,15.7,3,0.16,0.92
2025-07-15T20:32:50.992,-0.4,-0.71,-0.02,123.17,32.8591,39.922,11.66,24.2,1,0.91,0.12
2025-07-15T20:32:51.993,-0.19,0.95,0.67,154.58,32.8561,39.9307,11.86,26.9,4,0.59,0.27
2025-07-15T20:32:53.016,0.36,0.23,0.58,349.49,32.8503,39.9158,12.7,18.4,3,0.67,0.43
2025-07-15T20:32:54.028,-0.73,0.43,-0.92,337.42,32.8585,39.9239,11.65,29.6,4,0.91,0.83
2025-07-15T20:32:55.036,-0.22,-0.04,-0.98,6.85,32.8741,39.9365,11.99,28.9,5,0.35,0.76
2025-07-15T20:32:56.049,-0.58,-0.44,0.21,343.88,32.8904,39.936,12.18,28,5,0.11,0.42
2025-07-15T20:32:57.063,-0.67,0.75,-0.58,196.42,32.8961,39.9218,12.62,25.2,2,0.4,0.92
2025-07-15T20:32:58.080,-0.74,0.17,0.58,178.2,32.8664,39.9037,12.37,26.8,5,0.49,0.38
2025-07-15T20:32:59.084,0.24,0.54,-0.56,40.44,32.8827,39.9082,12.75,16.5,2,0.26,0.77
2025-07-15T20:33:00.102,0.84,0.16,-0.71,142.03,32.886,39.9486,11.61,26.4,1,0.32,0.82
2025-07-15T20:33:01.108,0.39,-0.7,-0.64,324.22,32.8533,39.9156,12.3,16,5,0.76,0.63
2025-07-15T20:33:02.114,-0.61,0.26,0.88,211.55,32.8687,39.9315,12.46,24.3,4,0.3,0.11
2025-07-15T20:33:03.125,-0.39,0.39,-0.45,40.26,32.894,39.9233,11.67,29.9,1,0.6,1
2025-07-15T20:33:04.139,0.49,-0.97,0.97,102.31,32.8501,39.9303,12.19,23.8,5,0.72,0.02
2025-07-15T20:33:05.147,0.71,-0.7,0.17,110.13,32.8672,39.9395,12.21,15.9,3,0.56,0.3
2025-07-15T20:33:06.155,-0.15,-0.25,-0.15,8.19,32.8844,39.9313,12.56,21.4,5,0.58,0.87
2025-07-15T20:33:07.162,-0.78,-0.05,0.45,312.72,32.8657,39.9322,11.68,19.6,5,0.04,0.71
2025-07-15T20:33:08.164,0.27,-0.78,-0.72,240.51,32.8793,39.936,11.68,25.2,3,0.72,0.51
2025-07-15T20:33:09.176,-0.28,0.63,-0.38,273.51,32.8621,39.9446,12.42,26.9,1,0.16,0.24
2025-07-15T20:33:10.194,-0.61,-0.89,0.6,283.26,32.8596,39.9223,11.79,29.1,3,0.14,0.39
2025-07-15T20:33:11.211,0.34,0.72,-0.73,319.57,32.8777,39.9254,11.78,20,2,0.66,0
2025-07-15T20:33:12.220,-0.5,0.88,0.61,238.09,32.8994,39.9462,12.32,24,5,0.36,0.28
2025-07-15T20:33:13.234,-0.97,-0.37,-0.93,192.75,32.8657,39.9131,11.68,16.2,5,0.18,0.13
2025-07-15T20:33:14.249,-0.94,0.26,-0.38,101.74,32.8589,39.9302,12.53,26.3,5,0.06,0.56
2025-07-15T20:33:15.262,0.72,-0.92,-0.66,160.92,32.8848,39.9267,12.39,24,5,0.67,0.57
2025-07-15T20:33:16.276,0.75,-0.58,-0.36,230.78,32.8995,39.9296,12.76,27.2,5,0.34,0.99
2025-07-15T20:33:17.287,-0.42,-0.41,-0.84,203,32.8898,39.9186,12.35,28.8,5,0.37,0.01
2025-07-15T20:33:18.297,0.88,0.22,0.95,215.86,32.8865,39.9198,12.76,15.4,3,0.83,0.63
2025-07-15T20:33:19.318,-0.09,0.28,-0.89,216.18,32.8737,39.9296,12.16,21.7,1,0.23,0.69
2025-07-15T20:33:20.330,0.63,-0.99,-0.33,44.07,32.8977,39.9171,12.71,27.7,3,0.32,0.86
2025-07-15T20:33:21.353,0.51,0.55,-0.04,52.68,32.8855,39.9158,12.7,23.8,2,0.98,0.46
2025-07-15T20:33:22.354,0.45,0.6,-0.27,229.22,32.8502,39.9056,12.64,16.4,4,0.07,0.17
2025-07-15T20:33:23.378,-0.54,0.14,-0.99,229.96,32.8647,39.9402,12.56,27.6,2,0.1,0.91
2025-07-15T20:33:24.394,0.79,0.83,-0.88,291.09,32.8987,39.9276,11.97,27.7,2,0.93,0.33
2025-07-15T20:33:25.406,-0.92,0.56,0.36,285.04,32.8676,39.9256,11.5,24.9,4,0.71,0.65
2025-07-15T20:33:26.421,-0.44,-0.94,-0.04,190.28,32.8587,39.905,12.05,22.5,3,0.9,0.97
2025-07-15T20:33:27.433,-0.39,0.22,0.61,307.56,32.8841,39.9005,12.38,17.8,1,0.22,0.3
2025-07-15T20:33:28.442,-0.07,0.43,-0.13,212.81,32.8772,39.9164,12.54,21,1,0.45,0.1
2025-07-15T20:33:29.458,0.24,-0.44,-0.44,115.16,32.8952,39.9018,12.48,17.1,4,0.82,0.32
2025-07-15T20:33:30.468,0.11,0.93,-0.28,285.38,32.8529,39.9339,12.45,19.8,2,0.71,0.27
2025-07-15T20:33:31.475,0.43,0.02,-0.01,333.99,32.8755,39.9265,12.54,15.6,3,0.51,0.91
2025-07-15T20:33:32.489,0.66,-0.98,-0.3,342.3,32.8901,39.9403,11.81,15.9,2,0.25,0.2
2025-07-15T20:33:33.509,-0.25,-0.73,0.99,63.38,32.8714,39.9384,12.7,28.5,4,0.93,0.61
2025-07-15T20:33:34.519,-0.45,0.84,-0.22,229.09,32.8991,39.9322,12.4,20,5,0.65,0.15
2025-07-15T20:33:35.530,-0.94,0.87,-0.48,201.72,32.8925,39.9462,12.67,15.7,1,0.83,0.93
2025-07-15T20:33:36.537,0.98,-0.44,0.36,273.12,32.8579,39.9338,12.71,16.9,4,0.8,0.54
2025-07-15T20:33:37.547,-0.67,0.41,0.2,218.64,32.8679,39.9145,11.58,23.2,2,0.94,0.25
2025-07-15T20:33:38.551,0.19,-0.25,0.62,281.79,32.8938,39.9035,11.85,28.7,5,0.29,0.33
2025-07-15T20:33:39.564,-0.48,0.87,0.54,221.15,32.8523,39.9391,11.92,26.5,2,0.94,0.55
2025-07-15T20:33:40.575,-0.19,0.68,-0.05,121.31,32.853,39.9081,12.41,28.4,2,0.64,0.57
2025-07-15T20:33:41.580,0.7,-0.12,-0.43,161.98,32.8883,39.9096,11.64,23.8,2,0.27,0.99
2025-07-15T20:33:42.588,0.38,-0.43,0.79,114.34,32.8922,39.9205,12.62,27.7,1,0.3,0.86
2025-07-15T20:33:43.601,0.18,-0.84,0.7,66.42,32.8692,39.948,11.83,24.4,3,0.54,0.98
2025-07-15T20:33:44.604,-0.9,-0.9,0.25,203.09,32.8843,39.9231,12.53,20.2,2,0.42,0.76
2025-07-15T20:33:45.618,0.7,-0.62,-0.87,156.71,32.8862,39.9457,12.33,28.4,3,0.17,0.06
2025-07-15T20:33:46.634,-0.08,-0.58,0.47,136.97,32.8625,39.9483,12.15,26,1,0.7,0.14
2025-07-15T20:33:47.652,0.99,-0.17,0.23,277.28,32.8961,39.9417,11.68,25.2,4,0.87,0.98
2025-07-15T20:33:48.667,0.81,0,-0.06,84.86,32.8536,39.9483,11.59,18,4,0.43,0.26
2025-07-15T20:33:49.666,0.87,0.41,0.02,156.1,32.8895,39.9365,12.12,21.2,5,0.73,0.34
2025-07-15T20:33:50.682,-0.96,-0.94,0.37,210.66,32.9,39.9222,12.54,29.3,2,0.5,0.72
2025-07-15T20:33:51.711,-0.27,-0.17,-0.46,217.63,32.8604,39.9302,12.58,19,3,0.08,0.36
2025-07-15T20:33:52.716,0.07,0.97,0.85,3.11,32.8643,39.9285,12.18,21.7,5,0.89,0.7
2025-07-15T20:33:53.738,0.45,0.7,-0.9,115.04,32.8808,39.9216,12.2,16.6,3,0.45,0.75
2025-07-15T20:33:54.761,-0.85,0.03,0.83,194.56,32.8528,39.9266,12.14,28.8,2,0.92,0.83
2025-07-15T20:33:55.762,0.68,0.54,0.51,57.66,32.8738,39.9163,12.59,26.1,2,0.17,0.34
2025-07-15T20:33:56.772,-0.74,0.75,0.85,284.72,32.8718,39.9249,12.01,22.4,2,0.11,0.51
2025-07-15T20:33:57.789,0.78,-0.12,-0.05,206.01,32.86,39.9296,11.74,24.9,4,0.59,0.23
2025-07-15T20:33:58.800,-0.87,0.35,-0.14,288.05,32.8553,39.913,11.88,19.3,3,0.33,0.18
2025-07-15T20:33:59.824,0.83,-0.81,0.08,299.45,32.9,39.9319,12.56,25.7,4,0.79,0.45
2025-07-15T20:34:00.841,-0.4,0.98,-0.75,4,32.8595,39.9168,12.33,19.1,5,0.77,0.38
2025-07-15T20:34:01.855,0.79,-0.3,-0.82,27.66,32.885,39.9313,11.87,25.4,4,0.36,0
2025-07-15T20:34:02.859,0.21,0.88,-0.84,296.92,32.8823,39.9061,12.38,26.1,1,0.45,0.97
2025-07-15T20:34:03.877,-0.47,-0.81,-0.16,241.96,32.8749,39.9092,12.17,21.7,3,0.18,0.69
2025-07-15T20:34:04.893,-0.62,0.47,-0.36,214.47,32.8715,39.9365,11.96,18.1,4,0.67,0.41
2025-07-15T20:34:05.909,0.34,-0.37,0.56,68.48,32.8588,39.9446,11.96,15.3,3,0.59,0.78
2025-07-15T20:34:06.926,0.28,0.13,-0.84,184.62,32.877,39.9334,11.78,19.3,5,0.99,0.9
2025-07-15T20:34:07.942,-0.49,0.24,-0.96,27.04,32.8852,39.9222,12.39,26.2,3,0.83,0.47
2025-07-15T20:34:08.954,0.41,-0.81,0.1,2.62,32.895,39.9045,11.82,26,5,0.8,0.47
2025-07-15T20:34:09.971,-0.12,-0.75,-0.74,276.67,32.892,39.9109,12.37,20.3,2,0.93,0.69
2025-07-15T20:34:10.985,0.46,0.7,0.74,89.38,32.8674,39.9119,11.67,16,2,0.53,0.4
2025-07-15T20:34:11.996,0.53,0.79,-0.35,193.6,32.8598,39.9136,12.75,20.5,2,0.55,0.03
2025-07-15T20:34:12.997,-0.54,0.85,0.76,151.57,32.8845,39.9147,12.75,19.1,4,0.84,0.23
2025-07-15T20:34:14.030,0.52,-0.69,-0.38,336.41,32.8853,39.9468,12.55,17,1,0.4,0.63
2025-07-15T20:34:15.043,0.58,0.32,0.73,136.63,32.8867,39.9192,12.32,20.5,4,0.75,0.09
2025-07-15T20:34:16.052,0.48,0.66,0.44,223.11,32.8613,39.9079,11.79,18.9,3,0.48,0.02
2025-07-15T20:34:17.067,0.53,-0.47,-0.95,249.67,32.8516,39.9045,12.09,20.2,3,0.24,0.81
2025-07-15T20:34:18.085,-0.52,-0.5,0.71,134.79,32.8755,39.926,11.57,25.9,3,0.62,0.48
2025-07-15T20:34:19.100,0.06,-0.9,0.67,159.01,32.8877,39.9339,12.69,21.1,3,0.67,0.32
2025-07-15T20:34:20.113,0.04,-0.54,-0.14,36.25,32.8623,39.9445,12.47,23.5,3,0.11,0.48
2025-07-15T20:34:21.127,0.22,0.32,-0.54,334.47,32.8921,39.901,11.64,25,5,0.42,0.21
2025-07-15T20:34:22.144,-0.36,-0.52,0.59,64.58,32.868,39.9093,11.97,25.1,4,0.5,0.92
2025-07-15T20:34:23.162,0.36,0.22,0.77,70.66,32.8549,39.9147,12.05,29.9,5,0.85,0.08
2025-07-15T20:34:24.178,0.52,-0.45,0.46,13.98,32.851,39.9013,12.36,23.7,1,0.32,0.42
2025-07-15T20:34:25.191,-0.79,-0.02,-0.35,330.45,32.8784,39.9206,12.68,16.3,5,0.46,0.17
2025-07-15T20:34:26.208,-0.35,0.4,0.27,316.37,32.8517,39.9101,12.43,18.9,5,0.49,0.27
2025-07-15T20:34:27.221,0.91,0.24,-0.94,281.64,32.8669,39.9314,11.8,16.6,3,0.14,0.75
2025-07-15T20:34:28.236,0.35,-0.32,-0.4,227.18,32.8793,39.9205,12.78,25,2,0.15,0.64
2025-07-15T20:34:29.246,0.82,0.3,0.78,81.21,32.8631,39.9352,11.51,19.1,1,0.94,0.39
2025-07-15T20:34:30.264,-0.74,0.36,-0.95,325.18,32.8588,39.9113,12.32,15.3,1,0.62,0.24
2025-07-15T20:34:31.282,0.17,-0.03,0.21,29.21,32.888,39.9306,12.11,28.8,4,0.98,0.87
2025-07-15T20:34:32.288,0.15,0.6,-0.53,272.06,32.8572,39.9036,12.45,25.6,5,0.94,0.98
2025-07-15T20:34:33.307,0.74,0.46,-0.19,143.01,32.8886,39.9132,11.75,26.9,5,0.95,1
2025-07-15T20:34:34.323,0.02,0.33,-0.56,195.15,32.8781,39.9333,12.66,18.9,5,0.32,0.81
2025-07-15T20:34:35.326,-0.11,-0.48,-0.06,215.69,32.8769,39.9013,11.92,22.1,1,0.12,0.22
2025-07-15T20:34:36.338,0.74,-0.29,-0.13,194.45,32.871,39.9229,12.24,29.2,1,0.41,0.66
2025-07-15T20:34:37.351,0.14,0.39,-0.26,284.26,32.865,39.9302,11.79,19.8,4,0.19,0.13
2025-07-15T20:34:38.365,-0.59,-0.74,-0.13,136.05,32.8961,39.9462,11.98,26.8,2,0.45,0.85
2025-07-15T20:34:39.379,-0.27,-0.54,0.16,13.8,32.8501,39.9017,12.69,25.2,1,0.95,0.13
2025-07-15T20:34:40.402,-0.64,-0.04,0.56,273.9,32.8979,39.9339,11.71,28.2,4,0.26,0.44
2025-07-15T20:34:41.407,-0.65,-0.83,-0.34,146.09,32.8668,39.9073,11.87,15.6,2,0.89,0.41
2025-07-15T20:34:42.425,-0.26,-0.68,-0.22,92.47,32.855,39.93,12.16,21.4,4,0.95,0.11
2025-07-15T20:34:43.447,0.6,0.25,0.21,74.35,32.8738,39.9016,11.99,28,1,0.69,0.44
2025-07-15T20:34:44.450,0.37,0.95,-0.26,239.32,32.8928,39.9275,12.46,27.2,4,0.34,0.45
2025-07-15T20:34:45.467,0.28,-0.35,-0.21,136.05,32.8951,39.9472,12,20.1,3,0.38,0.09
2025-07-15T20:34:46.483,-0.66,-0.53,-0.11,328.88,32.8705,39.9081,11.92,19.6,4,0.13,0.55
2025-07-15T20:34:47.502,0.5,-0.69,-0.91,349.08,32.8949,39.9219,11.99,15.5,2,0.93,0.24
2025-07-15T20:34:48.516,0.87,-0.04,0.29,3.83,32.854,39.9024,12.14,29.8,3,0.12,0.97
2025-07-15T20:34:49.529,0.06,-0.02,-0.34,351.27,32.8762,39.9338,12.35,17.1,4,0.52,0.31
2025-07-15T20:34:50.544,0.24,0.02,0.61,340.9,32.852,39.9297,11.59,27.1,5,0.7,0.63
2025-07-15T20:34:51.556,-0.72,-0.7,-0.82,248.28,32.8689,39.9262,12.49,26.2,4,0.84,0.29
2025-07-15T20:34:52.573,0.14,0.87,0.86,287.32,32.8853,39.9454,11.81,18.6,5,0.93,0.14
2025-07-15T20:34:53.587,0.48,0.92,-0.89,124.19,32.8972,39.91,12.11,26.3,3,0.05,0.08
2025-07-15T20:34:54.602,-0.23,-0.93,0.16,239.4,32.8906,39.9227,12.13,25.4,3,0.74,0.85
2025-07-15T20:34:55.615,-0.03,-0.19,0.55,244.65,32.898,39.9128,11.6,18,5,0.34,0.3
2025-07-15T20:34:56.630,-0.83,-0.68,-0.3,284.84,32.8773,39.9405,11.53,28.2,1,0.67,0.11
2025-07-15T20:34:57.645,-0.63,0.59,-0.42,348.97,32.859,39.9312,12.23,26.2,3,0.74,0.11
2025-07-15T20:34:58.652,0.58,-0.22,-0.57,347.63,32.8755,39.921,12.11,23.1,4,0.18,1
2025-07-15T20:34:59.669,0.87,-0.97,0.31,264.74,32.8842,39.9302,12.36,21,2,0.21,0.78
2025-07-15T20:35:00.669,0.99,-0.67,-0.36,168.33,32.8801,39.9167,12.64,18.4,2,0.73,0.34
2025-07-15T20:35:01.681,-0.32,0.4,-0.92,6.32,32.8753,39.9162,12.51,26.6,4,0.47,0.9
2025-07-15T20:35:02.709,0.08,-0.76,-0.8,192.36,32.8588,39.9481,12.78,25.3,2,0.13,0.82
2025-07-15T20:35:03.724,0.47,-0.45,-0.86,312.14,32.8506,39.9481,12.72,21.8,4,0.08,0.28
2025-07-15T20:35:04.736,-0.18,-0.58,0.65,271.89,32.8895,39.9483,12.08,23.3,2,0.82,0.2
2025-07-15T20:35:05.749,0.23,0.19,-0.46,52.85,32.8512,39.9492,11.66,26.8,3,0.52,0.95
2025-07-15T20:35:06.759,0.21,-0.33,0.73,239.12,32.8568,39.9019,11.51,23.1,5,0.46,0.78
2025-07-15T20:35:07.771,-0.89,-0.78,-0.82,221.23,32.8674,39.9077,11.52,27.2,2,0.63,0.57
2025-07-15T20:35:08.787,0.72,0.61,0.35,131.8,32.8906,39.9004,11.7,22.6,1,0.86,0.77
2025-07-15T20:35:09.801,0.28,-0.44,0.72,225.77,32.899,39.9238,12.41,15.9,3,0.38,0.15
2025-07-15T20:35:10.813,0.33,0.39,-0.43,4.93,32.8992,39.9446,11.54,18.5,2,0.56,0.76
2025-07-15T20:35:11.830,0.22,0.92,-0.59,144.72,32.8611,39.948,12.04,29.5,5,0.62,0.75
2025-07-15T20:35:12.836,-0.88,-0.82,-0.25,113.82,32.8624,39.9068,12.72,21.7,4,0.27,0.64
2025-07-15T20:35:13.857,-0.8,-0.62,0.44,46.45,32.8779,39.9302,11.57,29.5,3,0.71,0.17
2025-07-15T20:35:14.867,0.27,-0.39,-0.11,170.05,32.8617,39.9241,12.35,17.9,1,0.19,0.08
2025-07-15T20:35:15.884,-0.28,0.52,0.96,299.78,32.8871,39.9396,12.03,16.1,1,0.37,0.36
2025-07-15T20:35:16.898,0.72,-0.83,-0.95,249.66,32.8506,39.9178,12.66,16.9,2,0.58,0.68
2025-07-15T20:35:17.916,0.1,0.01,0.73,105.81,32.8724,39.9493,11.93,20.9,1,0.29,0.16
2025-07-15T20:35:18.923,-0.41,-0.84,-0.71,126.12,32.8876,39.9256,12.21,18.6,5,0.09,0.03
2025-07-15T20:35:19.937,0.97,-0.62,-0.42,281.65,32.8594,39.9061,12.52,17.9,5,0.97,0.41
2025-07-15T20:35:20.956,0.56,-0.2,-0.7,67,32.8781,39.9267,11.68,18.9,1,0.6,0.3
2025-07-15T20:35:21.966,0.53,0.53,0.92,315.22,32.8779,39.9132,11.9,29.9,2,0.53,0.67
2025-07-15T20:35:22.981,0.87,0.39,0,37.12,32.8617,39.9216,11.57,18.8,3,0.82,0.37
2025-07-15T20:35:23.997,0.64,-0.14,0.7,52.8,32.8737,39.9483,11.58,28.4,1,0.54,0.12
2025-07-15T20:35:25.011,-0.08,-0.19,-0.59,13.5,32.8942,39.9121,12.36,19.8,3,0.7,0.42
2025-07-15T20:35:26.011,-0.56,0.26,-0.22,38.68,32.8533,39.9166,12.56,18,1,0.92,0.03
2025-07-15T20:35:27.039,0.86,-0.05,0.14,194.19,32.8618,39.9122,12.33,16.3,2,0.13,0.78
2025-07-15T20:35:28.038,-0.07,-0.28,-0.45,21.84,32.895,39.94,12.41,15.2,1,0.94,0.18
2025-07-15T20:35:29.051,0.26,-0.17,-0.34,354.02,32.879,39.9249,11.59,28.3,5,0.01,0.45
2025-07-15T20:35:30.081,0.42,0.2,0.2,36.3,32.8776,39.927,12.23,19.6,5,0.61,0.69
2025-07-15T20:35:31.079,-0.55,-0.92,0.82,38.43,32.8693,39.9093,12.49,23.2,4,0.16,0.24
2025-07-15T20:35:32.108,0.09,-0.67,-0.9,112.97,32.8742,39.9186,11.75,30,1,0.91,0.62
2025-07-15T20:35:33.121,-0.71,-0.23,-0.33,199.93,32.8869,39.937,11.75,15.8,1,0.34,0.75
2025-07-15T20:35:34.136,0.18,-0.53,0.28,120.51,32.8977,39.9405,12.29,23.8,5,0.72,0.42
2025-07-15T20:35:35.149,-0.9,-0.83,-0.16,13.98,32.8608,39.9184,12.08,21.1,2,0.08,0.48
2025-07-15T20:35:36.161,0.69,-0.75,-0.34,48.07,32.858,39.9349,12.66,24.9,2,0.33,0.5
2025-07-15T20:35:37.161,0.92,-0.68,0.54,150.96,32.8857,39.9239,12.45,24.5,2,0.98,0.57
2025-07-15T20:35:38.191,-0.84,0.44,-0.47,122.31,32.8763,39.9082,11.75,16.4,3,0.88,0.27
2025-07-15T20:35:39.192,0.35,-0.74,-0.26,39.16,32.8765,39.9028,12.25,20.4,3,0.44,0.68
2025-07-15T20:35:40.209,-0.54,-0.7,0.33,149.37,32.8847,39.9053,12.35,21.4,1,0.19,0.54
2025-07-15T20:35:41.231,0.03,-0.44,0.41,211.91,32.8882,39.9099,12.76,25.9,3,0.69,0.73
2025-07-15T20:35:42.253,0.94,-0.21,0.32,146.99,32.8576,39.9142,12.02,17.2,4,0.62,0.65
2025-07-15T20:35:43.257,-0.05,-0.79,-0.49,240.18,32.8704,39.9437,12.11,19.3,1,0.4,0.69
2025-07-15T20:35:44.268,-0.21,-0.94,-0.79,187.41,32.8513,39.9283,12.16,28.9,2,0.14,0.22
2025-07-15T20:35:45.283,-0.7,0.4,0.38,280.13,32.878,39.9414,12.44,19.2,1,0.28,0.54
2025-07-15T20:35:46.291,1,0.42,-0.19,259.22,32.8521,39.9003,12.57,23.1,5,0.22,0.89
2025-07-15T20:35:47.308,-0.11,-0.91,0.81,308.06,32.8955,39.943,12.06,19.2,1,0.63,0.18
2025-07-15T20:35:48.322,0.13,0.34,-0.9,101.29,32.8689,39.932,11.62,25.8,4,0.78,0.01
2025-07-15T20:35:49.333,0.41,0.54,-0.31,123.21,32.8659,39.9272,11.86,17.2,1,0.64,0.57
2025-07-15T20:35:50.350,0.77,-0.72,0.52,354,32.8924,39.937,12.43,16,4,0.42,0.3
2025-07-15T20:35:51.365,-0.59,0.26,0.75,93.58,32.8861,39.9064,12.41,26.7,2,0.34,0.03
2025-07-15T20:35:52.374,0.44,0.53,-0.63,30.03,32.8598,39.9053,12.1,24.5,3,0.73,0.66
2025-07-15T20:35:53.391,0.4,-0.71,0.1,9.79,32.866,39.9081,11.75,24.3,1,0.89,0.23
2025-07-15T20:35:54.401,0.93,-0.79,-0.27,239.65,32.8842,39.9082,12.04,21.1,5,0.7,0.47
2025-07-15T20:35:55.419,-0.73,0.84,0.58,42.43,32.8939,39.9132,12.07,15.7,4,0.09,0.27
2025-07-15T20:35:56.431,-0.51,-0.52,-0.57,182.65,32.8815,39.9318,12.77,26.1,4,0.59,0.68
2025-07-15T20:35:57.444,-0.47,0.2,-0.41,301.48,32.8862,39.9379,12.19,23,3,0.01,0.48
2025-07-15T20:35:58.448,-0.91,0.12,0.21,189.72,32.8922,39.9407,11.65,16.4,3,0.64,0.77
2025-07-15T20:35:59.477,-0.53,0.27,-0.35,49.01,32.8649,39.9128,12.23,19.2,1,0.37,0.73
2025-07-15T20:36:00.490,-0.31,-0.67,0.12,152.42,32.8512,39.9286,11.94,28.8,2,0.68,0.58
2025-07-15T20:36:01.491,0.71,0.12,-0.65,295.39,32.8855,39.921,11.56,16.9,4,0.27,0.86
2025-07-15T20:36:02.519,0.77,-0.2,-0.82,186.42,32.8505,39.9135,12.29,20.4,3,0.28,0.03
2025-07-15T20:36:03.535,0.89,0.64,-0.15,238.31,32.8991,39.9191,11.5,22.5,4,0.6,0.49
2025-07-15T20:36:04.548,-0.71,-0.07,0.1,212.17,32.8979,39.9395,12.3,25.1,3,0.86,0.04
2025-07-15T20:36:05.559,-0.25,0.52,0.16,169.09,32.8765,39.9408,12.79,26,3,0.63,0.31
2025-07-15T20:36:06.572,0.46,0.15,0.01,114.39,32.8916,39.9468,12.53,22.4,2,0.2,0.65
2025-07-15T20:36:07.586,0.73,0.34,0.91,298.25,32.8779,39.9103,11.89,25,5,0.27,0.26
2025-07-15T20:36:08.603,0.54,-0.64,0.88,165.36,32.874,39.9321,12.65,29.1,2,0.53,0.94
2025-07-15T20:36:09.613,0.22,-0.47,-0.51,210.18,32.8988,39.9194,12.07,30,1,0.73,0.81
2025-07-15T20:36:10.625,0.56,-0.47,-0.59,290.33,32.884,39.914,11.68,18.2,3,0.39,0.37
2025-07-15T20:36:11.638,-0.92,0.78,-0.97,233.96,32.8531,39.9084,12.63,27,1,0.66,0.68
2025-07-15T20:36:12.651,-0.03,-0.16,0.39,352.51,32.8948,39.9224,12.33,29.6,5,0.51,0.43
2025-07-15T20:36:13.666,0.98,0.39,-0.21,92.86,32.8907,39.9094,11.91,15.6,5,0.48,0.95
2025-07-15T20:36:14.682,-0.71,-0.68,-0.17,213.89,32.865,39.9353,12.7,29.1,3,0.43,0.29
2025-07-15T20:36:15.694,0.22,-0.5,0.48,224.93,32.8639,39.931,12.32,16.3,3,0.08,0.03
2025-07-15T20:36:16.708,-0.2,-0.06,0.62,163.12,32.8546,39.9351,12.72,23.1,3,0.46,0.53
2025-07-15T20:36:17.719,-0.4,0.29,-0.3,185.83,32.8657,39.907,12.59,24.4,4,0.79,0.01
2025-07-15T20:36:18.732,-0.49,-0.56,-0.89,41.3,32.897,39.9379,11.71,26.6,2,0.31,0.36
2025-07-15T20:36:19.733,0.69,-0.48,0.59,155.33,32.8665,39.9242,11.82,19.9,5,0.76,0.93
2025-07-15T20:36:20.747,-0.7,0.31,0.45,320.61,32.8641,39.9039,12.58,22.7,5,0.07,0.98
2025-07-15T20:36:21.775,0.01,-0.71,-0.26,349.72,32.867,39.9169,11.68,21.2,2,0.1,0.86
2025-07-15T20:36:22.790,-0.54,0.28,0.01,251.35,32.8789,39.9029,12.25,19.3,3,0.54,0.71
2025-07-15T20:36:23.807,-0.31,0.26,-0.42,27.21,32.8657,39.9451,11.65,25.7,3,0.83,0.94
2025-07-15T20:36:24.808,0.95,0.12,0.58,31.22,32.8992,39.9084,11.95,26.7,4,0.78,0.72
2025-07-15T20:36:25.822,0.71,0.61,0.01,143.1,32.8685,39.9229,11.62,27.6,4,0.02,0.1
2025-07-15T20:36:26.843,0.85,0.68,-0.78,194.84,32.8971,39.9057,12.09,27.6,3,0.47,0.71
2025-07-15T20:36:27.852,-0.96,0.81,-0.99,18.79,32.8917,39.9113,12.75,23.2,5,0.47,0.63
2025-07-15T20:36:28.867,-0.04,-0.62,0.39,84.61,32.8539,39.9328,11.71,22.9,5,0.7,0.78
2025-07-15T20:36:29.887,-0.87,-0.29,-0.92,256.5,32.8868,39.9374,11.8,28.2,1,0.47,0.51
2025-07-15T20:36:30.900,0.48,-0.48,0.32,53.05,32.8889,39.9048,12.03,21.8,5,0.5,0.91
2025-07-15T20:36:31.899,0.22,0.53,-0.51,284.56,32.8873,39.9103,12.53,23.8,5,0.22,0.82
2025-07-15T20:36:32.920,0.54,0.32,-0.02,198.78,32.8577,39.9349,12.61,24.5,5,0.15,0.5
2025-07-15T20:36:33.941,-0.07,0.78,-0.78,64.92,32.8886,39.9406,11.87,22,1,0.7,0.94
2025-07-15T20:36:34.957,-0.62,0.54,-0.33,160.01,32.854,39.9443,12.58,29.8,3,0.77,0.54
2025-07-15T20:36:35.969,-0.61,0.09,-0.54,317.29,32.885,39.9163,11.6,20,2,0.69,0.73
2025-07-15T20:36:36.980,-0.97,-0.12,-0.96,147.74,32.8789,39.9413,12.28,15.8,4,0.59,0.32
2025-07-15T20:36:37.989,0.25,0.68,0.27,98.81,32.8936,39.9143,12.18,15.6,2,0.29,0.59
2025-07-15T20:36:39.004,0.32,-0.31,-0.91,130.21,32.863,39.9074,11.7,18,2,0.75,0.42
2025-07-15T20:36:40.017,-0.22,0.23,-0.11,146.77,32.8813,39.9492,12.45,21.2,5,0.24,0.31
2025-07-15T20:36:41.031,-0.08,-0.58,0.14,300.63,32.8963,39.9495,12.8,26.1,4,0.83,0.12
2025-07-15T20:36:42.047,-0.27,0.52,-0.12,296.5,32.8641,39.9372,12.77,25.4,2,0.56,0.19
2025-07-15T20:36:43.062,-0.94,-0.53,-0.01,349.83,32.8624,39.9091,12.6,26.1,2,0.3,0.94
2025-07-15T20:36:44.072,0.19,0.15,0.1,8.92,32.889,39.9274,11.72,29.7,2,0.54,0.03
2025-07-15T20:36:45.095,-0.92,0.29,-0.15,199.26,32.8905,39.9147,11.65,15.7,5,0.59,0.32
2025-07-15T20:36:46.103,-0.31,0.12,-0.97,119.39,32.8717,39.9047,12.63,17.1,4,0.05,0.16
2025-07-15T20:36:47.112,0.69,-0.57,0.55,209.26,32.8752,39.9058,12.02,24.5,2,0.25,0.67
2025-07-15T20:36:48.127,0.65,0.24,0.53,43.5,32.853,39.9202,11.55,17.2,3,0.73,0.27
2025-07-15T20:36:49.145,-0.98,-0.7,-0.51,312.25,32.8602,39.9111,11.64,23.3,2,0.68,0.77
2025-07-15T20:36:50.159,0.23,-0.82,0.34,139.16,32.8684,39.9189,11.68,19.5,3,0.21,0.7
2025-07-15T20:36:51.171,0.87,0.31,-0.23,74.01,32.8718,39.9048,12.52,22.4,4,0.96,0.61
2025-07-15T20:36:52.183,0.12,-0.96,-0.33,201.18,32.8893,39.9463,11.94,25.5,5,0.13,0.43
2025-07-15T20:36:53.205,-0.92,0.47,-0.53,184.7,32.8805,39.9236,11.75,17.2,4,0.53,0.14
2025-07-15T20:36:54.213,-0.31,0.37,0.68,77.21,32.8641,39.9411,11.88,25.4,5,0.53,0.69
2025-07-15T20:36:55.229,-0.19,0.43,-0.53,19.68,32.8689,39.9127,11.95,18.9,4,0.43,0.76
2025-07-15T20:36:56.246,-0.06,-0.62,0.97,94.26,32.8878,39.938,12.51,17.2,3,0.71,0.42
2025-07-15T20:36:57.259,-0.29,0.85,0.84,35.4,32.8751,39.9168,12.09,15.8,1,0.44,1
2025-07-15T20:36:58.271,-0.5,0.93,0.53,173.29,32.8987,39.9259,12.8,26,4,0.07,0.78
2025-07-15T20:36:59.287,0.31,0.53,-0.46,115.14,32.8891,39.911,12.14,18.3,1,0.52,0.82
2025-07-15T20:37:00.300,0.51,-0.04,-0.02,103.83,32.8608,39.9155,11.79,28.8,3,0.54,0.84
2025-07-15T20:37:01.314,-0.92,0.74,0.8,126.76,32.8877,39.9297,12.12,17.6,1,0.22,0.59
2025-07-15T20:37:02.327,-0.27,0.8,-0.7,143.29,32.8621,39.9218,12.31,16.2,3,0,0.48
2025-07-15T20:37:03.340,-0.67,-0.02,0.95,216.06,32.8958,39.906,11.74,25.9,5,0.7,0.46
2025-07-15T20:37:04.357,-0.28,0.3,-0.29,119.19,32.8971,39.9461,12.08,17.5,4,0.23,0.31
2025-07-15T20:37:05.368,-0.84,-0.77,0.16,261.87,32.8844,39.9404,12.12,16.2,2,0.26,0.18
2025-07-15T20:37:06.388,-0.39,0.43,-0.58,4.03,32.8514,39.9489,12.12,24.6,3,0.96,0.75
2025-07-15T20:37:07.398,0.84,-0.33,0.16,306.64,32.8998,39.908,11.75,21.7,4,0.35,0.77
2025-07-15T20:37:08.411,0.99,-0.45,0.99,16.45,32.854,39.9399,12.51,21.1,1,0.31,0.99
2025-07-15T20:37:09.428,-0.49,-0.47,0.57,121.94,32.8608,39.9274,12.18,26.6,4,0.62,0.21
2025-07-15T20:37:10.439,0,0.17,0.54,124.9,32.858,39.9338,12.39,20.9,5,0.21,0.93
2025-07-15T20:37:11.453,-0.2,-0.13,-0.44,148.51,32.8994,39.9428,11.73,15.9,2,0.25,0.16
2025-07-15T20:37:12.464,0.49,-0.41,0.59,272.67,32.8733,39.9075,12.79,23.5,3,0.46,0.38
2025-07-15T20:37:13.477,-0.05,-0.79,-0.65,116.51,32.8828,39.9138,11.59,26,4,0.69,0.01
2025-07-15T20:37:14.488,0.84,-0.27,0.49,85.62,32.8721,39.9329,11.95,16.4,1,0.19,0.94
2025-07-15T20:37:15.503,0.59,-0.46,-0.77,68.47,32.8536,39.9243,12.76,15.1,4,0.84,0.62
2025-07-15T20:37:16.516,0.22,-0.36,0.18,117.19,32.8536,39.9433,11.88,17.8,4,0.09,0.17
2025-07-15T20:37:17.539,-0.29,-0.58,0.06,263.87,32.8628,39.9031,12.56,20,1,0.67,0.11
2025-07-15T20:37:18.552,0.62,0.2,-0.48,335.74,32.8955,39.9391,12.34,23.9,3,0.49,0.79
2025-07-15T20:37:19.565,-0.86,0.17,-0.13,31.29,32.9,39.9454,11.59,29.9,4,0.89,0.52
2025-07-15T20:37:20.581,-0.31,0.55,0.09,185.22,32.8921,39.9431,12.6,16.6,4,0.71,0.2
2025-07-15T20:37:21.599,-0.48,0.89,0.24,312.29,32.8893,39.9486,12.69,22.9,5,0.45,0.95
2025-07-15T20:37:22.613,0.63,-0.96,0.04,30.97,32.8515,39.925,12.53,25.5,4,0.18,0.81
2025-07-15T20:37:23.627,-0.85,0.73,0.88,72.59,32.8768,39.9334,11.87,23.5,3,0.86,0.54
2025-07-15T20:37:24.648,-0.6,-0.31,-0.13,158.08,32.8787,39.9154,11.72,28.1,4,0.01,0.68
2025-07-15T20:37:25.645,-0.49,-0.13,-0.83,297.71,32.8912,39.9278,11.8,19.6,2,0.68,0.65
2025-07-15T20:37:26.668,0.31,0.31,-0.48,84.51,32.8799,39.9443,11.79,25.2,2,0.65,0.34
2025-07-15T20:37:27.673,-0.01,0.63,0.46,319.07,32.8798,39.9194,12.72,19.2,1,0.45,0.22
2025-07-15T20:37:28.689,0.44,0,-0.44,217.69,32.8561,39.9274,12.43,17.8,3,0.68,0.39
2025-07-15T20:37:29.699,-0.05,-0.11,0.65,275.75,32.8993,39.9443,12.33,18.9,5,0.84,0.14
2025-07-15T20:37:30.711,0.62,-0.56,-0.41,120.67,32.892,39.9334,12.57,23.1,2,0,0.4
2025-07-15T20:37:31.726,-0.39,0.34,-0.21,175.73,32.8728,39.9473,12.61,19.1,5,1,0.35
2025-07-15T20:37:32.740,-0.13,-0.4,0.39,22.82,32.8822,39.939,12.68,29.9,5,0.07,0.47
2025-07-15T20:37:33.755,-0.22,-0.72,0.22,226.24,32.8912,39.9385,12.5,22.7,4,0.83,0.32
2025-07-15T20:37:34.763,-0.31,-0.09,-0.75,56.53,32.8791,39.9022,11.59,22.2,5,0.1,0.47
2025-07-15T20:37:35.778,-0.46,0.15,0.63,268.01,32.8899,39.9468,12.32,20.4,1,0.93,0.32
2025-07-15T20:37:36.790,-0.02,-0.93,0.72,268.08,32.8869,39.9119,11.66,22.6,1,0.34,0.63
2025-07-15T20:37:37.801,-0.81,-0.05,-0.13,268.25,32.8878,39.9209,12.29,24.8,3,0.51,0.09
2025-07-15T20:37:38.810,-0.47,-0.35,-0.39,126.93,32.8583,39.9395,12.36,16.8,3,0.63,0.95
2025-07-15T20:37:39.824,-0.57,-0.43,-0.68,130.18,32.8801,39.9482,12.74,18.9,5,0.13,0.66
2025-07-15T20:37:40.836,-0.54,-0.13,-0.91,79.15,32.8552,39.9292,12.1,15.2,4,0.38,0.39
2025-07-15T20:37:41.852,0.59,-0.41,-0.42,179.49,32.8789,39.9039,11.63,23.7,3,0.77,0.95
2025-07-15T20:37:42.876,-0.27,0.89,-0.04,167.82,32.8977,39.9403,12.39,16.3,4,0.1,0.81
2025-07-15T20:37:43.878,0.97,0.07,0.1,60.91,32.8911,39.9177,11.59,29.7,2,0.53,0.23
2025-07-15T20:37:44.905,0.98,-0.71,-0.57,330.27,32.8925,39.9356,11.71,27.3,5,0.73,0.8
2025-07-15T20:37:45.912,-0.05,0.03,-0.66,228.98,32.8964,39.9238,12.03,29.1,5,0,0.87
2025-07-15T20:37:46.922,-0.13,0.6,-0.22,319.62,32.8852,39.9407,12.18,28.5,5,0.41,0.61
2025-07-15T20:37:47.929,0.45,-0.93,-0.62,33.03,32.8966,39.9468,11.9,21.6,4,0.95,0.22
2025-07-15T20:37:48.946,-0.05,-0.97,0.74,201.54,32.8806,39.9153,12.46,20.2,5,0.25,0.41
2025-07-15T20:37:49.956,-0.64,-0.51,0.01,310.9,32.8844,39.9165,12.29,15.5,5,0.63,0.6
2025-07-15T20:37:50.968,0.65,-0.96,-0.13,5.67,32.8789,39.937,12.63,29.6,4,0.91,0.27
2025-07-15T20:37:51.973,-0.08,-0.25,-0.19,125.82,32.8629,39.9385,12.78,18.5,5,0.84,0.04
2025-07-15T20:37:53.000,0.65,-0.19,-0.05,328.2,32.8785,39.9048,11.7,28.7,5,0.52,0.8
2025-07-15T20:37:54.003,-0.74,0.66,-0.94,70.11,32.8604,39.9397,12.25,22.5,5,0.63,0.82
2025-07-15T20:37:55.015,-0.76,-0.19,-0.48,36.91,32.8635,39.9075,12.22,15.4,5,0.05,0.63
2025-07-15T20:37:56.024,0.49,0.46,-0.29,190.93,32.8825,39.9142,11.95,17.4,2,0.67,0.6
2025-07-15T20:37:57.042,0.75,-0.27,-0.1,204.48,32.8721,39.9191,11.85,22,3,0.77,0.16
2025-07-15T20:37:58.053,0.54,-0.86,-0.52,21.27,32.8791,39.927,12.33,21.4,5,0.24,0.72
2025-07-15T20:37:59.068,-0.6,-0.83,-0.76,184.2,32.8938,39.9333,11.93,17.5,4,0.8,0.91
2025-07-15T20:38:00.087,0.18,0.46,0.62,193.43,32.8967,39.9454,12.77,17.1,3,0.56,0.51
2025-07-15T20:38:01.095,0.49,0.58,-0.31,258.73,32.8778,39.9417,12.09,21,3,0.85,0.09
2025-07-15T20:38:02.108,-0.65,0.04,0.04,246.53,32.8959,39.9161,11.58,18.6,2,0.95,0.4
2025-07-15T20:38:03.120,0.81,-0.14,0.79,151.86,32.883,39.9291,11.51,18.2,1,0.07,0.42
2025-07-15T20:38:04.145,0.66,-0.97,0.99,316.03,32.8637,39.906,12.3,25.9,5,0.76,0.93
2025-07-15T20:38:05.148,-0.95,-0.03,0.37,194.93,32.8681,39.9381,12.04,15.3,4,0.83,0.63
2025-07-15T20:38:06.161,-0.28,-0.84,-0.07,225.98,32.8667,39.9158,11.97,17.4,1,1,0.84
2025-07-15T20:38:07.184,-0.63,0.83,-0.65,1.19,32.8737,39.921,11.83,25.8,3,0.57,0.4
2025-07-15T20:38:08.187,0.78,-0.32,0.37,89.69,32.8838,39.9464,11.97,16.6,5,0.06,0.11
2025-07-15T20:38:09.198,-0.61,-0.57,0.06,343.42,32.8992,39.9059,11.76,21.4,5,0.72,0.46
2025-07-15T20:38:10.222,0.26,-0.08,-0.73,39.69,32.8661,39.9143,11.63,20.4,1,0.93,0.2
2025-07-15T20:38:11.235,-0.48,0.39,-0.11,150.84,32.8904,39.945,11.92,19.6,2,0.77,0.72
2025-07-15T20:38:12.234,-0.72,0.7,0.04,300.42,32.8585,39.9105,12.72,21,1,0.99,0.66
2025-07-15T20:38:13.246,0.75,0.26,-0.84,255.69,32.8921,39.9472,12.29,19.2,3,0.39,0
2025-07-15T20:38:14.275,-0.33,-0.15,-0.59,266.11,32.8555,39.9319,11.88,15.7,1,0.22,0.44
2025-07-15T20:38:15.269,-0.22,-0.41,0.3,5.9,32.8935,39.9389,12.54,25.9,3,0.2,0.87
2025-07-15T20:38:16.294,0.06,-0.04,-0.41,90.77,32.8575,39.9271,12.68,23.3,4,0.27,0.4
2025-07-15T20:38:17.299,-0.34,-0.63,0.67,103.23,32.8894,39.946,12.44,24.6,2,0.79,0.77
2025-07-15T20:38:18.301,-0.5,0.62,-0.38,326.81,32.8679,39.9019,12.53,23.7,2,0.97,0.18
2025-07-15T20:38:19.310,-0.91,-0.11,-0.57,304.65,32.8703,39.9229,12.3,18,1,0.85,0.02
2025-07-15T20:38:20.324,-0.28,0.49,-0.03,14.01,32.8501,39.9208,12.32,16.5,3,0.22,0.14
2025-07-15T20:38:21.341,-0.43,0.14,0.61,67.46,32.8507,39.9033,11.93,15,2,0.79,0.31
2025-07-15T20:38:22.351,0.94,0.84,-0.06,295.21,32.8635,39.9093,11.77,16.7,4,0.48,0.07
2025-07-15T20:38:23.359,-0.88,0.33,-0.38,31.37,32.8647,39.9388,12,17.7,3,0.61,0.92
2025-07-15T20:38:24.377,-0.75,-0.07,-0.99,269.25,32.8871,39.9188,11.81,18,5,0.48,0.24
2025-07-15T20:38:25.389,-0.9,0.35,-0.95,86.89,32.8927,39.9087,11.84,21,1,0.04,0.06
2025-07-15T20:38:26.403,-0.02,-0.12,-0.28,345.17,32.882,39.9204,12.33,19.9,3,0.38,0.26
2025-07-15T20:38:27.411,-0.3,-0.84,0.3,76.26,32.8578,39.9072,11.89,25.8,4,0.89,0.51
2025-07-15T20:38:28.423,-0.31,-0.96,-0.7,322.6,32.8651,39.9417,12.38,23.9,4,0.56,0.32
2025-07-15T20:38:29.412,0.34,-0.15,0.24,150.21,32.8823,39.9281,12.26,23.1,1,0.58,0.24
2025-07-15T20:38:30.436,-0.12,-0.03,-0.9,165.01,32.8948,39.9463,12.71,20.4,1,0.47,0.69
2025-07-15T20:38:31.434,0.97,0.64,-0.15,146.42,32.8547,39.916,11.79,27.2,2,0.13,0.56
2025-07-15T20:38:32.453,-0.31,0.71,-0.72,82.59,32.8798,39.9087,12.43,28.5,3,0.81,0.82
2025-07-15T20:38:33.464,-0.63,0.52,0.22,70.4,32.8512,39.9012,11.66,26.1,3,0.83,0.45
2025-07-15T20:38:34.477,-0.22,-0.21,0.22,162.07,32.8686,39.9228,12.71,20,5,0.42,0.46
2025-07-15T20:38:35.479,0.94,-0.27,0.09,322.95,32.8554,39.9166,11.65,24.9,2,0.97,0.78
2025-07-15T20:38:36.525,0.37,0.64,-0.95,290.94,32.862,39.916,12.7,29.5,4,0.07,0.15
2025-07-15T20:38:37.492,-0.86,0.86,0.46,211.56,32.8699,39.9243,12.46,26.4,2,0.35,0
2025-07-15T20:38:38.512,-0.91,0.93,0.83,215.25,32.8623,39.9058,12.23,24.1,2,0.06,0.44
2025-07-15T20:38:39.521,0.23,0.14,-0.16,322.45,32.8886,39.942,12.1,19.8,5,0.83,0.95
2025-07-15T20:38:40.533,-0.93,-0.31,0.56,45.02,32.8825,39.9189,11.96,25.4,2,0.82,0.01
2025-07-15T20:38:41.548,-0.85,-0.12,-0.22,314.04,32.8638,39.9378,12.25,15,3,0.15,0.9
2025-07-15T20:38:42.552,-0.52,-0.69,-0.11,193.69,32.8965,39.9293,12.34,16.7,5,0.94,0.05
2025-07-15T20:38:43.569,-0.36,-0.33,-0.38,290.67,32.8929,39.9342,12.78,24.2,5,0.27,0.98
2025-07-15T20:38:44.579,-0.65,0.82,-0.11,182.97,32.8749,39.9278,11.74,25,5,0.42,0.21
2025-07-15T20:38:45.585,-0.3,-0.37,0.5,333,32.8758,39.9194,12.05,21.1,1,0.85,0.42
2025-07-15T20:38:46.591,-0.51,-0.34,0.25,336.11,32.8501,39.9102,11.52,25.5,5,0.28,0.53
2025-07-15T20:38:47.612,-0.54,-0.27,-0.03,156.66,32.8716,39.936,11.68,28.2,3,0.47,0.86
2025-07-15T20:38:48.620,-0.18,0.29,0.72,5.69,32.8968,39.9069,12.24,18.5,1,0.01,0.19
2025-07-15T20:38:49.630,0.63,-0.2,-0.75,62.74,32.8512,39.916,12.74,20,4,0.13,0.58
2025-07-15T20:38:50.644,-0.47,-0.16,-0.77,284.79,32.8821,39.9282,12.21,28.4,4,0.46,0.54
2025-07-15T20:38:51.651,-0.99,-0.09,0.64,47.84,32.8819,39.9192,11.83,25.6,5,0.57,0.36
2025-07-15T20:38:52.662,0.44,0.18,0.59,221.89,32.8741,39.9476,12.49,18.3,1,0.17,0.69
2025-07-15T20:38:53.680,0.24,-0.73,-0.82,34.8,32.8687,39.927,12.51,22.1,5,0.96,0.35
2025-07-15T20:38:54.678,-0.23,-0.47,0.27,178.21,32.8561,39.907,12.4,22.5,2,0.71,0.63
2025-07-15T20:38:55.690,-0.49,0.34,-0.45,65.7,32.8686,39.9187,11.79,22.8,1,0.99,0.71
2025-07-15T20:38:56.715,-0.19,0.83,0.9,239.91,32.8754,39.9199,11.85,16.6,3,0.49,0.15
2025-07-15T20:38:57.724,-0.93,-0.08,0.66,272.88,32.8743,39.9004,12.58,15.5,4,0.5,0.12
2025-07-15T20:38:58.737,0.09,-0.07,0.32,103.7,32.8645,39.9322,12.33,19.5,5,0.07,0.38
2025-07-15T20:38:59.750,0.77,0.11,0.15,182.75,32.8592,39.9107,11.75,15,5,0.74,0.8
2025-07-15T20:39:00.745,-0.08,-0.28,-0.5,315.18,32.8514,39.9204,11.65,18.4,2,0.74,0.62
2025-07-15T20:39:01.773,-0.82,0.86,0.65,21.55,32.8865,39.9353,11.98,21.6,4,0.97,0.69
2025-07-15T20:39:02.784,-0.38,-0.04,-0.42,31.69,32.8935,39.9344,12.61,17.7,5,0.31,0.64
2025-07-15T20:39:03.794,-0.56,-0.49,-0.44,358.27,32.8522,39.9297,12.06,29.8,4,0.43,0.09
2025-07-15T20:39:04.807,0.25,0.03,0.89,140.64,32.8557,39.9395,11.71,26.8,4,0.78,0.01
2025-07-15T20:39:05.830,-0.85,0.51,0.29,47.84,32.8981,39.9018,12.22,20,3,0.67,0.63
2025-07-15T20:39:06.842,0.13,0.59,0.09,102.8,32.8897,39.9386,11.54,21.2,3,0.74,0.52
2025-07-15T20:39:07.855,0.8,0.2,0.65,20.44,32.888,39.9441,11.72,25.8,5,0.49,0.18
2025-07-15T20:39:08.867,0.63,-0.89,-0.81,116.99,32.8849,39.9296,11.92,23.7,2,0.48,0.61
2025-07-15T20:39:09.879,0.08,-0.83,-0.75,205.4,32.8668,39.9064,12.77,24.4,1,0.41,0.9
2025-07-15T20:39:10.894,0.25,0.03,-0.52,130.63,32.8719,39.9112,11.91,20.8,2,0.84,0.79
2025-07-15T20:39:11.890,-0.16,0.45,0.65,19.95,32.8727,39.9459,11.56,25.8,2,0.74,0.29
2025-07-15T20:39:12.909,0.93,-0.18,-0.72,67,32.865,39.9478,12.79,16.2,4,0.8,0.6
2025-07-15T20:39:13.917,-0.75,-0.23,-0.21,2.91,32.8913,39.927,11.69,15.3,2,0.65,0.73
2025-07-15T20:39:14.936,0.26,0.92,-0.9,250.81,32.8602,39.9403,12.2,16.2,3,0.76,0.34
2025-07-15T20:39:15.938,-0.55,-1,-0.09,349.87,32.8722,39.9404,11.54,26.8,1,0.14,0.47
2025-07-15T20:39:16.941,0.62,0.67,-0.28,26.19,32.8754,39.9193,12.06,24.3,3,0.31,0.48
2025-07-15T20:39:17.959,-0.51,-0.94,0.06,269.57,32.8974,39.9086,12.04,21.9,4,0.25,0.58
2025-07-15T20:39:18.967,-0.4,-0.08,-0.22,63.25,32.8747,39.9301,12.74,17.3,5,0.03,0.14
2025-07-15T20:39:19.970,0.27,-0.03,-0.19,207.76,32.8509,39.9077,12.23,26.5,3,0.08,0.4
2025-07-15T20:39:20.983,0.39,-0.57,0.06,197.69,32.8552,39.9225,11.62,16.4,1,0.33,0.48
2025-07-15T20:39:21.989,0.41,-0.68,-0.43,148.67,32.8688,39.9044,12.16,27.8,5,0.3,0.32
2025-07-15T20:39:23.001,-0.22,0.17,0.85,179.23,32.8691,39.9311,11.81,24.3,5,0.57,0.53
2025-07-15T20:39:24.004,0.59,-0.89,-0.99,181.87,32.8988,39.9075,12.55,19,5,0.74,0.39
2025-07-15T20:39:25.019,-0.77,-0.62,-0.39,106.5,32.8624,39.9053,12.48,16.7,2,0.04,0.04
2025-07-15T20:39:26.035,0.85,0.14,-0.94,310.03,32.8926,39.9138,12.24,20.4,5,0.08,0.19
2025-07-15T20:39:27.043,0.32,0.37,-0.81,326.96,32.8755,39.908,12.67,26.2,4,0.19,0.72
2025-07-15T20:39:28.045,0.39,-0.41,-0.34,223.8,32.8903,39.9059,11.94,24.6,5,0.27,0.93
2025-07-15T20:39:29.044,0.95,0.21,0.34,198.43,32.8653,39.9046,11.55,23,1,0.5,0.11
2025-07-15T20:39:30.071,-0.68,-0.55,0.02,268.73,32.8714,39.9129,11.55,27.7,4,0.77,0.17
2025-07-15T20:39:31.074,0.87,0.17,-0.37,146.33,32.8659,39.9293,12.41,24.5,5,0.55,0.04
2025-07-15T20:39:32.080,0.7,0.19,0.8,201.06,32.8821,39.949,12.42,20.1,4,0.95,0.24
2025-07-15T20:39:33.094,-0.05,-0.8,0.29,191.05,32.8916,39.9496,12.5,27.7,5,0.56,0.78
2025-07-15T20:39:34.099,-0.77,-0.96,0.81,353.85,32.887,39.9398,11.63,17,1,0.46,0.67
2025-07-15T20:39:35.111,-0.36,0.6,0.11,153.56,32.8574,39.9474,11.85,21.5,2,0.4,0.79
2025-07-15T20:39:36.109,-0.68,0.51,-0.57,209.25,32.8776,39.9483,12.03,24.6,3,0.01,0.73
2025-07-15T20:39:37.123,-0.12,-0.39,-0.51,131.76,32.8508,39.9227,12.65,26.2,4,0.47,0.15
2025-07-15T20:39:38.137,-0.29,0.24,0.33,266.4,32.8981,39.9366,12.23,27,2,0.78,0.17
2025-07-15T20:39:39.144,0.38,-0.48,-0.94,166.47,32.8554,39.9496,12.5,22.4,1,0.78,0.68
2025-07-15T20:39:40.143,0.97,0.16,0.77,217.79,32.8944,39.9046,12.74,20.7,3,0.74,0.16
2025-07-15T20:39:41.155,-0.13,0.03,-0.93,112.51,32.8556,39.947,12.57,21.9,3,0.1,0.93
2025-07-15T20:39:42.172,0.94,-0.12,0.37,227.55,32.8892,39.9145,12.47,25.4,3,0.39,0.37
2025-07-15T20:39:43.179,0.93,0.2,0.95,217.94,32.8632,39.921,11.81,26.5,5,0.19,0.42
2025-07-15T20:39:44.174,0.82,0.53,-0.44,85.78,32.8622,39.9216,12.04,23.3,5,0.36,0.21
2025-07-15T20:39:45.199,0.81,-0.11,-0.34,160.03,32.8826,39.9416,12.08,20,4,0.25,0.88
2025-07-15T20:39:46.201,-0.41,-0.07,0.74,56.86,32.8927,39.9126,12.68,29.4,4,0.55,0.25
2025-07-15T20:39:47.210,0.18,0.8,0.52,236.21,32.8764,39.9303,12.62,15.9,2,0.53,0.43
2025-07-15T20:39:48.213,-0.61,-0.01,0.98,240.26,32.8824,39.903,12.31,28.1,2,0.95,0.23
2025-07-15T20:39:49.211,0.6,-0.65,0.86,194.51,32.8853,39.9425,12.17,29.8,2,0.45,0.09
2025-07-15T20:39:50.235,0.03,0.9,-0.05,279.08,32.8792,39.908,11.69,22.6,3,0.42,0.03
2025-07-15T20:39:51.241,0.38,0.47,0.53,177.6,32.8913,39.9302,11.96,25.4,5,0.85,0.46
2025-07-15T20:39:52.253,0.3,0.47,-0.26,233.84,32.8573,39.916,11.78,23.2,5,0.48,0.45
2025-07-15T20:39:53.257,-0.49,-0.37,-0.43,274.39,32.8854,39.9473,11.8,18.4,4,0.1,0.15
2025-07-15T20:39:54.268,0.41,-0.94,-0.33,70.76,32.8577,39.9045,12.55,29.6,1,0.75,0.86
2025-07-15T20:39:55.270,-0.89,0.54,-0.29,12,32.8785,39.9208,11.54,21.1,2,0.79,0.85
2025-07-15T20:39:56.285,-0.61,0.6,-0.33,192.19,32.8699,39.9399,11.63,28.5,2,0.4,0.75
2025-07-15T20:39:57.293,0.95,-0.43,-0.14,124.34,32.888,39.9209,12.6,20.9,3,0.29,0.77
2025-07-15T20:39:58.303,-0.1,-0.45,0.57,297.87,32.8829,39.9275,11.7,26.8,3,0.91,0.34
2025-07-15T20:39:59.302,0.88,0.72,-0.38,204.26,32.8699,39.9271,11.79,26.4,1,0.72,0.03
2025-07-15T20:40:00.330,-0.83,-0.13,0.42,180.1,32.8535,39.922,12.49,29.5,1,0.23,0.43
2025-07-15T20:40:01.326,0.95,-0.38,-0.8,93.29,32.8919,39.9317,11.92,25.3,1,0.72,0.49
2025-07-15T20:40:02.347,-0.33,0.15,-0.96,223.37,32.8901,39.9119,11.78,17.1,1,0.87,0.18
2025-07-15T20:40:03.350,-0.7,0.62,0.23,54.19,32.8549,39.9355,12.74,22.5,4,0.06,0.26
2025-07-15T20:40:04.351,-0.78,-0.13,0.4,297.81,32.8665,39.9029,12.16,18.2,3,0.46,0.37
2025-07-15T20:40:05.375,-0.12,-0.7,-0.73,344.95,32.861,39.9394,11.78,17.1,2,0.71,0.16
2025-07-15T20:40:06.376,-0.58,-0.06,0.34,319.64,32.8957,39.9188,11.59,19,1,0.59,0.51
2025-07-15T20:40:07.382,-0.4,0.69,-0.74,132.35,32.8904,39.9029,12.07,29.6,1,0.05,0.58
2025-07-15T20:40:08.403,-0.44,-0.36,0.93,1.67,32.8891,39.9137,12.65,18.8,5,0.06,0.28
2025-07-15T20:40:09.412,-0.45,0.84,-0.12,307.89,32.8665,39.9164,12.72,22.2,2,0.61,0.86
2025-07-15T20:40:10.424,-0.87,0.22,-0.24,51.31,32.868,39.9388,12,15.9,1,0.83,0.31
2025-07-15T20:40:11.440,-0.53,0.34,0.2,66.02,32.8708,39.9156,12.71,16.5,3,0.88,0.5
2025-07-15T20:40:12.452,0.86,0.41,0.42,282.45,32.8871,39.9468,12.42,16.9,1,0.13,0.06
2025-07-15T20:40:13.461,0.85,-0.1,0.7,327.02,32.8844,39.9438,12.65,29.5,4,0.65,0.13
2025-07-15T20:40:14.480,0.75,0.95,0.74,230.74,32.8979,39.9016,11.78,16.1,5,0.82,0.49
2025-07-15T20:40:15.494,-0.87,0.29,0.85,271.17,32.8988,39.9367,11.91,24.1,1,0.52,0.35
2025-07-15T20:40:16.504,-0.24,-0.5,-0.96,159.65,32.8775,39.9228,12.38,17.5,4,0.86,0.75
2025-07-15T20:40:17.515,-0.08,-0.17,0.11,127.34,32.8675,39.91,12.13,22,2,0.9,0.21
2025-07-15T20:40:18.529,0.06,0.98,-0.25,351.13,32.8796,39.9032,11.53,16,2,0.58,0.94
2025-07-15T20:40:19.536,-0.1,0.59,0.21,330.44,32.8906,39.9412,12.8,17.9,1,0.43,0.83
2025-07-15T20:40:20.554,-0.44,-0.28,-0.57,174.91,32.8727,39.9012,12.31,24.7,2,0.16,0.85
2025-07-15T20:40:21.575,-0.65,0.25,-0.91,21.77,32.8822,39.9109,12.74,17.7,1,0.12,0.22
2025-07-15T20:40:22.586,-0.07,-0.35,0.49,125.5,32.8722,39.9276,11.99,19.3,4,0.35,0.24
2025-07-15T20:40:23.600,0.74,-0.7,-0.43,149.95,32.8724,39.9456,11.87,18.9,3,0.04,0.92
2025-07-15T20:40:24.611,0.96,-0.21,-0.18,250.19,32.8591,39.9005,12.19,29.5,2,0.11,0.44
2025-07-15T20:40:25.616,0.2,-0.91,-0.54,78.42,32.8775,39.9433,11.62,16.2,4,0.71,0.42
2025-07-15T20:40:26.630,0.92,-0.28,-0.26,166.66,32.8548,39.9069,12.63,21.3,5,0.73,0.62
2025-07-15T20:40:27.653,0.45,-0.76,0.41,240.07,32.8713,39.9279,12.66,27.6,1,0.46,0.71
2025-07-15T20:40:28.651,0.47,0.04,-0.12,289.88,32.8668,39.9254,12.51,21.2,3,0.01,0.73
2025-07-15T20:40:29.674,0.48,0.56,0.36,87.52,32.8929,39.9263,12.58,24.5,3,0.45,0.13
2025-07-15T20:40:30.687,0.26,-0.11,0.46,262.39,32.8853,39.9041,11.99,17.1,2,0.82,0.56
2025-07-15T20:40:31.690,0.51,-0.96,-0.12,320.44,32.8884,39.9183,12.37,19.2,3,0.1,0.04
2025-07-15T20:40:32.715,0.13,0.02,-0.48,331.87,32.8725,39.9136,12.3,25.9,5,0.6,0.67
2025-07-15T20:40:33.727,-0.67,-0.56,0.09,184.77,32.8724,39.9367,11.51,21.8,2,0.18,0.06
2025-07-15T20:40:34.738,0.48,0.61,-0.3,146.42,32.861,39.944,12.19,29,3,0.76,0.41
2025-07-15T20:40:35.749,0.49,-0.57,0.94,337.09,32.8927,39.9171,11.83,18.3,4,0.51,0.88
2025-07-15T20:40:36.762,-0.46,-0.77,0.92,64.57,32.8999,39.9491,12.33,16.4,4,0.72,0.33
2025-07-15T20:40:37.773,0.51,-0.76,-0.42,217.69,32.8945,39.9029,12.43,22.3,5,0.08,0.89
2025-07-15T20:40:38.796,0.75,-0.77,0.11,333.33,32.8539,39.9029,12.61,26.8,1,0.2,0.87
2025-07-15T20:40:39.796,-0.77,-0.76,0.85,49.31,32.8993,39.9007,11.71,23.1,5,0.88,0.73
2025-07-15T20:40:40.821,0.76,-0.22,-0.09,155.08,32.8598,39.921,12.79,25.1,4,0.12,0.92
2025-07-15T20:40:41.832,0.58,-0.46,0.91,174.98,32.886,39.9205,12.47,23.6,1,0.92,0.33
2025-07-15T20:40:42.841,0.11,0.8,0.78,278.04,32.8542,39.9104,12.55,18.9,1,0.13,0.62
2025-07-15T20:40:43.854,0.32,0.85,-0.64,135.93,32.8685,39.9473,12.06,16.7,4,0.2,0.84
2025-07-15T20:40:44.868,-0.14,0.03,-0.34,136.24,32.8637,39.9455,11.59,17.3,3,0.34,0.9
2025-07-15T20:40:45.880,0.46,0.18,0.15,214.83,32.8705,39.9023,11.52,18.4,2,0.23,0.47
2025-07-15T20:40:46.891,-0.27,-0.56,-0.83,27.27,32.8958,39.9153,11.99,22.9,5,0.43,0.66
2025-07-15T20:40:47.906,0.72,-0.88,0.8,164.75,32.8886,39.9128,11.62,21.5,1,0.28,0.4
2025-07-15T20:40:48.917,0.41,0.77,-0.68,282.93,32.8837,39.938,11.86,21.8,2,0.2,0.49
2025-07-15T20:40:49.928,-0.58,0.36,-0.8,79.02,32.8817,39.9217,12.32,18.7,2,0.97,0.25
2025-07-15T20:40:50.950,0,-0.62,-0.46,105.62,32.8692,39.9397,12.65,21.5,4,0.81,0.93
2025-07-15T20:40:51.960,0.72,0.55,-0.52,298.87,32.8765,39.9252,11.89,27.1,4,0.67,0
2025-07-15T20:40:52.965,0.36,0.52,0.25,359.59,32.8507,39.9095,12.29,24,1,0.5,0.41
2025-07-15T20:40:53.988,0.31,0.19,0.9,167.5,32.8581,39.9304,11.67,20,4,0.9,0.18
2025-07-15T20:40:55.001,-0.14,0.97,-0.68,15.07,32.8958,39.9406,12.02,23.6,5,0.61,0.79
2025-07-15T20:40:56.014,-0.33,-0.12,0.41,65.56,32.881,39.9094,11.99,21.4,1,0.53,0.76
2025-07-15T20:40:57.028,-0.17,-0.5,-0.79,255.32,32.881,39.9486,12.16,20,2,0.26,0.31
2025-07-15T20:40:58.037,0.6,0.41,0.06,42.26,32.8834,39.9245,11.96,24.2,4,0.04,0.2
2025-07-15T20:40:59.047,-0.46,0.2,-0.13,18.26,32.883,39.9401,11.69,15.1,4,0.69,0.92
2025-07-15T20:41:00.069,-0.65,0.27,0.63,166.75,32.8921,39.9234,12.27,23.6,5,0.39,0.73
2025-07-15T20:41:01.084,-0.42,-0.89,0.28,313.14,32.8795,39.9033,12.14,22.7,5,0.15,0.7
2025-07-15T20:41:02.086,-0.44,0.78,0.45,52.42,32.8755,39.9349,12.22,23.9,1,0.03,0.77
2025-07-15T20:41:03.114,0.72,0.7,-0.9,163.42,32.8772,39.9186,12.16,21.9,4,0.12,0.94
2025-07-15T20:41:04.125,-0.29,-0.68,-0.84,215.69,32.8588,39.938,12.43,23.7,5,0.07,0.35
2025-07-15T20:41:05.141,-0.95,-0.55,-0.19,355.94,32.8884,39.9464,11.77,25.4,2,0.5,0.72
2025-07-15T20:41:06.145,-0.49,0.03,0.04,132.09,32.8859,39.9423,11.77,28.7,5,0.59,0.94
2025-07-15T20:41:07.162,-0.36,-0.05,0.81,307.94,32.8661,39.9215,12.77,26.2,5,0.78,0.86
2025-07-15T20:41:08.172,0.42,-0.37,0.96,315.19,32.8752,39.9319,12.4,15.4,1,0.46,0.55
2025-07-15T20:41:09.183,0.34,0.66,-0.48,47.06,32.8894,39.9232,11.67,29.5,3,0.09,0.64
2025-07-15T20:41:10.194,-0.28,0.61,0.69,199.02,32.8811,39.9407,12.48,27.1,5,0.61,0.4
2025-07-15T20:41:11.206,-0.82,0.73,0.54,211.27,32.8631,39.9319,12.78,23.5,4,0.64,0.94
2025-07-15T20:41:12.218,-0.58,0.34,0.92,184.04,32.8522,39.9155,11.81,22.2,2,0.61,0.05
2025-07-15T20:41:13.242,-0.77,-0.44,0.08,356.65,32.8714,39.9308,12.02,28.8,3,0.83,0.7
2025-07-15T20:41:14.255,0.84,-0.87,-0.71,102.56,32.8518,39.9175,11.58,24.4,5,0.22,0.73
2025-07-15T20:41:15.253,-0.62,0.14,-0.72,71.59,32.8686,39.9167,11.83,23.4,4,0.77,0.27
2025-07-15T20:41:16.278,-0.6,-0.47,-0.13,295.93,32.8811,39.9349,12,29.1,2,0.63,0.55
2025-07-15T20:41:17.290,-0.24,-0.32,0.46,211.1,32.884,39.912,12.49,15.5,5,0,0.09
2025-07-15T20:41:18.298,-0.62,0.55,-0.75,268.35,32.8788,39.9341,11.78,26.7,2,0,0.34
2025-07-15T20:41:19.307,0.91,-0.95,-0.17,203.13,32.8856,39.9419,12.22,19.6,2,0.04,0.79
2025-07-15T20:41:20.308,0.76,0.37,0.74,215.61,32.8656,39.9104,12.26,26.2,4,0.69,0.49
2025-07-15T20:41:21.326,-0.5,0.99,-0.56,179.12,32.8807,39.9124,11.86,20.4,1,0.57,0.93
2025-07-15T20:41:22.331,0.6,-0.43,-0.26,325.88,32.853,39.9108,12.62,15,3,0.22,0.83
2025-07-15T20:41:23.343,0.43,0.58,0.53,331.42,32.899,39.9135,12.2,22.7,3,0.14,0.33
2025-07-15T20:41:24.355,0.79,0.77,-0.78,61.47,32.8728,39.918,12.18,19.8,4,0.41,0.59
2025-07-15T20:41:25.380,-0.65,-0.74,-0.41,227.57,32.8627,39.9192,12.47,17.5,3,0.4,0.48
2025-07-15T20:41:26.393,-0.16,-0.84,0.52,136.44,32.8871,39.9463,12.47,29.3,2,0.37,0.08
2025-07-15T20:41:27.404,0.98,-0.41,0.66,67.7,32.8869,39.9279,11.97,22.9,3,0.82,0.13
2025-07-15T20:41:28.415,-0.52,0.5,0.72,232.39,32.8655,39.9023,11.72,26.2,4,0.96,0.07
2025-07-15T20:41:29.427,0.42,0.54,-0.13,223.22,32.8665,39.9203,12.05,25.6,5,0.83,0.25
2025-07-15T20:41:30.437,0.46,0.33,0.74,150.59,32.8929,39.9117,11.83,23.9,3,0.33,0.84
2025-07-15T20:41:31.449,-0.92,-0.15,-0.21,236.29,32.8596,39.9334,12.04,16.3,1,0.96,0.98
2025-07-15T20:41:32.458,0.97,0.77,-0.89,356.14,32.8965,39.9321,12.71,27.9,3,0.79,0.36
2025-07-15T20:41:33.468,-0.17,-0.99,-0.64,3.42,32.8578,39.9406,12.12,22,2,0.11,0.41
2025-07-15T20:41:34.494,-0.39,-0.12,-0.26,123.28,32.8699,39.9396,11.86,19.3,5,0,0.96
2025-07-15T20:41:35.506,0.34,0.66,-0.52,18.84,32.8804,39.9223,12.68,25.4,5,0.8,0.35
2025-07-15T20:41:36.514,-0.69,-0.75,0.05,125.77,32.8818,39.9338,11.79,18.3,5,0.74,0.68
2025-07-15T20:41:37.524,0.65,0.45,-0.02,325.74,32.8915,39.9254,12.68,27.1,4,0.56,0.17
2025-07-15T20:41:38.552,0.27,0.17,0.69,306.05,32.8818,39.9161,12.21,27.2,4,0.51,0.76
2025-07-15T20:41:39.563,-0.33,0.69,-0.19,165,32.8671,39.9084,12.17,17.7,5,0.08,0.92
2025-07-15T20:41:40.579,-0.35,-0.92,-0.45,113.26,32.864,39.9289,12.76,20.4,5,0.45,0.27
2025-07-15T20:41:41.588,0.29,-0.66,-0.44,144.16,32.8714,39.9478,12.64,21.7,4,0.09,0.94
2025-07-15T20:41:42.599,0.79,-0.52,0.46,178.72,32.8509,39.93,11.7,18.7,4,0.63,0.82
2025-07-15T20:41:43.608,-0.05,-0.44,-0.41,122.4,32.8616,39.9051,12.1,21.6,2,0.66,0.59
2025-07-15T20:41:44.620,0.75,-0.46,-0.33,57.38,32.8889,39.9035,12.58,28,5,0.37,0.46
2025-07-15T20:41:45.630,-0.35,0.76,-0.72,67.59,32.894,39.937,12.45,16.6,4,0.41,0.43
2025-07-15T20:41:46.636,0.28,0.27,0.73,47.63,32.8513,39.9078,12.57,22.5,3,0.4,0.02
2025-07-15T20:41:47.647,0.69,-0.45,0.98,304.66,32.8853,39.9114,11.84,27.3,3,0.98,0.9
2025-07-15T20:41:48.670,0.9,1,0.34,76.42,32.8807,39.9407,11.78,18.8,3,0.02,0.53
2025-07-15T20:41:49.683,-0.93,0.77,-0.81,143.74,32.8951,39.9274,12.3,16.5,1,0.84,0.91
2025-07-15T20:41:50.692,0.91,-0.49,0.35,168.54,32.8565,39.9364,11.76,27,5,0.58,0.02
2025-07-15T20:41:51.704,-0.58,-0.64,0.78,34.6,32.8958,39.9036,12.68,21.7,4,0.25,0.16
2025-07-15T20:41:52.724,0.32,-0.98,-0.76,27.85,32.873,39.9155,12.1,21.8,4,0.14,0.48
2025-07-15T20:41:53.726,-0.77,0.03,0.19,287.22,32.8973,39.9263,12.42,23.5,4,0.93,0.68
2025-07-15T20:41:54.750,-0.55,0.17,-0.35,167.7,32.8793,39.9447,12.27,16.2,2,0.55,0.06
2025-07-15T20:41:55.760,-0.31,-0.7,-0.5,3.46,32.8848,39.9358,12.79,23.1,1,0.36,0.21
2025-07-15T20:41:56.770,-0.24,-0.25,-0.26,244.13,32.8584,39.9172,12.09,30,4,0.23,0.43
2025-07-15T20:41:57.780,0.64,0.5,0.13,13.02,32.8741,39.9452,12.16,18.9,2,0.89,0.69
2025-07-15T20:41:58.793,0.34,-0.54,0.65,27.85,32.8553,39.9276,11.91,27.8,1,0.87,0.65
2025-07-15T20:41:59.803,-0.51,-0.96,0.55,271.44,32.8617,39.9302,11.72,19,1,0.48,0.81
2025-07-15T20:42:00.810,0.94,-0.34,0.14,153.34,32.8761,39.9045,12.16,28.1,4,0.58,0.59
2025-07-15T20:42:01.819,0.8,-0.83,0.78,271.97,32.8827,39.9242,12.37,29.2,2,0.08,0.26
2025-07-15T20:42:02.843,-0.99,0.87,0.59,173.82,32.8646,39.9412,12.27,28.4,1,0.81,0.91
2025-07-15T20:42:03.854,0.79,0.33,-0.2,243.6,32.8726,39.9462,12.11,26.5,2,0.1,0.01
2025-07-15T20:42:04.867,-0.08,-0.64,0.76,46.58,32.8675,39.9285,12.68,25.5,5,0.52,0.7
2025-07-15T20:42:05.873,-0.71,0,-0.66,79.72,32.8704,39.9128,11.71,20.3,5,0.29,0.69
2025-07-15T20:42:06.884,0.28,0.03,-0.45,67.26,32.8794,39.942,11.57,19.8,4,0.55,0.81
2025-07-15T20:42:07.891,0.09,-0.29,0.55,127.19,32.872,39.913,11.8,25.6,2,0.13,0.43
2025-07-15T20:42:08.901,0.29,0.37,0.75,39.19,32.8749,39.9486,12.64,15.5,1,0.94,0.46
2025-07-15T20:42:09.912,0.8,0.25,-0.87,157.33,32.8772,39.9416,12.46,18.2,5,0.17,0.49
2025-07-15T20:42:10.940,-0.94,0.71,0.29,235.46,32.8552,39.9415,12.61,25,2,0.86,0.5
2025-07-15T20:42:11.947,0.34,-0.89,-0.26,188.48,32.8565,39.9197,11.78,20.3,2,0.54,0.39
2025-07-15T20:42:12.966,-0.89,-0.33,0.48,106.38,32.8645,39.9054,12.26,26.2,2,0.85,0.5
2025-07-15T20:42:13.977,0.16,0.31,0.88,87.44,32.8556,39.926,12.58,26.8,1,0.09,0.14
2025-07-15T20:42:14.989,0.77,-0.4,-0.38,119.84,32.8946,39.9095,11.52,22.2,1,0.41,0.94
2025-07-15T20:42:15.999,-0.81,0.61,-0.61,162.41,32.8516,39.9004,11.95,18.4,5,0.21,0.19
2025-07-15T20:42:17.008,-0.66,-0.8,-0.91,124.91,32.8785,39.9326,11.97,21.1,3,0.7,0.63
2025-07-15T20:42:18.022,-0.24,0.94,-0.97,40.76,32.8869,39.9335,12.33,24,3,0.3,0.09
2025-07-15T20:42:19.034,-0.69,0.67,0.19,57.22,32.8615,39.9075,11.87,25.5,2,0.47,0.65
2025-07-15T20:42:20.053,0.36,0.58,-0.08,267.84,32.8917,39.9079,11.93,21.3,4,0.84,0.19
2025-07-15T20:42:21.054,-0.06,0.79,-0.53,147.09,32.8892,39.9487,12.01,26.4,3,0.39,0.95
2025-07-15T20:42:22.068,0.11,0,-0.73,74.74,32.8687,39.9394,12.64,23.5,2,0.82,0.08
2025-07-15T20:42:23.091,0.3,0.77,-0.09,2.55,32.8897,39.9132,11.64,18.5,1,0.95,0.44
2025-07-15T20:42:24.104,-0.46,-0.29,0.7,332.72,32.8832,39.9444,12.37,29.8,2,0.58,0.27
2025-07-15T20:42:25.113,-0.78,-0.12,-0.38,50.52,32.8692,39.9075,12.28,25.6,1,0.38,0.88
2025-07-15T20:42:26.130,-0.16,0.89,-0.51,323.59,32.8591,39.9343,11.81,28.2,3,0.98,0.22
2025-07-15T20:42:27.134,0.25,0.01,-0.69,165.14,32.8744,39.9195,12.26,15.5,3,0.25,0.26
2025-07-15T20:42:28.156,-0.53,0.42,-0.01,337.71,32.897,39.9006,12.5,19.1,5,0.8,0.42
2025-07-15T20:42:29.166,0.13,-0.85,0.24,135.56,32.8896,39.9159,11.68,20.6,2,0.44,0.78
2025-07-15T20:42:30.178,0.88,-0.97,0.17,255.22,32.8852,39.9287,12.58,29.8,4,0.33,0.14
2025-07-15T20:42:31.190,-0.46,-0.73,0.56,56.74,32.8595,39.9408,12.46,18.4,1,0.69,0.82
2025-07-15T20:42:32.203,-0.06,-0.23,0.9,129.22,32.8837,39.909,12.28,16.5,2,0.06,0.47
2025-07-15T20:42:33.210,0.47,0.12,0.15,7.21,32.8664,39.9372,12.25,25.8,3,0.48,0.09
2025-07-15T20:42:34.225,0.01,-0.25,-0.94,146.84,32.8557,39.923,12.23,18.5,3,0.74,0.51
2025-07-15T20:42:35.229,0.52,-0.45,0.02,269.41,32.8856,39.9459,11.97,23.2,4,0.87,0.1
2025-07-15T20:42:36.238,-0.04,-0.65,0.86,140.27,32.8549,39.9152,11.75,21.4,5,0.56,0.47
2025-07-15T20:42:37.261,-0.77,0.39,0.93,153.3,32.8546,39.949,11.91,29.2,2,0.72,0.51
2025-07-15T20:42:38.265,0.69,0.88,-0.28,195.32,32.8563,39.9074,12.51,28.8,5,0.92,0.03
2025-07-15T20:42:39.275,-0.01,0.09,-0.3,88.65,32.8823,39.9259,11.51,29.8,5,0.44,0.46
2025-07-15T20:42:40.280,-0.4,-0.54,0.72,107.08,32.8891,39.9175,12.05,17.6,4,0.75,0.7
2025-07-15T20:42:41.289,-0.84,0.99,0.47,116.09,32.8908,39.9247,11.8,28.5,5,0.23,0.32
2025-07-15T20:42:42.297,-0.37,-0.5,0.11,77.67,32.8513,39.9043,12.48,16.2,2,0.12,0.54
2025-07-15T20:42:43.303,-0.2,0.84,-0.46,117.63,32.8933,39.9325,12.31,22.6,1,0.37,0.73
2025-07-15T20:42:44.317,-0.09,-0.54,-0.11,354.48,32.8632,39.9384,11.64,27.7,1,0.7,0.25
2025-07-15T20:42:45.328,-0.25,0.65,-0.69,31.07,32.8599,39.9353,11.76,26.8,1,0.59,0.97
2025-07-15T20:42:46.334,0.61,-0.41,-0.72,68.83,32.8703,39.9459,11.83,26.2,3,0.19,0.16
2025-07-15T20:42:47.341,0.18,-0.95,-0.68,308.46,32.8614,39.9351,11.8,17.5,4,0.5,0.14
2025-07-15T20:42:48.350,0.44,-0.07,-0.22,44.64,32.8733,39.9215,11.75,22.4,4,0.47,0.23
2025-07-15T20:42:49.360,0.03,0.07,0.38,328.57,32.8548,39.9171,11.58,28.8,3,0.02,0.61
2025-07-15T20:42:50.368,-0.2,-0.47,0.37,74.02,32.8601,39.9246,11.69,24.7,2,0.76,0.54
2025-07-15T20:42:51.375,0.76,-0.25,-0.2,297.27,32.8582,39.9264,12.3,25.3,5,0.33,0.46
2025-07-15T20:42:52.397,0.9,-0.76,-0.96,218.49,32.879,39.9113,12.74,18.2,1,0.23,0.85
2025-07-15T20:42:53.405,-0.19,-0.8,0.85,35.33,32.9,39.9292,12.3,24.5,1,0.67,0.23
2025-07-15T20:42:54.402,0.67,0.29,-0.38,290.42,32.896,39.9076,12,20.2,2,0.99,0.55
2025-07-15T20:42:55.416,0.26,0.78,0.05,359.69,32.8931,39.9362,11.97,17.5,1,0.55,0.88
2025-07-15T20:42:56.425,0.43,0.01,0.09,303.5,32.8527,39.9057,11.65,29.9,2,0.55,0.61
2025-07-15T20:42:57.432,-0.3,-0.6,0.79,296.02,32.862,39.916,12.57,15.2,2,0.94,0.37
2025-07-15T20:42:58.433,0.51,-0.91,-0.84,79.97,32.8794,39.9017,12.75,18.5,3,0.67,0.07
2025-07-15T20:42:59.443,0.5,0.91,0.51,133.06,32.8644,39.9231,12.35,16.9,3,0.38,0.93
2025-07-15T20:43:00.453,0.55,0.9,0.06,100.61,32.8842,39.9482,12.61,16.3,1,0.54,0.95
2025-07-15T20:43:01.459,-0.29,-0.87,-0.43,125.19,32.8871,39.9191,12.76,25.5,4,0.36,0.92
2025-07-15T20:43:02.477,0.7,-0.42,0.14,130.64,32.8699,39.9418,11.95,21.8,5,0.9,0.73
2025-07-15T20:43:03.478,-0.57,-0.49,-0.13,305.4,32.8628,39.9197,11.83,15.4,1,0.75,0.6
2025-07-15T20:43:04.491,0.94,0.67,0.84,277.82,32.8798,39.9409,11.86,22.1,2,0.05,0.7
2025-07-15T20:43:05.504,-0.93,0.07,0.21,158.03,32.8862,39.9386,11.59,26.5,5,0.89,0.14
2025-07-15T20:43:06.506,-0.62,0.29,0.6,120.81,32.8974,39.9368,11.62,21.4,3,0.63,0.1
2025-07-15T20:43:07.520,0.04,0.36,-0.36,169.66,32.8536,39.9486,11.92,18.7,4,0.4,0.12
2025-07-15T20:43:08.527,-0.52,-0.7,-0.05,124.58,32.858,39.9292,11.77,27.8,1,0.49,0.07
2025-07-15T20:43:09.534,0.62,-0.83,0.78,342.4,32.8967,39.94,12.77,17.8,4,0.48,0.71
2025-07-15T20:43:10.539,-0.24,0.76,-0.39,92.22,32.8619,39.9394,12.65,16.1,5,0.81,1
2025-07-15T20:43:11.559,-0.76,-0.87,-0.29,329.02,32.8859,39.9427,12.09,23.2,1,0.68,0.89
2025-07-15T20:43:12.565,0.56,0.29,0.19,192.27,32.8809,39.9152,12.03,28.6,2,0.02,0.01
2025-07-15T20:43:13.587,0,0.44,0.3,277.61,32.867,39.919,12.62,22.7,2,0.17,0.72
2025-07-15T20:43:14.603,-0.47,0.37,0.92,62.22,32.8611,39.9455,11.75,17.7,3,0.92,0.75
2025-07-15T20:43:15.611,-0.61,-0.3,-0.82,245.92,32.8628,39.9001,12.55,29,4,0.47,0.94
2025-07-15T20:43:16.623,-0.46,0.49,-0.74,182.58,32.8623,39.9045,12.65,16.8,4,0.62,0.79
2025-07-15T20:43:17.629,-0.81,-0.9,0.5,314.84,32.8507,39.9381,12.13,18,3,0.89,0.15
2025-07-15T20:43:18.632,-0.19,0.84,-0.61,102.89,32.8831,39.9188,11.69,29.6,3,0.54,0.54
2025-07-15T20:43:19.639,0.21,0.09,-0.54,145.07,32.8976,39.9063,12.79,24,1,0.3,0.25
2025-07-15T20:43:20.653,-0.96,-0.06,-0.61,30.03,32.8904,39.9355,12.63,23.7,5,0.14,0.76
2025-07-15T20:43:21.660,-0.46,-0.44,-0.61,150.46,32.8872,39.9453,12.07,15.8,5,0.57,0.14
2025-07-15T20:43:22.678,-0.86,-0.17,0.36,109.01,32.8725,39.9239,11.75,24.8,3,0.71,0.81
2025-07-15T20:43:23.673,-0.53,-0.19,-0.83,280.68,32.8535,39.9337,12.43,27.8,2,0.56,0.38
2025-07-15T20:43:24.687,0.05,-0.76,0.84,53.29,32.8566,39.9414,12.6,17.2,4,0.26,0.66
2025-07-15T20:43:25.691,-0.87,0,0.95,86.39,32.8869,39.9222,12.05,16.5,4,0.23,0.61
2025-07-15T20:43:26.699,-0.35,-0.71,0.56,355.24,32.8546,39.9043,12.36,26.7,1,0.6,0.02
2025-07-15T20:43:27.706,-0.79,0.76,-0.68,95.53,32.8883,39.9262,12.06,15.5,1,0.16,0.53
2025-07-15T20:43:28.720,0.86,0.72,0.02,323.76,32.8696,39.9029,12.7,17.8,1,0.17,0.3
2025-07-15T20:43:29.728,0.51,0.69,-0.33,79.1,32.8545,39.9318,12.72,18,3,0.02,0.99
2025-07-15T20:43:30.733,0.68,0.46,-0.42,283.15,32.8501,39.9004,12.09,15.1,1,0.29,0.8
2025-07-15T20:43:31.742,-1,0.71,-0.05,347.75,32.8673,39.9404,11.54,20.9,3,0.67,0.04
2025-07-15T20:43:32.755,0.9,0.87,-0.51,8.52,32.8647,39.9066,11.89,19.8,2,0.48,0.64
2025-07-15T20:43:33.760,-0.98,-0.74,-0.51,164.06,32.8882,39.9394,11.52,28.3,3,0.6,0.1
2025-07-15T20:43:34.768,0.19,-0.09,-0.32,170.83,32.8795,39.934,12.64,16.8,5,0.8,0.07
2025-07-15T20:43:35.779,-0.18,-0.9,-0.5,31.46,32.8937,39.9312,11.91,24,4,0.73,0.67
2025-07-15T20:43:36.782,0.09,-0.42,-0.57,31.09,32.8705,39.9224,12.2,20.3,1,0.42,0.68
2025-07-15T20:43:37.799,0.01,0.47,-0.09,131.67,32.8759,39.926,12,29.9,4,0.41,0.73
2025-07-15T20:43:38.809,0.76,-0.45,0.51,287.95,32.8996,39.9364,12.44,29.8,2,0.23,0.99
2025-07-15T20:43:39.812,-0.14,-0.64,0.19,78.75,32.8585,39.9363,11.5,25.3,4,0.86,0.82
2025-07-15T20:43:40.822,-0.4,0.23,0.27,192.3,32.8636,39.9213,11.87,22.3,5,0.3,0.27
2025-07-15T20:43:41.830,0.69,-0.78,0.92,31.39,32.8577,39.9004,11.85,27.4,3,0.58,0.69
2025-07-15T20:43:42.834,0.42,-0.57,0.45,43.95,32.8647,39.9278,12.78,29.2,3,0.03,0.71
2025-07-15T20:43:43.844,-0.14,0.49,-0.64,35.99,32.8881,39.9333,11.92,19.9,4,0.11,0.54
2025-07-15T20:43:44.855,0.96,0.56,0.76,117.48,32.8954,39.9143,12.7,15.5,5,0.81,0.86
2025-07-15T20:43:45.862,-0.13,0.53,0.38,160.4,32.8972,39.9237,11.99,16.4,4,0.53,0.66
2025-07-15T20:43:46.872,-0.5,-0.53,-0.52,54.08,32.8787,39.9493,12.67,17.1,2,0.24,0.62
2025-07-15T20:43:47.881,0.74,0.22,0.52,67.6,32.876,39.9324,11.69,25.2,2,0.49,0.63
2025-07-15T20:43:48.887,-0.54,-0.02,0.67,174.86,32.896,39.9023,12.14,27.6,5,0.49,0.23
2025-07-15T20:43:49.897,0.35,-0.33,0.27,28.33,32.8867,39.9258,11.94,15.8,5,0.27,0.11
2025-07-15T20:43:50.908,0.52,-0.12,1,26.75,32.8804,39.9107,11.69,23.8,5,0.67,0.95
2025-07-15T20:43:51.916,0.78,-0.71,-0.4,91.36,32.8548,39.9089,11.87,26.1,2,0.55,0.07
2025-07-15T20:43:52.920,0.2,-0.4,-0.25,243.64,32.8778,39.9149,12.27,23.2,2,0.05,0.51
2025-07-15T20:43:53.928,0.33,-0.79,-0.29,8.18,32.8522,39.9259,11.98,28.9,3,0.66,0.15
2025-07-15T20:43:54.939,-0.36,0.77,-0.36,221.44,32.8602,39.9223,12.04,29.6,2,0.3,0.3
2025-07-15T20:43:55.947,0.64,-0.96,-0.65,223.04,32.8815,39.9094,12.65,30,1,0.06,0.76
2025-07-15T20:43:56.957,-0.59,0.09,0.12,193.81,32.878,39.9123,12.39,28.6,5,0.81,0.46
2025-07-15T20:43:57.969,-0.82,-0.01,0.46,60.45,32.8741,39.9464,12.47,29.7,3,0.59,0.67
2025-07-15T20:43:58.979,0.65,0.35,-0.12,111.69,32.8627,39.949,12.03,18.8,2,0.05,0.48
2025-07-15T20:43:59.975,0.4,0.5,-0.63,18.06,32.8657,39.945,12.54,15.8,4,0.07,0.71
2025-07-15T20:44:00.995,0.85,-0.8,-0.06,344.81,32.862,39.9012,11.76,17.9,4,0.79,0.39
2025-07-15T20:44:01.994,0.33,0.71,0.86,162.23,32.8987,39.9337,12.66,24.1,4,0.93,0.59
2025-07-15T20:44:03.005,-0.62,0.87,0.73,318.01,32.8795,39.926,11.93,16.2,5,0.48,0.95
2025-07-15T20:44:04.023,0.13,0.27,-0.43,84.3,32.8986,39.93,11.6,22.9,5,0.29,0.65
2025-07-15T20:44:05.031,0.96,-0.95,-0.17,21.78,32.8914,39.9271,11.68,23.4,4,0.04,0.71
2025-07-15T20:44:06.038,-0.91,-0.09,0.83,42.98,32.8754,39.9145,12.1,21.6,5,0.16,0.99
2025-07-15T20:44:07.038,-0.32,0.33,-0.82,54.51,32.8907,39.9216,12.12,28.9,5,0.39,0.1
2025-07-15T20:44:08.053,0.17,0.51,-0.39,232.84,32.8539,39.9089,12.12,27.4,1,0.07,0.99
2025-07-15T20:44:09.069,0.13,0.98,0.9,331.7,32.871,39.9209,11.72,21.1,3,0.47,0.19
2025-07-15T20:44:10.115,0.81,-0.32,-0.94,33.4,32.8729,39.9399,12.11,29.1,2,0.68,0.77
2025-07-15T20:44:11.129,-0.68,0.03,0.77,16.53,32.867,39.9325,11.58,19.7,2,0.15,0.9
2025-07-15T20:44:12.135,-0.1,0.04,-0.48,65.89,32.8572,39.9175,11.89,20.8,2,0.49,0.76
2025-07-15T20:44:13.148,-0.17,-0.6,-0.67,288.03,32.8719,39.9072,12.79,19.5,4,0.01,0.1
2025-07-15T20:44:14.150,-0.53,0.78,0.95,150.92,32.8669,39.9285,12.04,18.7,5,0.86,0.61
2025-07-15T20:44:15.166,0.22,-0.56,0.63,247.75,32.8509,39.9445,12.16,19.5,3,0.08,0.2
2025-07-15T20:44:16.178,-0.25,-0.89,0.1,80.6,32.8558,39.9402,11.74,25.1,1,1,0.3
2025-07-15T20:44:17.189,-0.43,0.33,0.27,301.2,32.8843,39.9263,12.32,28.4,3,0.63,0.34
2025-07-15T20:44:18.197,-0.55,0.34,-0.41,294.99,32.8756,39.9074,11.63,18.5,4,0.11,0.17
2025-07-15T20:44:19.209,0.76,-0.81,0.22,359.22,32.8793,39.9091,12.2,19.1,5,0.81,0.35
2025-07-15T20:44:20.216,0.14,-0.81,-0.99,114.93,32.8564,39.9335,11.83,26.9,2,0.95,0
2025-07-15T20:44:21.219,-0.55,-0.93,-0.27,261.47,32.8507,39.9287,12.15,21.8,4,0.43,0.63
2025-07-15T20:44:22.238,0.69,0.71,0.72,140.1,32.8508,39.9347,12.34,20,5,0.65,0.64
2025-07-15T20:44:23.239,0.13,0.33,-0.09,147.54,32.8582,39.9168,12.19,21.3,1,0.8,0.16
2025-07-15T20:44:24.266,0.07,-0.66,-0.87,227.05,32.8977,39.919,11.94,27.6,4,0.24,0.63
2025-07-15T20:44:25.276,0.96,0.39,-0.97,126.36,32.8806,39.9389,11.92,29.8,1,0.29,0.15
2025-07-15T20:44:26.284,-0.2,0.67,0.61,127.38,32.8896,39.9216,11.52,27.9,3,0.57,0.2
2025-07-15T20:44:27.292,-0.34,-0.12,0.48,204.23,32.8722,39.9263,11.91,15.9,5,0.9,0.1
2025-07-15T20:44:28.324,-0.7,-0.59,0.53,333.25,32.8855,39.9491,12.73,28.3,4,0.51,0.94
2025-07-15T20:44:29.329,0.68,-0.32,-0.54,346.2,32.8555,39.9004,12.15,24.5,5,0.58,0.43
2025-07-15T20:44:30.326,-0.57,0.52,-0.48,144.26,32.8773,39.9493,12.29,19.6,2,0.02,0.58
2025-07-15T20:44:31.361,0.78,-0.94,-0.39,164.79,32.8777,39.9332,11.63,25.9,5,0.43,0.88
2025-07-15T20:44:32.369,-0.62,0.98,0.82,146.27,32.875,39.924,11.79,25.3,5,0.02,0.29
2025-07-15T20:44:33.377,-0.52,0.92,0.49,314.2,32.8901,39.9427,12.59,20.4,5,0.88,0.47
2025-07-15T20:44:34.390,-0.71,-0.79,0.6,319.19,32.895,39.929,12.6,21.9,3,0.87,0.43
2025-07-15T20:44:35.394,-0.66,-0.58,-0.67,88.03,32.8847,39.9496,12.42,21.7,2,0.82,0.48
2025-07-15T20:44:36.399,0.08,0.75,0.95,284.31,32.8643,39.9442,12.45,18.1,4,0.38,0.79
2025-07-15T20:44:37.416,0.47,-0.52,-0.5,210.1,32.8935,39.9222,12.79,16.2,5,0.21,0.56
2025-07-15T20:44:38.474,0.11,0.26,0.35,300.15,32.8874,39.9017,12.33,27.9,3,0.53,0.51
2025-07-15T20:44:39.472,-0.69,0.96,0.25,258.44,32.8754,39.9348,11.88,26.8,2,0.06,0.18
2025-07-15T20:44:40.478,-0.46,0.74,-0.64,160.39,32.8529,39.9089,12.37,29.3,4,0.37,0.22
2025-07-15T20:44:41.496,-0.65,-0.47,0.91,244.37,32.8634,39.931,11.83,23.8,1,0.28,0.79
